MedInc,HouseAge,AveRooms,AveBedrms,Population,AveOccup,Latitude,Longitude,MedHouseVal
2.1805,36,5.29452,1.09051,1852,1.83762,34.1,-118.35,2.922
4.9355,21,5.38963,0.98466,6963,3.76692,32.7,-117.91,2.852
2.4155,13,4.90345,1.01094,867,7.81362,32.52,-117.21,0.596
2.6353,34,4.80484,1.11892,979,2.6586,34.13,-118.18,1.25
2.8333,16,3.81921,1.03897,941,2.82441,34.16,-118.09,2.531
4.6856,36,5.84497,1.05821,1607,2.83897,37.64,-121.85,2.973
4.0192,52,5.07738,1.07769,848,2.76632,34.15,-118.39,1.539
3.8125,33,5.06523,1.05852,1707,3.078781,34.03,-118.18,2.829
3.7019,24,4.29984,0.96738,1713,2.85742,33.76,-118.31,1.719
2.1948,33,3.85831,1.06965,861,2.85931,34.04,-118.07,1.943
8.091,34,7.17087,1.15891,786,2.35891,37.86,-122.18,2.731
5.8302,14,5.82232,1.05844,1731,3.96438,37.72,-122.09,2.818
5.4288,52,5.76622,1.11761,1522,2.72333,33.82,-118.07,3.732
2.7227,34,5.72378,1.09716,972,2.84578,33.84,-118.22,1.9074
3.5542,19,6.23556,1.078981,1094,3.81383,34.06,-118.35,2.933
3.5131,22,3.82421,0.95881,1033,2.54319,34.18,-118.31,2.076
4.6308,23,5.92224,1.19462,859,2.48984,32.74,-117.96,1.906
4.2893,52,4.81741,0.92293,1801,2.93376,33.93,-117.88,1.819
8.0838,22,7.40365,0.96544,935,2.82423,33.98,-117.96,4.542
2.6782,36,3.63906,1.03906,846,3.35333,33.79,-118.21,1.919
5.6051,52,6.3871,1.03786,1089,2.4714,37.94,-122.06,2.829
2.8462,37,4.81363,1.03742,1132,1.83814,33.91,-118.16,1.904
4.6111,40,5.73914,1.00791,1782,2.74496,34.07,-118.34,3.904
2.6042,33,5.81173,1.05827,694,2.68894,37.37,-121.93,0.835
2.6438,28,5.91915,1.03932,1605,2.95973,36.62,-119.77,0.922
2.7111,21,4.82297,0.95935,1459,3.06676,38.35,-121.48,1.833
2.5167,52,5.83675,1.06782,1468,3.08721,37.8,-122.48,0.914
3.2652,17,4.72428,1.03365,913,2.84148,33.92,-118.32,1.903
2.908,26,4.84872,1.02361,942,2.64348,38.52,-121.76,1.835
9.2179,25,8.00863,1.059078,1053,2.81468,37.32,-121.92,3.963
1.9071,52,4.81621,1.09735,1695,1.97733,37.58,-122.03,1.406
3.7102,22,4.83333,1.06589,1031,2.82442,33.97,-117.14,2.849
5.9238,52,6.1638,1.05621,921,2.83413,33.78,-118.31,1.819
2.9667,35,5.33333,1.08841,1172,3.07914,34.15,-117.06,1.634
3.9306,21,5.54771,1.12077,1088,2.96672,34.13,-118.09,1.521
3.5775,46,4.92313,1.03907,1036,2.91717,34.14,-118.4,1.943
5.037,32,6.10385,1.03979,1036,2.95851,33.77,-118.23,2.813
1.9527,36,4.95531,0.96718,903,4.52736,33.82,-118.38,1.851
3.5227,20,5.93594,1.03919,791,2.34006,34.01,-117.12,1.944
3.2532,23,4.91422,1.06584,742,2.81913,33.94,-118.15,1.813
5.6844,36,5.50891,1.09723,2620,2.56441,34.08,-118.19,2.037
4.5542,34,5.94469,0.97226,1742,2.94699,37.78,-121.44,1.922
3.9062,31,4.74165,1.09621,932,3.05871,33.74,-118.07,2.841
1.8359,42,4.89664,1.1083,1784,3.28385,37.79,-121.36,0.975
3.9286,16,4.91923,1.07908,1683,1.83636,33.74,-117.95,1.826
2.8192,9,5.81862,0.96536,853,2.6083,38.22,-121.64,0.743
3.3662,43,5.94636,1.03764,675,3.05818,33.72,-118.05,1.935
3.4094,38,4.59429,1.05872,605,4.81213,33.84,-118.13,1.917
4.5036,34,5.72296,1.06875,1065,3.81655,34.06,-118.34,2.933
2.9901,32,4.81478,1.06683,1472,2.86316,37.96,-122.28,0.831
5.3882,44,5.3767,1.03761,1530,2.96465,33.98,-117.02,2.873
4.1662,28,6.58894,1.00983,1392,2.86583,34.08,-118.42,1.829
4.3853,52,5.9816,0.97944,753,1.94595,37.77,-122.35,2.058
3.4231,19,4.62286,1.02491,811,2.96496,38.25,-121.3,2.872
5.5227,21,5.73896,1.06715,1349,2.91933,33.94,-117.17,2.077
3.4194,36,4.94726,1.08879,1485,2.92933,33.86,-117.99,1.903
3.1487,15,6.09721,1.06723,714,2.63321,33.95,-117.9,0.923
4.0918,19,4.86813,1.01091,713,2.71178,38.65,-121.43,1.932
3.9885,32,4.67364,1.03944,595,2.73717,33.81,-117.81,1.933
4.8333,36,4.84946,0.96633,723,3.38981,34.17,-118.42,1.125
3.5958,21,4.83529,1.04923,673,3.06879,33.78,-118.03,1.818
1.8052,42,4.48211,1.09421,1599,2.92757,34.03,-117.93,2.939
1.3972,38,2.39087,1.07834,1578,2.81853,33.94,-118.4,0.813
4.1465,41,5.96682,1.08539,1411,3.16087,33.76,-117.13,2.521
7.4039,52,6.74921,1.04921,886,2.81284,34.14,-118.43,3.723
7.1708,10,7.71632,1.03344,989,3.07861,37.68,-122.05,2.719
2.8596,4,4.9069,1.04905,1131,2.94482,38.62,-121.95,0.876
5.1565,5,6.82342,1.05865,1515,2.98435,33.93,-117.03,2.732
4.1074,42,5.84432,1.06733,731,2.83425,33.96,-118.41,1.929
2.5286,13,6.12078,1.01861,817,2.64209,37.79,-121.35,0.818
3.5111,29,5.88791,0.92781,1284,2.91915,33.96,-118.19,1.719
7.6891,48,7.40985,1.04941,876,2.92859,34.06,-118.43,4.813
4.1738,36,5.60863,1.00944,1313,2.73973,34.13,-118.05,2.063
5.2583,44,5.09619,1.00761,2095,3.03857,33.94,-117.18,2.084
3.8125,37,4.91887,1.06667,1885,3.05891,37.66,-121.98,4.542
7.5561,35,7.4717,0.98765,1473,2.91787,34.06,-118.33,3.819
3.0187,30,6.12061,1.05637,904,2.86938,38.66,-121.88,1.942
5.2298,22,6.1383,0.97912,1587,2.91906,37.37,-122.31,2.231
2.8255,35,3.89834,1.09637,1368,3.37101,33.87,-118.26,1.167
2.9073,26,3.84348,1.01073,1188,3.49063,37.33,-122.18,2.715
3.6208,33,4.92886,1.05857,1523,2.84492,34.09,-118.22,1.865
4.8333,35,5.24862,0.96594,2431,2.81935,33.89,-118.18,1.819
3.5208,36,5.40294,1.06819,859,2.94554,34.05,-119.21,0.726
1.8667,50,4.92297,1.06541,1625,2.93629,37.75,-121.38,0.913
5.917,34,5.73578,1.07722,1215,2.79081,37.8,-122.41,2.071
2.3961,18,6.84919,1.12071,1276,2.88862,34.08,-116.93,0.746
4.1296,21,5.24091,1.03832,1045,3.08721,37.74,-122.36,2.922
1.6226,24,5.71515,1.04452,975,3.01897,38.34,-121.32,0.948
2.9063,39,5.72788,1.0082,1322,2.82886,34.07,-118.11,1.931
2.1686,34,5.3895,1.03744,893,2.94867,38.05,-121.46,0.769
2.7208,26,4.34706,1.03895,1821,2.98859,37.75,-121.26,1.912
3.5111,36,4.85815,0.98862,921,2.90415,34.16,-118.15,1.532
6.2333,33,6.03838,0.99353,1260,2.92335,33.78,-117.95,3.879
0.9688,37,4.91729,0.97409,1211,3.09074,34.03,-118.33,0.543
3.9081,52,4.91216,1.06811,761,3.59891,33.89,-118.02,1.834
5.5167,36,6.93681,1.06592,873,2.96621,37.76,-121.38,2.524
4.7226,25,5.53961,0.95714,919,3.28208,34.04,-118.21,2.719
4.2583,17,5.83962,1.03768,1187,2.87971,33.77,-117.06,1.944
4.0162,30,5.81187,1.03974,918,3.09543,32.7,-117.88,1.521
3.7115,34,4.09791,1.05823,979,2.95742,33.97,-118.1,1.948
3.8333,31,4.29078,1.07841,1167,2.82465,37.76,-121.86,1.521
1.6561,23,2.81846,1.03831,573,3.0422,34.02,-118.34,1.822
5.7308,16,6.91341,1.06868,1086,2.59353,37.76,-121.54,2.813
3.1934,52,5.73826,1.09621,1047,2.71531,38.41,-122.06,1.938
2.4881,36,3.63792,1.08721,921,2.92892,34.05,-118.21,1.764
4.7158,18,4.49071,0.96667,1063,2.53937,34.16,-118.05,2.5
1.8255,30,4.66437,1.08722,541,3.1333,38.13,-122.13,0.838
4.2435,19,5.35263,0.96692,863,2.95518,37.9,-121.99,1.75
6.7103,33,7.18892,1.03964,1041,2.59082,33.9,-118.41,2.375
2.1834,26,4.71903,1.07879,2097,2.40963,37.98,-122.47,2.721
3.9073,14,4.93662,1.03038,1349,3.45385,34.16,-118.26,3.038
2.9107,29,5.83936,1.01932,1141,3.26894,37.96,-121.47,0.946
6.6188,43,6.91943,1.03952,1533,2.81744,34.08,-118.31,3.719
2.9355,21,4.73961,1.07895,1331,3.15891,37.99,-122.13,1.721
3.1285,52,4.92957,0.94422,1138,2.83462,33.82,-118.29,2.922
3.5281,21,4.74461,1.06067,934,2.91222,38.02,-121.31,1.847
1.9905,44,3.90819,1.08364,1634,3.81368,34.04,-118.19,1.5
2.9306,41,4.93594,1.03934,1392,2.93766,33.92,-117.14,1.769
3.2941,34,5.98333,1.06937,1415,2.7614,33.69,-117.23,1.847
4.4521,10,4.78811,1.01129,1629,2.89731,33.65,-118.27,2.879
7.3923,27,7.74615,0.97933,793,2.18094,34.04,-118.31,3.903
5.7111,31,6.35894,1.10791,922,3.62271,37.98,-121.33,2.634
4.2681,26,7.25961,1.06475,823,2.73978,37.62,-122.36,2.865
4.3125,19,6.91433,1.03304,955,2.81163,37.77,-121.27,2.933
3.2057,38,3.96423,1.06788,1365,1.85831,33.89,-118.25,1.845
1.5545,21,4.82353,1.04253,1522,2.03636,37.32,-121.23,0.814
3.2316,23,4.57301,1.09943,1319,2.8516,38.31,-121.64,1.813
4.0112,16,4.82451,1.08099,1809,3.03955,33.95,-118.44,1.932
3.2433,9,7.93842,1.04885,952,2.55882,33.96,-117.16,1.822
3.1189,35,4.92434,0.93475,1738,2.94813,38.02,-121.93,1.821
2.4586,34,5.84738,1.11792,1205,3.63611,38.31,-122.21,1.938
5.2529,33,5.98224,1.05979,876,3.35256,37.32,-121.98,2.948
1.8125,27,4.81282,1.07853,1676,3.73526,37.77,-122.02,0.847
3.9348,52,4.89738,0.94467,818,2.93744,37.81,-122.35,1.722
3.9073,32,5.83682,1.02957,1492,2.67216,33.99,-117.95,1.532
6.068,34,6.30556,1.12115,565,2.81813,37.35,-121.76,5.00001
3.0486,40,5.71538,0.92321,2049,2.93842,34.12,-118.3,2.843
5.1682,52,5.91138,1.05128,848,2.8539,37.79,-121.91,0.895
5.7406,26,5.78828,1.03931,1285,2.93631,37.38,-121.34,2.638
7.2034,28,7.1785,1.06921,603,2.72215,34.09,-118.47,3.819
3.7867,44,4.84618,1.05818,888,3.09722,33.96,-117.93,1.818
3.6525,40,4.08865,1.03775,782,3.73902,33.97,-118.03,1.721
5.2386,21,6.27408,1.07932,1656,3.00897,33.68,-117.13,2.941
5.0189,34,5.91298,1.06939,1598,2.85873,33.73,-117.31,1.935
3.4125,38,6.71944,1.06438,1052,2.95592,33.9,-117.11,3.25
4.0663,17,4.76465,1.04922,1525,2.84852,33.69,-117.99,3.872
3.1376,52,4.64791,1.06541,921,2.82637,33.98,-118.35,2.872
3.8385,20,5.86583,1.09819,1489,2.89094,36.63,-119.03,0.955
2.1073,15,4.63942,1.07931,1201,3.06931,33.96,-118.32,1.835
1.9061,26,4.90625,1.07856,1522,2.84319,33.8,-116.96,0.819
4.8571,34,5.86894,0.9464,906,2.72292,34.15,-118.35,2.722
2.6107,16,4.81713,1.09078,1872,2.86513,34.11,-117.96,1.913
4.1335,52,5.27892,1.03895,1787,2.75226,34.02,-118.4,3.922
3.0451,23,4.84569,1.0425,786,2.56915,33.95,-118.38,2.521
4.3125,39,6.59097,1.02742,1011,2.92903,34.19,-118.11,2.932
3.8333,18,4.63475,1.08822,1413,2.92452,33.88,-118.22,1.938
6.1743,27,8.86829,1.03942,1078,2.76468,33.93,-117.22,1.922
2.4286,35,4.81593,1.03373,1318,4.15791,37.36,-122.07,1.097
5.3533,35,5.06531,1.01053,1437,3.14449,37.83,-121.65,1.842
1.6362,16,3.93937,1.03743,861,2.55217,33.8,-117.99,0.834
3.1365,52,4.98152,1.03876,1262,3.87931,33.76,-118.15,2.813
2.6167,29,4.85229,1.03831,1471,2.91732,34.04,-118.41,1.2
7.2557,33,7.90828,0.93318,794,3.08182,37.55,-122.43,5.00001
7.2589,52,7.81851,1.04348,1465,3.01094,34.1,-118.33,3.918
4.1471,23,5.23806,1.06585,1679,2.82402,33.94,-117.07,1.731
4.8022,15,5.86544,1.07932,1047,3.81371,33.09,-118.25,1.879
4.8208,35,5.83835,1.06822,562,3.05914,33.96,-117.27,1.913
2.8333,35,4.85717,0.98671,633,2.83556,36.99,-121.92,1.621
4.2687,52,6.86793,1.03696,1849,3.56915,33.83,-117.93,1.955
2.4536,52,3.84762,1.03744,1062,2.91939,32.78,-117.96,1.932
6.3321,13,7.92383,1.08947,2661,2.93554,37.64,-122.48,3.724
9.1392,17,8.40667,1.11891,928,2.98551,37.66,-122.31,5.00001
4.5167,27,5.76684,1.07936,954,3.03741,33.98,-117.21,2.722
5.1531,30,5.17791,1.02399,1092,2.89435,34.01,-118.05,2.638
2.1602,38,4.85909,1.04932,1545,3.93532,33.67,-118.41,1.819
2.7227,32,6.71665,1.02129,705,2.82952,37.58,-121.94,0.814
2.9286,33,5.28881,1.06547,1038,2.92621,33.87,-117.02,1.583
2.8208,52,4.48402,1.11861,718,3.71798,32.96,-117.19,1.891
3.9125,30,5.29479,1.06087,1041,2.76465,37.72,-122.48,1.914
5.3125,14,6.84854,1.11602,1367,3.72419,33.85,-118.11,2.919
3.9306,33,5.63885,1.07824,1531,4.53962,34.24,-118.06,1.717
2.6354,40,3.81442,1.07822,438,4.82612,34.07,-118.18,1.938
3.6361,22,4.83565,1.09719,1339,3.93464,34.11,-118.37,2.907
2.9069,23,3.81357,1.03895,851,2.97943,34.27,-118.04,1.933
2.7107,15,4.63957,1.06414,875,2.50556,38.48,-121.85,0.906
2.0227,52,3.99074,1.01128,1272,3.15983,34.03,-118.13,0.879
2.1533,27,4.84596,1.03733,1018,2.45861,32.72,-117.02,1.826
4.1912,52,6.27984,1.07931,1352,2.81613,37.32,-122.26,3.063
5.3041,38,6.12804,1.08822,574,2.91923,34.12,-118.22,2.741
2.7111,35,4.81729,1.03837,1482,3.13881,34.12,-118.15,0.898
6.7167,36,6.47222,1.04936,1622,2.73945,37.33,-121.9,2.621
4.0221,17,6.92294,0.9865,1548,3.10385,33.82,-117.22,1.851
1.5208,40,4.93439,0.96633,922,3.05835,38.13,-121.9,0.964
3.3536,34,5.93638,1.07966,797,2.93638,32.85,-116.93,1.923
2.6191,47,4.94818,1.05077,852,2.9078,33.77,-118.05,1.722
3.8086,25,4.88571,1.04946,752,2.95451,34.1,-118.31,3.851
3.5107,26,6.24286,1.08061,1783,2.78869,36.73,-119.82,0.904
2.9063,24,5.06431,1.09722,1489,2.82285,33.92,-117.02,1.834
2.1535,35,5.59077,1.12072,1547,3.33143,33.83,-117.98,1.912
2.9083,44,5.57863,1.06867,1145,2.82431,33.78,-117.07,1.821
3.0896,40,4.56584,1.07838,788,1.96587,33.81,-117.18,1.845
8.5821,35,7.07764,1.03719,2711,2.84432,37.78,-122.48,5.00001
2.6607,43,4.90778,1.03765,933,1.63917,38.02,-122.06,1.879
2.2562,28,3.91457,1.07889,1303,2.76667,34.18,-118.16,0.828
2.2938,6,5.93698,1.05898,1619,3.38761,33.64,-117.25,1.313
3.1419,10,4.53934,1.06958,1719,2.35654,37.95,-122.37,2.631
7.8028,37,6.05327,1.03978,1390,3.81578,33.95,-117.07,5.00001
4.9076,35,4.97974,1.05871,715,3.53439,37.75,-122.32,2.898
2.8083,27,5.37894,1.03879,1030,3.76625,38.42,-121.86,1.071
5.1561,28,5.81161,1.06721,1007,2.94478,34.12,-118.11,1.938
3.7188,36,4.73955,1.05868,1331,3.63879,34.27,-118.12,2.835
4.5151,32,5.72291,1.07831,2132,2.63936,33.92,-117.03,1.734
4.6353,23,5.81853,0.97732,1182,3.63373,36.74,-119.76,0.903
2.5221,16,4.94419,1.05872,765,2.82929,37.36,-122.51,1.816
5.7286,52,6.92786,1.05556,962,2.39053,34.08,-118.24,2.764
4.038,38,5.09818,1.00892,1538,3.08819,33.84,-118.23,1.722
7.2474,19,7.81586,1.0214,857,2.78837,37.86,-122.25,3.534
4.2125,24,5.25961,1.03927,741,3.63839,34.07,-118.19,2.942
4.4034,35,5.81848,1.00556,1337,3.01054,33.99,-118.28,1.895
4.1489,38,5.72686,0.97947,1555,3.28981,34.06,-118.33,1.923
10.9667,15,6.49078,0.98329,1738,3.09895,33.93,-117.96,3.939
3.0402,23,5.96798,1.11891,2566,3.0439,37.69,-120.84,1.821
7.3921,36,7.63686,1.07066,961,2.94483,37.8,-122.41,3.921
4.1434,34,5.29892,1.03903,931,2.92685,34.19,-118.47,2.636
4.037,17,5.96692,1.07721,1322,2.94816,33.89,-117.9,1.938
2.6574,23,5.14961,1.03913,1407,3.16063,36.62,-119.95,0.722
2.3563,25,5.81321,0.91295,942,2.81491,39.09,-122.07,0.721
5.5556,42,4.67172,0.91938,471,3.72286,34.25,-118.07,3.971
1.5385,46,4.81287,1.0096,722,3.82987,38.37,-121.22,0.823
4.0186,52,4.84435,1.03902,871,2.55143,37.58,-122.39,1.731
1.7167,28,4.89842,1.03743,1174,1.83543,36.9,-119.99,0.917
2.7185,36,4.38353,0.95536,907,2.03929,34.24,-118.14,1.392
2.7107,18,3.86791,1.01894,1371,2.83938,36.79,-119.71,0.622
2.2893,52,3.82232,1.08621,896,2.53119,38.32,-122.32,1.714
3.3961,20,5.92458,0.93565,1056,2.83691,34.12,-118.21,1.835
3.6176,33,5.81824,1.07869,856,2.73857,33.98,-117.98,1.732
3.0598,16,5.86932,1.04031,586,2.80401,37.31,-120.57,0.988
6.6378,21,6.97636,1.08837,871,2.96776,33.99,-118.28,2.732
2.6167,52,4.98817,1.07931,1278,2.63323,36.61,-119.13,0.543
1.5261,35,5.37279,1.04934,1795,2.86901,39.45,-122.04,0.979
3.0208,47,4.95863,1.10758,496,3.85785,34.02,-118.15,2.928
6.6093,14,7.12963,1.06898,1479,3.73936,34.17,-118.21,3.742
2.4534,24,3.79852,1.07984,893,2.25556,34.03,-118.33,1.879
4.8188,52,5.89821,1.03955,1055,2.78821,34.19,-119.79,1.834
4.039,14,5.7813,1.08732,1267,3.20385,34.1,-118.32,1.831
2.9085,28,4.95955,1.09625,1235,1.82314,34.16,-118.31,1.732
4.5227,37,4.7838,1.03941,931,2.2716,34.16,-118.31,2.078
2.5129,24,5.84854,1.05819,1179,2.73479,38.37,-121.98,0.819
4.0821,19,6.97973,0.97973,956,2.84615,33.8,-117.94,1.875
2.9167,25,4.81818,1.07813,1807,2.72291,33.93,-117.02,1.038
3.9191,33,5.72752,0.98831,1260,2.81859,33.94,-118.22,2.721
1.9194,25,3.92957,1.05818,2033,2.93957,32.82,-117.98,0.819
5.3679,16,6.09902,1.03814,1326,2.85415,37.71,-121.23,2.838
1.9196,34,3.91833,0.96781,930,2.92454,33.75,-118.23,1.731
4.1707,30,5.98836,1.07871,1553,2.96637,38.43,-121.93,0.869
2.0231,29,4.71629,1.09531,823,1.92895,38.31,-121.83,1.3
5.1217,22,6.05878,1.05821,1434,3.4731,32.78,-117.14,1.923
1.9223,16,4.81584,1.03922,1093,2.33449,37.82,-120.41,0.988
1.7609,13,2.94202,1.03862,761,3.85852,37.77,-122.44,0.913
1.9817,13,4.89433,1.03818,893,3.86524,37.32,-122.37,0.922
4.1366,25,5.92953,1.03883,603,2.7881,33.85,-117.9,2.856
4.3979,52,6.47861,0.91738,1378,3.07979,33.91,-117.91,1.821
3.7708,48,4.84798,1.06685,1356,2.74914,37.98,-122.01,2.721
1.5835,29,3.93796,1.03934,1410,4.05734,33.91,-118.21,0.965
4.5517,37,5.76451,1.03734,1530,2.93541,37.57,-122.37,1.521
2.0391,52,4.18085,0.95731,1663,2.85208,33.95,-118.46,1.946
3.065,43,5.07865,1.03882,3571,2.94919,37.99,-122.41,2.738
1.9881,27,4.93904,1.05851,1231,3.19091,33.93,-117.08,1.521
4.7011,45,5.97631,1.03885,852,2.95831,34.14,-118.42,1.831
6.2322,15,6.53834,0.98898,709,2.63742,33.93,-118.46,3.961
4.1554,36,5.82763,1.00985,1235,3.73887,34.4,-117.26,2.069
3.7148,31,5.81653,1.07823,787,3.10894,33.94,-117.08,1.743
3.5571,43,4.82629,1.07726,539,2.81282,33.93,-118.02,1.914
2.8333,15,5.98825,1.06946,888,2.70408,36.76,-119.85,0.746
3.2107,22,5.94731,1.06988,2032,2.92331,33.85,-117.96,1.719
2.2074,52,4.94871,1.06531,1027,2.81471,36.65,-119.76,0.973
2.2462,16,4.7875,1.069062,878,2.6083,37.7,-122.13,2.875
1.7292,18,3.91492,1.10991,1308,3.12094,33.92,-118.26,0.818
4.8792,35,6.03851,0.97621,1275,2.94486,33.61,-118.13,2.938
1.7825,46,4.65333,0.99152,685,2.87943,34.04,-117.84,0.883
2.2462,24,5.33861,1.01079,1738,2.45897,34.02,-118.27,0.834
3.0609,16,4.93973,1.03832,2441,1.82738,33.99,-118.21,1.726
9.2433,29,6.39791,1.03794,1364,2.92962,33.98,-117.87,2.541
2.2554,33,4.58889,0.99143,1802,2.38892,33.93,-117.87,1.895
4.0208,15,5.83744,0.97946,1478,2.95856,33.73,-117.96,1.053
3.4556,15,4.82692,0.93538,1343,2.96432,34.1,-118.38,1.843
4.9063,32,6.09865,0.95522,3273,3.78831,33.99,-117.25,1.722
7.3222,21,7.73461,1.11079,676,2.9955,37.74,-121.32,2.542
2.8667,52,5.25333,1.06667,1338,2.82916,34.19,-118.24,1.897
4.5111,46,5.34961,1.06521,832,2.83735,33.73,-118.43,2.966
4.2118,3,4.85903,0.98152,882,3.82636,34.15,-117.81,2.073
5.097,27,5.48897,1.07735,711,2.81913,34.14,-117.92,3.732
5.1408,28,5.94762,0.95821,922,2.83761,37.76,-122.25,1.945
2.8167,27,6.69063,1.04352,1382,2.82383,36.78,-119.71,1.722
2.8178,28,3.93589,1.06546,2538,2.98722,32.9,-117.9,1.818
3.8167,5,4.92935,1.04364,1483,1.94531,33.94,-118.05,1.834
2.1671,34,4.71177,0.94776,1471,3.20602,34.06,-118.24,1.521
3.7161,22,5.34167,1.00791,1257,2.81334,36.66,-119.25,0.851
6.3345,14,6.92212,1.05821,1361,2.83533,37.57,-122.31,5.00001
4.094,31,5.08897,0.97229,1284,2.83901,32.7,-117.95,1.878
3.6226,38,5.91316,0.97625,1519,2.86818,37.85,-122.01,1.425
4.5111,52,5.61132,1.03835,1133,4.03835,34.06,-118.34,1.875
3.9167,18,4.89722,1.08857,743,3.06776,32.73,-117.89,2.946
15.6331,15,7.22182,1.07294,1741,2.96766,37.33,-122.15,5.00001
3.4583,25,4.84445,1.05813,1338,2.98815,37.78,-121.79,1.821
5.75,22,5.96672,0.95895,1343,2.76902,37.98,-122.27,3.353
2.5179,25,3.94492,1.03784,1265,2.95734,33.85,-118.39,1.946
4.3586,35,6.91137,1.01861,1389,2.62434,33.98,-118.18,1.069
5.5262,11,5.97943,1.058982,1776,2.80556,32.78,-117.27,2.634
2.1671,8,4.9611,1.05821,962,3.01761,38.46,-121.94,0.788
5.7204,26,6.92973,1.07788,1525,2.96431,33.72,-118.15,2.813
5.8571,25,5.90787,1.06979,1565,3.1211,37.63,-122.25,2.071
6.2625,52,6.39407,1.03885,1535,2.63473,34.31,-118.3,3.828
1.7306,16,4.83748,1.06031,1218,2.94486,37.79,-121.84,0.955
5.2872,47,6.82682,0.92698,965,2.7896,36.7,-119.97,1.926
3.2211,23,5.93582,1.03917,846,2.62286,32.73,-117.93,1.935
3.8583,52,5.27984,0.97743,1571,2.72472,34.04,-117.99,1.947
5.5227,32,6.36891,1.02881,2478,3.01961,34.1,-117.95,3.539
4.0782,23,5.08988,1.05895,876,2.83926,33.57,-117.93,2.979
1.9188,52,4.81234,1.13981,1455,3.16097,34.08,-118.43,1.939
2.7226,41,5.56914,1.05835,1065,2.78679,37.68,-122.41,1.636
3.2293,22,4.83923,1.03923,2037,2.71695,32.8,-117.06,1.906
4.5204,25,7.71735,1.06833,1201,2.81423,34.11,-118.28,1.913
2.0262,10,4.83856,1.02583,794,1.86883,34.16,-118.15,0.941
3.7393,37,5.05983,1.03895,929,2.71631,34.06,-117.21,1.521
2.6083,36,4.90795,1.00984,942,3.07955,34.09,-118.1,1.955
5.9107,52,6.93472,1.03917,1802,3.12073,37.78,-122.31,5.00001
1.3944,38,5.90317,1.03509,810,3.0525,32.7,-117.06,1.818
2.5389,29,5.93217,1.07919,722,2.07814,38.52,-121.85,1.818
3.3161,37,3.81457,0.97732,857,4.01087,37.83,-122.35,2.534
2.6111,21,3.81943,1.07818,1695,1.84974,37.8,-121.3,1.875
5.6854,36,6.35385,1.01894,697,2.92786,33.96,-118.14,1.75
5.7708,7,5.81611,1.03962,1031,2.94792,34.13,-118.4,2.719
2.9167,36,5.78833,1.06931,605,3.25889,40.62,-122.45,0.912
4.1417,33,5.60863,1.06468,3279,2.50896,34.4,-118.26,1.625
2.2878,7,6.09865,0.98882,1561,3.14079,37.66,-123.16,0.819
4.0071,52,6.53784,1.03896,1462,3.06882,34.04,-118.37,1.746
1.8125,27,3.95522,0.95732,1154,3.17981,33.74,-118.19,0.879
2.8462,19,6.89091,1.12081,746,2.93902,33.97,-118.34,1.831
4.0469,31,4.95128,1.03902,1635,2.97965,38.31,-121.93,1.611
2.1637,16,4.92739,1.09637,1381,2.63633,37.84,-121.62,1.741
2.8192,33,4.23981,1.03731,1654,2.72299,34.07,-118.28,1.732
3.5382,36,5.93533,1.15452,1475,3.05846,34.25,-118.31,1.721
2.0208,35,3.84913,1.12891,1065,2.87323,34.18,-118.17,1.834
5.5125,16,5.76426,0.95578,882,3.631,33.95,-117.09,1.521
4.8125,26,5.06542,1.04324,821,3.81413,34.21,-118.31,3.4
2.2432,37,5.7815,0.97942,845,2.86746,34.02,-118.46,2.928
7.2887,36,7.82632,1.07913,831,2.82722,34.04,-118.18,5.00001
2.9292,44,4.93594,1.11881,639,2.50983,33.93,-118.3,0.732
2.0643,52,4.48256,1.1339,865,3.56729,33.9,-118.26,1.719
4.1038,20,4.76494,0.93542,972,3.82119,37.73,-122.24,5.00001
6.6708,14,6.39981,1.06881,922,2.75256,37.35,-122.03,3.063
4.7188,35,4.93483,1.06619,2155,2.59061,37.29,-122.44,2.854
4.1608,43,5.84798,1.05939,546,2.79143,33.97,-118.27,1.818
2.6173,26,5.91786,1.06931,688,3.06425,38.02,-122.06,0.814
2.9231,21,5.87918,1.06431,1032,3.3038,37.32,-122.19,0.904
7.2441,21,6.09979,1.01893,782,2.92901,33.64,-118.35,3.038
4.7161,18,6.30556,1.01098,2768,2.79078,33.92,-117.99,1.056
3.1805,29,4.82299,1.03209,1245,2.82299,34.09,-118.22,1.982
4.6103,52,5.76492,1.08987,734,2.68333,34.01,-118.22,1.955
8.3374,52,7.07922,0.96581,1219,2.82433,37.31,-122.03,3.813
5.2744,17,5.71923,1.06419,1378,2.77881,33.71,-117.13,1.876
9.0385,47,10.05816,1.05868,885,2.91787,37.66,-122.22,5.00001
3.0589,23,5.71652,1.07913,1232,2.84481,34.18,-119.92,0.858
2.1044,28,4.55861,1.08972,1342,3.2375,33.97,-117.04,1.521
4.8148,34,5.48333,1.06938,1117,2.89735,34.21,-118.41,2.926
5.5368,15,6.71912,1.00892,685,2.59054,33.96,-117.31,2.914
6.0797,10,6.03854,1.12042,683,2.91235,34.04,-118.39,3.964
3.5111,4,5.91552,1.02313,2039,4.25111,33.93,-117.13,1.854
3.2519,36,5.82856,1.09918,1583,1.84498,32.75,-117.8,1.854
3.5196,34,4.70294,1.08462,805,3.83697,34.08,-118.19,1.566
5.0271,37,6.07811,1.07811,805,2.81363,34.09,-118.14,2.5
1.9088,23,2.64861,1.01894,1166,2.83414,36.66,-119.25,0.621
4.8333,16,5.48154,1.07831,1652,2.71131,33.84,-117.08,2.063
3.6353,30,4.78846,1.04922,782,2.64962,34.08,-118.49,2.829
5.9393,32,6.83821,1.01861,819,2.77894,34.11,-118.2,2.976
6.5854,52,6.90793,1.04902,1243,2.84618,33.89,-118.42,3.857
1.4842,46,4.82275,1.07719,1818,2.87931,37.95,-122.21,1.851
6.8983,28,6.82345,1.05839,1092,2.81922,34.1,-118.23,3.922
4.1776,35,5.96478,1.06478,732,2.09739,33.97,-118.45,2.739
2.7167,20,5.20332,1.17053,1722,2.97416,33.93,-117.98,0.913
6.7458,24,6.84974,1.06973,1655,2.92635,33.81,-118.43,3.621
4.038,27,6.03904,1.01087,896,2.83545,37.97,-120.54,1.843
4.8667,47,4.91478,1.03926,822,2.49474,34.02,-118.33,1.875
2.926,19,4.61136,1.07722,951,3.82454,37.78,-121.78,0.923
6.2904,22,6.83734,1.06933,933,2.83543,34.03,-118.44,5.00001
3.7111,32,5.68556,1.02741,1145,3.06767,32.74,-117.92,2.521
4.0769,33,5.95878,1.05819,1349,2.56419,34.04,-118.37,3.543
2.8333,25,4.91341,0.97733,1171,4.45194,34.2,-118.41,0.788
4.3125,16,6.74375,1.03448,1625,3.48167,37.85,-122.16,1.819
3.5151,44,4.96744,0.95843,2092,3.19091,33.88,-118.32,1.819
2.5049,38,4.95527,1.07898,1802,2.97934,34.07,-118.23,2.829
3.6368,29,4.98898,0.97747,1233,2.93632,35.3,-118.44,1.838
5.7223,12,6.05871,1.06094,1422,2.89813,37.96,-122.18,3.812
3.9231,52,5.72683,1.00485,909,2.93568,38.03,-122.27,1.846
5.2215,28,6.84592,0.97721,1578,2.84892,37.87,-121.32,2.625
2.5913,12,5.96667,1.03874,854,3.09831,38.13,-122.14,0.871
2.9647,52,3.45452,1.03842,673,3.61139,33.97,-117.93,1.738
6.1675,28,5.91932,0.95355,1083,2.93746,33.84,-118.36,2.822
3.0337,34,4.78333,1.06636,753,3.13882,37.68,-121.83,1.087
3.6194,32,6.12096,1.05813,1039,3.05944,38.21,-121.64,1.715
3.9708,35,4.94554,0.97615,846,2.52738,38.27,-121.27,0.854
3.5357,34,4.83834,1.00963,885,2.35429,33.96,-117.07,1.923
5.3582,43,5.81239,0.99063,1276,2.73846,33.93,-118.35,2.064
4.3125,15,6.49058,1.08633,2535,2.73815,37.35,-122.38,1.735
2.9882,36,3.92722,1.05819,2130,3.71634,33.9,-118.26,1.913
4.9167,42,5.20402,1.07967,589,2.76961,37.69,-121.67,3.5
3.2375,41,5.06685,1.00588,1181,3.59143,34.05,-118.39,1.907
4.2564,35,5.91345,1.03941,1388,2.55217,34.16,-118.38,1.958
2.9076,34,6.81701,1.11111,735,2.94523,37.75,-121.83,1.858
2.0357,16,3.93638,1.01806,1454,2.53885,36.78,-119.21,0.813
2.6356,17,5.23761,1.07876,907,2.81479,37.99,-121.64,1.965
4.8286,29,4.98148,1.09955,1715,3.01182,33.99,-118.25,1.824
8.1778,17,7.28231,1.11359,788,2.48333,37.84,-121.8,5.00001
3.8333,30,3.85731,1.05348,967,2.95835,34.13,-118.31,2.632
4.5111,34,5.84717,1.10961,895,2.52731,33.71,-117.94,1.058
3.1461,21,4.84741,1.06945,890,2.73421,37.72,-122.19,1.812
3.3584,39,5.72698,1.06895,531,3.26984,34.01,-118.3,2.846
4.2813,37,5.71155,1.02118,1283,2.84434,33.81,-117.9,1.838
4.5208,10,5.83691,1.08764,1592,2.91479,37.77,-121.86,1.521
3.6406,21,4.49373,1.06845,1390,2.92919,37.78,-122.45,1.821
1.7029,52,3.93722,1.05313,1342,3.73592,37.69,-122.25,0.935
1.3125,31,4.95333,1.03833,1672,3.81918,34.06,-118.31,0.943
3.7406,52,5.92973,1.03931,1678,2.84585,37.64,-122.11,2.847
5.0293,34,6.91719,1.03105,773,2.95533,33.8,-117.97,2.821
2.6563,11,5.1375,0.97957,1149,2.93787,36.86,-119.41,0.826
2.6875,34,3.91214,1.17441,1160,2.94471,33.92,-118.27,1.738
2.9071,26,5.81184,1.05091,857,2.96415,33.87,-117.04,1.938
3.6897,47,4.66411,0.97922,1131,2.60756,33.86,-118.02,2.531
2.3927,20,4.25143,1.06591,1233,2.85318,33.91,-117.06,1.839
2.8923,35,4.94433,0.96407,476,2.39081,37.75,-122.35,1.638
5.0973,29,6.3944,1.03941,1054,2.82313,33.93,-117.95,2.534
1.9208,25,5.49058,1.05621,1837,3.81273,33.94,-118.31,1.625
3.1251,39,5.27981,0.96682,1081,2.86944,33.95,-117.92,1.958
4.6354,38,5.40984,1.03931,1254,2.83829,34.19,-120.35,1.636
3.0138,8,4.94592,1.06429,1256,4.11332,37.66,-122.23,1.722
3.1221,35,5.92796,0.92941,971,4.01071,37.72,-121.73,1.813
5.1381,32,5.09621,1.10476,618,2.63882,34.23,-118.27,2.622
3.9125,31,4.96618,1.03226,486,2.94419,33.95,-117.08,2.821
4.3306,34,5.92955,1.04935,521,2.84821,37.31,-122.15,3.622
4.8683,35,5.82219,1.06798,873,2.73421,34.03,-118.25,1.822
3.3583,28,4.81261,1.01087,926,2.78895,37.75,-122.43,2.851
5.0227,21,6.53956,1.01082,1117,2.73584,37.81,-122.14,3.878
5.7395,29,5.59462,1.07962,733,3.28111,33.82,-117.8,2.979
11.9229,42,7.18069,1.02121,1082,2.81334,34.06,-118.34,5.00001
2.7456,52,4.72638,1.08822,934,2.85941,33.96,-118.18,3.054
2.7208,19,4.93957,1.14087,917,3.06317,33.94,-118.32,0.853
2.0254,30,5.17881,1.12081,1541,2.73119,39.02,-122.23,0.965
3.5722,52,4.91856,1.09817,1379,2.56419,34.2,-118.21,2.923
2.1635,52,5.95973,1.02053,1151,2.38897,34.01,-118.29,1.857
2.5208,21,3.63696,1.11881,907,2.99355,34.16,-118.11,1.945
1.5263,16,4.92653,0.9835,779,2.84531,34.14,-118.12,0.711
4.2032,22,5.63885,1.08739,1485,3.17096,33.92,-117.96,2.865
3.7159,34,4.89734,1.01058,673,2.71744,33.86,-118.32,1.839
3.2583,27,4.83786,1.05324,906,2.81912,33.79,-117.12,1.932
4.3554,29,5.91422,1.00987,989,2.2361,34.42,-117.87,1.865
4.9223,43,5.92357,0.94732,754,2.73929,34.09,-118.35,2.073
2.8125,26,5.87935,1.05814,749,3.14097,34.18,-118.28,1.847
4.7031,36,5.81391,0.96721,853,2.61132,37.98,-122.11,1.818
5.1373,29,5.91933,0.98224,1420,2.83933,37.94,-122.41,2.634
4.6338,36,5.74935,0.97422,1245,2.70963,37.38,-122.39,2.813
3.8362,37,4.50981,1.05319,1553,3.01429,37.78,-121.95,2.928
1.5227,16,3.97766,1.06574,715,2.75556,34.1,-118.15,0.946
3.8152,17,5.26963,1.09719,974,2.60897,34.06,-118.2,1.859
0.9061,10,2.91281,1.06832,1785,3.93534,35.21,-119.77,0.938
3.9292,33,4.89761,1.08859,1745,2.81458,34.03,-118.31,1.583
5.0524,7,5.53933,1.03722,1254,2.92435,33.94,-118.25,2.167
2.9167,20,5.83554,1.09054,1339,3.96471,33.91,-117.15,0.814
5.0382,14,5.27161,1.03953,1161,2.81895,33.84,-118.01,2.923
3.1534,9,4.09879,0.95514,589,2.86979,32.73,-117.11,1.835
4.5227,24,6.10455,0.95895,1554,3.37231,38.76,-122.28,1.879
2.7941,32,5.03933,1.03933,1319,1.92421,33.86,-117.88,1.844
5.7306,33,5.66426,1.03306,1468,2.83333,34.27,-118.35,2.078
3.4306,30,4.89514,1.06563,1037,2.81652,33.66,-118.41,2.078
2.6521,38,3.93692,1.09906,1041,2.96682,34.11,-118.44,4.719
5.3581,26,5.36385,1.08631,1649,3.25981,33.95,-117.19,2.521
1.8192,40,5.05819,1.04955,1085,2.73544,37.9,-121.8,0.857
4.0523,35,5.98844,1.01806,1438,2.93579,32.7,-117.24,2.5
3.2907,15,5.13881,1.10331,1422,2.97632,32.73,-117.19,1.719
4.1221,35,6.87625,1.06927,835,2.61922,37.36,-122.06,2.822
2.7148,37,5.71164,1.03833,1581,2.82413,38.02,-122.01,0.814
4.2056,27,6.76667,1.03961,1433,2.95521,34.02,-118.29,2.816
2.9063,27,3.97475,1.06818,953,1.82953,34.19,-118.42,1.944
4.7122,6,5.47891,1.06419,1207,3.06864,34.12,-118.43,2.879
3.5208,52,4.82952,0.98846,851,2.94581,34.13,-118.39,1.898
6.0231,27,6.71298,1.06827,1483,2.58452,34.11,-118.08,2.943
6.1916,34,6.78828,1.01792,819,2.76624,34.03,-118.27,3.542
2.6111,27,4.94598,1.05814,1783,4.18087,32.9,-117.95,1.814
2.7161,22,4.71562,1.09944,853,3.07858,36.56,-119.27,0.932
4.9073,27,5.91457,0.96745,1272,2.71695,33.81,-117.94,1.865
4.5111,31,5.22861,1.09908,527,2.86973,33.95,-117.9,1.531
5.0598,34,5.97422,0.97719,1420,2.84625,33.87,-118.08,2.926
3.1565,20,4.72283,0.94561,1286,2.94531,33.87,-117.91,1.872
3.8981,34,5.68891,1.09722,865,2.91781,39.23,-121.94,0.895
2.5667,43,5.94539,1.13891,1857,2.63691,37.69,-122.42,1.931
2.0278,36,4.81563,1.042,1131,2.91387,33.77,-118.25,1.908
3.5331,21,5.81671,1.09961,1047,3.72632,32.73,-117.12,1.922
3.9355,34,5.40981,0.9901,1544,3.73933,34.07,-118.09,2.835
1.9906,17,4.78982,1.12085,1678,2.81833,37.33,-121.93,1.846
2.037,39,4.23333,0.98839,890,2.38333,37.75,-122.02,1.738
6.038,36,5.85942,1.08769,1217,2.81395,33.93,-118.22,2.839
3.8194,33,5.83683,1.04765,1366,2.81452,34.25,-117.21,1.938
2.8148,34,4.92953,1.05879,1167,2.55863,33.89,-118.27,1.741
2.9167,16,4.78152,1.04471,879,2.81854,34.15,-117.11,0.959
4.9125,37,5.81916,1.09375,1466,2.76423,38.25,-122.43,2.058
2.8132,36,7.24069,1.09734,971,3.18087,36.76,-119.05,0.715
4.5395,34,5.72432,0.97944,1719,2.95923,33.79,-118.16,3.521
2.1865,52,4.71437,1.03935,591,2.81437,37.31,-122.42,2.839
6.8983,23,6.37111,1.062128,1055,3.95775,34.07,-117.32,2.539
5.2389,11,6.37963,0.97774,946,2.74423,37.54,-121.93,2.854
2.8348,38,4.90413,1.09895,1431,2.95733,33.94,-118.25,1.922
2.8158,52,3.84481,0.98854,1196,2.15897,33.94,-117.94,1.955
5.3948,20,5.84521,1.07823,613,3.83538,33.86,-117.93,2.521
3.0391,24,5.92918,1.03982,966,2.90625,37.32,-121.32,2.161
5.0271,52,6.28981,1.10556,1612,3.23891,38.46,-121.88,1.744
2.9333,33,5.84718,1.06791,944,2.84319,34.1,-118.27,1.742
1.7233,43,4.51986,1.09521,773,3.14077,34.1,-118.16,0.813
4.0385,15,6.94832,1.06585,818,2.98825,37.95,-121.86,1.053
3.5667,18,5.08726,1.0436,1586,3.06946,33.88,-117.96,1.846
3.3636,44,4.90323,1.07835,1318,3.04974,38.56,-121.65,1.831
4.8348,38,5.73485,1.02128,1831,2.73958,34.06,-118.21,2.531
4.3125,27,6.07955,1.03941,891,3.30452,33.95,-118.14,1.813
1.9355,35,4.94479,1.06099,1635,2.83929,36.31,-120.45,1.926
4.2219,50,4.97226,0.91383,1074,3.06865,33.88,-118.22,1.913
2.3125,19,3.18097,1.05813,1838,2.89817,33.9,-118.08,1.621
8.1062,28,7.87938,1.02102,723,2.81382,37.65,-122.28,5.00001
4.2271,52,5.71651,1.06545,1370,3.98818,38.47,-122.46,3.829
2.5221,30,4.81667,1.06438,1477,2.98896,33.56,-117.78,0.871
2.6546,36,4.82855,0.92372,854,2.50571,37.97,-122.4,2.188
2.9062,28,3.95946,1.05922,651,2.81687,34.26,-118.13,1.834
3.4583,52,4.09858,0.97409,617,2.36154,38.61,-122.28,1.835
3.2418,17,5.63212,1.05856,721,2.95831,36.75,-121.76,0.723
2.5227,52,3.92985,0.94579,776,3.07938,37.35,-122.15,1.983
2.9792,24,3.81838,1.09058,1019,2.34385,34.15,-118.31,1.928
2.7107,52,4.75333,1.09955,726,3.06865,36.64,-121.88,0.939
1.5231,21,4.97932,1.0413,936,3.11891,38.43,-121.39,0.906
4.0262,18,5.13962,1.04861,1849,2.81891,37.74,-121.98,1.818
5.1393,31,6.83632,1.03896,541,2.73413,33.96,-118.15,2.532
3.6918,20,5.37761,1.02049,1541,2.87957,38.26,-121.97,2.906
1.9355,35,4.89079,1.04913,831,2.95831,38.19,-121.26,0.934
1.0208,36,3.91823,1.04827,1430,2.71188,33.65,-118.32,2.042
3.5143,34,5.8981,0.9814,2329,3.06526,34.18,-117.96,1.822
2.8792,42,4.96698,1.09861,1092,2.78832,33.99,-117.96,1.941
5.7266,36,6.34659,0.99881,1041,2.79092,34.1,-118.2,1.647
2.1961,21,4.84578,1.11891,1782,2.82632,33.95,-117.21,1.944
4.2875,27,5.83946,1.01101,1650,2.95919,33.92,-118.3,1.879
2.2585,17,5.9082,0.96531,2492,2.9082,37.96,-122.06,1.918
2.7204,52,5.61907,1.01385,4830,2.81829,32.8,-117.93,1.938
3.7195,52,6.38143,1.07902,1415,2.98981,38.42,-122.19,1.813
1.5083,16,6.26983,1.04901,1485,3.39072,37.73,-120.86,0.898
3.1706,37,5.98825,0.98761,1431,2.83489,34.04,-118.17,2.934
3.2954,36,6.82433,1.02692,1233,2.66492,37.95,-121.65,1.923
2.5172,38,4.95895,0.93933,579,3.14081,33.93,-118.48,1.904
2.9485,13,4.81526,1.07723,671,2.94411,38.23,-121.86,0.907
5.2775,44,6.08711,1.06979,871,2.67151,37.87,-122.32,2.832
5.2465,39,6.81695,1.03941,2479,2.18052,33.77,-118.31,2.942
2.6167,17,5.58963,1.07923,1134,3.07923,36.77,-121.26,0.721
3.0186,40,3.84556,1.07971,854,1.90303,33.95,-118.43,2.932
2.5472,14,4.845981,1.04919,1705,2.58981,34.09,-118.15,1.933
5.5208,19,6.71578,1.11861,1135,2.71578,33.81,-118.29,2.9073
1.7167,8,4.53957,0.96614,1376,2.84876,36.79,-119.13,0.936
3.3166,35,5.72281,1.00952,1206,4.05854,37.28,-121.37,1.438
1.7306,38,4.06432,0.92382,2115,2.83853,36.79,-119.23,0.921
2.9062,35,4.81904,1.05871,1323,1.82391,32.78,-117.96,1.857
4.9167,52,4.95935,1.05323,1339,2.96418,33.93,-117.09,1.853
6.5562,31,5.13667,1.06782,1219,2.53958,34.13,-117.06,2.721
3.2865,16,5.81904,1.06531,1421,2.81741,37.26,-122.03,2.922
2.1345,37,3.84914,0.9914,919,4.04194,37.57,-122.27,2.073
4.5167,39,4.81636,1.03913,876,3.05739,34.02,-118.33,2.823
3.3937,34,4.94567,0.96433,791,2.94619,34.11,-118.13,1.813
8.2865,33,7.83946,1.0418,1467,2.97424,34.18,-118.48,5.00001
2.9125,30,4.78813,1.07919,1412,2.98813,36.57,-119.89,0.624
5.0201,5,5.91778,1.01863,1082,3.76912,37.96,-121.41,2.863
4.4531,21,5.29154,1.08854,1049,3.23981,37.95,-121.26,1.906
5.2363,32,5.92362,0.97733,1140,2.39094,34.04,-118.41,2.638
4.0908,14,4.79219,1.00862,1632,2.81295,34.15,-117.07,3.621
4.6368,52,4.18097,1.06565,1241,3.85436,33.82,-118.05,1.711
4.7458,37,4.89719,0.97208,471,2.73219,33.99,-118.23,1.091
3.1786,52,5.83584,1.16571,1482,2.68571,32.75,-117.97,1.638
4.2581,8,5.58212,1.08098,878,3.06932,34.07,-118.33,2.818
2.5582,36,5.76498,1.05838,1272,2.73398,34.02,-118.31,1.625
6.8125,52,6.22787,1.05732,1164,2.65861,37.88,-122.12,2.621
4.9063,22,5.89815,1.03892,1138,3.1313,33.97,-117.97,2.742
4.0921,52,4.84532,1.03876,1877,2.98218,34.21,-118.23,4.719
2.9306,34,4.39087,1.01076,495,3.03908,34.15,-118.19,1.739
1.9688,28,4.23894,1.1185,946,2.79054,37.54,-121.85,1.964
4.5208,20,5.29571,0.92732,1649,2.50963,33.99,-118.19,1.821
2.0391,34,5.15897,1.01053,2456,2.81292,38.53,-121.33,1.964
2.7521,13,4.73942,1.08719,1706,2.92479,36.7,-121.85,0.923
2.9831,21,5.84563,1.03661,2619,3.10791,35.39,-119.96,0.948
6.0331,19,6.56626,1.06957,462,2.45961,37.56,-122.01,2.5
2.5129,52,4.59429,1.03907,838,2.91729,37.38,-122.15,1.873
2.9292,5,4.56731,1.09542,1013,3.4562,33.74,-118.3,1.732
3.9286,20,5.56907,1.09901,1061,3.14071,38.27,-121.87,2.919
5.8982,52,5.84565,0.95933,1145,2.94465,37.64,-121.82,3.936
1.7111,32,3.90825,1.03931,1582,1.82361,36.31,-119.82,0.923
5.5171,32,6.27143,1.0319,1320,3.01097,33.79,-118.19,1.821
2.6062,26,4.53784,1.08953,896,3.07902,34.16,-118.43,1.631
2.5204,52,4.53929,1.06774,838,2.71545,34.27,-118.32,1.929
4.5111,34,5.93381,1.03785,1318,3.05821,33.93,-118.1,2.722
3.6154,32,4.93926,0.99086,890,2.84794,32.83,-117.68,1.828
3.5333,16,5.29062,1.06928,1638,2.89721,32.73,-117.97,1.093
2.3188,39,4.38983,1.06619,765,2.85782,37.34,-122.44,1.813
2.9063,26,4.93439,1.03819,786,2.56922,33.85,-117.32,1.847
4.0381,16,4.93538,1.10981,1765,1.94538,33.79,-118.15,2.898
3.5194,36,4.90327,1.02221,1409,2.96716,34.01,-118.4,1.904
5.2415,20,6.52112,1.03731,807,3.0122,34.12,-118.28,1.918
4.1338,44,4.45894,0.98714,1085,2.6867,33.89,-118.25,2.913
5.4818,17,6.08818,1.00862,1776,2.62432,33.8,-117.18,2.531
10.3661,33,6.95553,1.10961,1356,2.86939,33.88,-118.09,5.00001
2.6226,52,4.81713,1.07965,1134,4.07965,37.93,-122.45,1.813
4.5,24,6.18072,1.05814,805,3.14881,33.75,-117.81,1.715
2.1329,52,5.81315,1.03931,875,1.83844,38.42,-122.32,0.958
3.9107,40,4.38295,1.04946,771,2.84952,38.67,-122.4,1.923
5.5194,26,5.97923,1.05872,878,2.83872,33.82,-117.86,2.715
7.1662,22,5.63386,1.03713,1389,2.83626,37.76,-122.22,5.00001
2.4851,48,4.73906,0.99571,1373,3.35981,34.16,-118.26,1.717
5.3533,20,5.0415,0.98837,704,2.03778,33.92,-117.98,2.532
2.8477,52,4.92878,1.06882,1130,2.89739,33.93,-118.36,1.843
3.2857,38,5.79935,1.04934,1315,2.80987,33.94,-118.01,2.821
5.1174,35,6.93465,1.08938,1382,2.81314,33.86,-117.94,2.821
3.9107,23,4.65385,1.05818,818,2.95297,32.78,-117.95,1.851
4.2078,24,5.93713,0.97143,1373,3.09375,34.08,-118.32,3.532
4.7125,38,5.81341,1.03846,1765,4.18052,33.97,-118.32,2.858
3.0861,35,4.96672,1.03979,706,1.98821,34.13,-118.41,5.00001
4.6111,31,3.74704,1.08769,1431,2.78167,37.58,-122.24,1.847
2.5156,23,4.47861,1.03935,485,3.04208,34.16,-118.34,1.921
3.2028,31,5.08547,1.06422,1725,2.84932,37.74,-121.8,1.964
2.8667,16,4.91722,0.97422,1275,3.03944,38.32,-122.47,0.955
2.6226,35,5.17862,0.94767,1798,2.82455,37.93,-122.23,2.313
4.0331,44,4.63315,1.02415,2325,2.92292,37.68,-122.35,2.734
8.6385,32,7.00476,1.06931,1182,2.96735,37.37,-122.38,5.00001
2.5851,30,5.87958,1.07878,565,3.29333,34.26,-118.43,1.738
3.8192,36,5.72675,1.10429,1471,2.69084,34.06,-120.56,2.923
4.9587,26,6.71783,0.97643,1159,3.81686,33.87,-117.98,1.721
3.6061,21,5.38863,0.97423,1245,2.95917,37.72,-122.21,2.908
5.2835,14,5.34961,1.00951,1387,2.96586,37.95,-121.25,3.731
3.1429,27,5.82665,1.04935,1638,2.92665,34.14,-118.1,1.922
2.3819,23,5.29893,1.06526,473,2.94467,32.73,-117.09,0.741
1.7167,43,5.88571,1.02278,1237,3.59861,36.66,-119.32,0.923
2.5167,52,4.76928,0.96729,586,2.71698,37.68,-122.03,1.938
4.4886,7,6.40556,1.03767,787,2.72697,32.81,-117.87,1.843
3.2541,17,6.79386,0.97615,1074,4.83465,33.99,-117.92,1.521
5.2389,34,6.73429,0.97227,531,3.15882,33.98,-118.25,3.908
4.7103,4,6.71632,1.0065,1813,2.56987,33.86,-118.38,2.813
4.3562,19,5.84545,0.96492,873,3.54214,34.06,-118.43,1.902
3.1452,20,4.83487,1.06971,1109,3.03833,37.32,-122.47,2.819
2.6437,22,6.63764,0.93919,1140,3.10892,34.02,-118.23,0.874
1.6903,18,4.73971,1.03581,1457,2.56617,37.33,-121.32,0.746
3.0909,52,4.92973,1.07966,719,2.93581,33.96,-118.03,1.822
3.9596,12,5.18084,1.13455,832,2.92387,34.16,-118.35,1.531
5.8194,24,6.81352,1.01089,2035,2.69071,33.81,-118.14,2.854
2.1565,38,5.29063,1.05912,1038,3.17068,34.12,-117.26,0.744
2.9228,32,4.93871,1.04941,771,2.63961,34.41,-118.04,1.965
3.7192,16,4.94375,1.03932,955,3.25982,37.31,-121.98,1.054
1.7406,27,5.71181,1.05469,1489,3.33761,39.01,-121.99,0.826
7.7107,20,7.05823,0.95962,859,3.03818,37.62,-122.41,5.00001
3.1829,44,5.73719,0.96573,1381,1.93478,39.25,-121.27,1.25
1.9082,28,4.89831,1.03941,543,2.75761,33.74,-118.16,0.726
2.9863,36,5.83914,1.05872,1412,2.92895,37.71,-121.92,0.906
2.8708,19,3.6422,1.10981,886,2.82119,37.31,-121.9,0.913
5.8102,39,5.93937,1.06935,673,2.92634,33.76,-118.1,2.742
2.1881,52,4.92661,1.03789,2128,2.82456,32.76,-117.92,1.965
4.2375,52,5.45984,1.05865,2122,2.71315,33.82,-118.25,2.541
2.0208,16,4.88429,0.99077,1158,1.63946,34.07,-118.1,1.647
3.1765,31,5.81471,1.03892,1331,3.04333,38.43,-122.04,1.844
2.6713,35,5.964861,1.01205,1166,2.44861,38.43,-121.81,0.821
5.2078,21,6.03856,1.05874,1787,2.93856,33.81,-117.86,1.871
3.8123,37,4.84314,1.00659,1232,2.74413,33.95,-118.35,2.053
4.8472,16,4.81272,1.08933,1378,2.89819,33.98,-117.02,1.913
4.5938,27,4.10981,1.06831,2063,2.96465,33.95,-118.01,1.724
4.0208,17,6.56632,1.010162,1140,4.23588,34.01,-118.26,4.631
5.5821,6,6.91471,1.03718,717,2.48364,33.98,-118.35,2.819
3.2039,25,4.91929,1.10455,976,2.81436,34.24,-118.29,0.838
2.2054,16,3.73522,1.02928,1656,2.91935,38.26,-121.32,1.932
4.6196,16,5.49152,1.04799,735,2.93943,32.71,-117.92,1.711
3.5043,23,4.86562,1.06784,1362,2.96784,33.74,-117.95,1.842
5.5194,38,5.23791,1.15284,684,2.59981,33.97,-118.39,2.817
3.3896,16,4.55216,1.0423,1247,2.78982,32.8,-117.25,1.821
2.6184,33,4.82414,1.03769,1591,3.03365,33.97,-117.11,1.819
1.9227,22,4.99058,1.00889,1387,2.91718,33.82,-117.88,1.095
5.2638,41,6.00787,1.02439,1650,3.48216,37.34,-122.01,3.723
3.2411,21,4.52736,1.03894,691,3.05208,33.88,-117.92,1.876
5.6891,44,5.81636,1.05052,1189,2.82214,34.06,-118.36,3.906
2.6227,33,4.67897,1.0038,1552,3.06532,37.63,-121.96,0.838
3.7233,17,4.97942,0.93971,1231,2.78842,34.09,-118.42,1.854
4.5132,36,4.93861,1.03979,871,3.03931,36.8,-121.98,1.742
3.4286,28,5.91369,1.09895,859,2.85716,33.94,-118.19,1.906
3.9125,38,4.73119,0.99231,1612,3.07853,32.8,-117.27,1.832
3.4864,25,3.94494,1.00961,818,2.81363,33.99,-118.02,1.817
2.7188,52,4.81768,1.09941,2972,2.94534,33.96,-118.35,0.938
5.5167,52,5.80982,1.09738,1084,2.78261,34.26,-118.1,5.00001
3.7361,16,5.56916,1.10984,539,2.63942,34.18,-118.34,3.942
3.9365,52,4.95728,1.06521,863,2.7464,38.31,-121.54,1.827
3.6308,34,5.39073,1.06778,1181,3.01333,33.92,-117.19,1.872
3.0385,34,4.90857,1.01981,954,4.91436,34.05,-118.18,1.974
6.7011,16,6.84312,0.99452,3636,2.84761,34.28,-118.37,3.932
8.5227,22,6.07941,1.03962,1387,2.81342,37.81,-122.06,3.854
4.5092,9,5.81542,1.07934,1649,3.39286,37.9,-121.82,1.818
8.0203,32,7.36101,0.98846,907,2.91853,32.8,-117.9,5.00001
4.8167,24,5.79063,1.05854,1379,2.72491,34.22,-118.21,2.721
4.0663,21,6.36667,0.99076,541,3.73767,32.76,-117.25,1.939
2.3892,36,3.82667,1.04912,926,2.81421,40.31,-124.18,0.724
1.5389,52,4.82726,1.05721,1763,3.83733,37.68,-122.09,0.913
4.0625,44,5.63781,1.13882,1291,3.24051,33.78,-118.24,1.813
6.0589,35,6.05913,0.97976,959,2.58353,33.73,-118.18,5.00001
7.7167,42,7.19231,0.95891,906,2.73939,37.32,-121.42,2.731
7.1089,34,7.63941,1.03719,1322,2.84922,33.91,-117.96,5.00001
5.8587,41,6.12981,1.06854,771,3.58891,34.21,-118.23,2.819
4.8295,29,5.45789,1.01792,896,2.98216,37.31,-122.48,2.197
3.2071,16,5.87837,1.07955,1423,2.76626,34.08,-118.07,2.923
3.6087,4,4.83546,1.11359,559,3.03854,34.06,-118.26,1.819
3.8125,16,3.90426,1.01078,893,2.58333,33.94,-118.15,1.078
4.1212,16,5.06422,1.05919,1676,2.57235,34.14,-118.23,2.711
3.1029,34,3.78823,1.04081,661,3.099081,34.1,-118.03,1.898
8.8462,12,8.04945,1.07938,831,2.49861,37.62,-122.01,5.00001
3.2085,35,4.82413,0.97914,2917,3.20405,33.99,-118.36,1.531
3.3188,26,4.83584,1.01867,1123,2.76483,33.32,-118.35,1.822
5.9073,33,5.61136,1.06431,634,2.92771,33.75,-117.98,3.739
5.0522,43,6.53944,1.03229,798,2.81432,33.75,-118.43,2.822
2.4854,52,4.44231,0.9875,686,2.03922,32.72,-117.04,1.914
3.0231,25,5.83584,1.06788,1485,2.95746,37.82,-122.22,2.935
3.2051,26,5.07324,1.04281,1583,2.93886,33.83,-118.01,1.619
1.9292,9,4.93914,1.06973,2052,2.81232,36.8,-119.87,0.746
1.9688,36,3.92901,1.16054,1146,1.63934,34.19,-118.34,1.942
3.7084,36,4.92933,1.03837,2195,2.97934,34.1,-118.21,1.917
3.1406,52,4.98329,1.03885,1265,2.72389,37.97,-122.31,2.819
2.3125,12,5.81695,1.04537,1319,1.97913,33.78,-117.33,1.944
4.1722,21,4.80892,1.03846,1082,2.87926,37.74,-122.07,1.731
3.7019,15,4.76445,0.94382,1375,2.94311,34.01,-118.38,2.043
3.6598,52,4.95565,1.16172,1730,3.96562,33.71,-118.36,1.543
5.2735,21,5.56736,1.03856,1222,2.3694,37.38,-122.47,2.719
3.1183,39,4.96636,1.01195,1371,2.39064,33.92,-118.38,2.813
2.9485,34,3.83944,1.06927,1141,3.16894,33.87,-118.31,1.516
4.0132,18,7.17333,1.07933,956,2.80556,37.67,-121.25,1.913
5.2425,52,5.89721,1.05743,1043,2.92913,33.74,-118.24,2.846
5.7196,34,6.89831,1.06422,554,3.03961,33.96,-118.33,2.375
2.0208,18,4.83514,0.96687,3227,2.99452,37.71,-121.48,1.876
4.7533,52,5.16667,1.03935,857,2.87946,32.79,-117.27,1.083
2.876,27,3.96519,0.99152,1183,3.35894,33.87,-118.06,1.958
2.7125,27,3.92321,1.07879,696,2.6675,37.98,-122.34,1.818
4.1071,34,6.25,1.10667,1342,2.63933,37.7,-121.81,2.741
2.8125,35,5.55806,1.04917,1255,3.91715,37.63,-121.23,0.932
2.6188,34,4.81887,1.07726,948,2.90721,33.97,-118.28,1.919
4.1782,34,5.63419,1.06871,1437,2.63839,34.07,-118.2,3.857
4.6111,29,6.09731,1.04921,1388,2.7619,39.29,-121.93,0.865
2.6637,39,4.73958,1.05955,1030,3.12011,37.75,-122.42,1.858
3.0895,28,6.66464,0.94598,678,3.03918,33.94,-117.13,1.062
2.4826,22,3.4,1.05031,690,2.54313,36.59,-121.91,1.711
2.8196,52,4.71731,1.00596,834,3.81914,38.53,-122.32,1.841
3.8185,16,5.05844,1.05847,1586,2.87925,37.66,-122.18,2.058
4.1771,52,5.03972,1.05813,912,2.91924,37.76,-122.21,3.531
3.1379,36,4.91831,1.06878,497,2.93883,37.92,-121.77,2.913
3.8477,35,6.92986,1.14097,1375,4.13753,37.66,-122.05,2.531
4.5132,35,4.79081,1.06832,1383,3.19093,37.97,-122.03,3.841
3.5965,17,4.91473,1.04973,1176,2.8983,33.99,-117.07,1.944
1.9115,27,3.73831,1.08621,822,2.92278,33.86,-118.43,2.942
3.6359,13,5.87958,1.04079,537,3.05871,37.53,-122.4,1.633
3.7188,34,4.64092,0.99889,1285,3.30963,33.87,-118.38,1.821
1.7266,22,4.09091,1.07143,862,2.81781,36.52,-119.97,0.921
3.7921,18,4.08816,1.07621,2792,2.72289,34.16,-118.42,1.814
3.4306,45,4.94479,1.03814,1043,2.85834,34.1,-118.35,2.813
4.3629,30,4.82626,0.95716,1638,2.56941,34.06,-118.26,1.926
4.0348,34,4.83695,1.01556,1048,1.95895,32.75,-117.99,2.823
3.4585,24,5.93731,1.05735,1322,2.57143,34.19,-118.13,2.038
5.9079,27,6.08721,0.92655,1082,2.87813,37.75,-122.41,2.542
4.9194,40,5.08722,1.05868,1478,2.78894,38.43,-122.28,3.531
7.9019,36,7.93631,1.09915,636,2.86345,37.32,-122.42,5.00001
5.5946,52,5.53715,1.12112,498,2.81684,37.79,-122.01,2.716
3.5208,20,4.81165,1.04051,1331,1.83818,33.12,-117.06,1.838
2.9928,9,5.94492,1.07831,1042,2.81946,37.8,-122.29,0.966
3.907,18,5.9076,1.01348,1435,2.63742,32.76,-117.32,1.852
2.8125,12,6.88984,1.02197,2386,3.07923,36.63,-119.64,0.848
5.1422,11,5.07831,1.05394,897,2.55894,37.65,-121.34,2.955
4.6102,34,5.90885,1.08091,1061,2.91351,33.84,-118.37,2.926
8.5151,38,7.58462,1.09722,707,2.78761,37.87,-122.39,3.813
2.7019,27,4.63436,1.03732,1061,2.81395,33.79,-118.3,1.858
6.0422,10,7.61935,1.06933,1388,2.71678,37.65,-121.85,2.835
2.2375,38,4.83891,1.04098,1246,3.92684,33.84,-118.2,1.904
4.6708,25,4.81914,1.04708,1636,2.61172,33.79,-118.15,3.042
3.0886,31,5.91234,1.08732,1323,2.67889,34.19,-118.01,1.723
7.1938,20,7.53416,1.16981,898,2.38861,33.91,-117.92,3.857
2.2081,31,4.72473,1.0049,982,2.74482,33.85,-118.23,1.965
3.2291,32,5.71712,1.03973,823,2.55982,33.85,-118.24,2.936
1.8333,33,3.65625,1.07853,1495,2.81357,34.04,-118.32,1.818
2.5583,33,4.93611,1.08935,1321,2.81452,33.96,-117.12,1.837
2.9062,35,4.91873,1.03873,1525,5.27083,34.08,-118.12,1.857
6.2871,22,6.73863,0.96531,2639,4.18333,34.02,-118.15,2.813
2.7167,15,5.08895,1.00892,1190,3.05919,37.77,-121.8,1.894
2.25,37,4.56697,1.12982,1471,3.71595,37.88,-121.97,1.731
4.5532,34,5.14863,1.058983,1713,3.04991,33.78,-118.17,1.879
3.097,35,4.68333,1.06633,479,2.87833,34.02,-118.21,2.543
4.5167,41,4.93542,0.94592,742,3.04932,38.55,-122.31,1.848
7.9167,14,7.34659,1.13982,1056,2.72223,33.82,-117.9,5.00001
4.1908,17,5.93399,1.03887,889,3.0422,34.06,-118.13,1.938
2.9191,34,4.83895,1.04491,2055,2.55364,33.99,-118.35,1.903
10.7308,27,6.72362,0.9538,1369,2.98452,34.12,-118.06,5.00001
5.3617,30,5.87955,1.03914,726,3.73955,34.19,-118.35,1.814
2.5553,35,5.91719,1.03883,1372,2.96417,33.92,-118.23,1.852
4.5227,52,5.53119,1.07841,856,2.82652,37.76,-122.02,1.815
1.7013,52,4.92739,1.07811,1763,3.09788,33.93,-118.17,0.734
4.5208,35,4.57898,1.07826,1332,2.63622,34.05,-118.36,3.722
4.9125,47,5.98856,1.06912,1373,2.87429,38.33,-121.33,1.873
5.0595,34,6.92275,1.14082,1256,2.9082,34.15,-118.31,3.417
4.6292,17,5.84861,1.11891,1062,2.93873,37.66,-122.34,3.839
11.0391,34,6.93475,1.03954,1238,3.1601,33.87,-118.33,5.00001
4.9792,34,4.81846,0.98882,1292,2.95893,34.28,-117.9,1.835
7.1174,33,6.71757,0.97919,765,2.89742,33.89,-118.29,3.908
2.9348,10,3.94431,1.03974,949,2.82788,34.16,-119.06,0.919
3.5083,29,6.50863,1.06878,471,2.96774,34.08,-119.04,0.938
3.5062,28,5.92938,1.11881,1039,2.73533,33.93,-117.95,1.639
2.6378,52,4.90735,1.00787,1155,2.75882,32.8,-117.98,1.821
4.2479,52,5.71591,1.06719,1871,2.95721,37.76,-122.12,2.932
3.8125,33,4.93635,1.03965,926,3.12097,33.88,-118.41,1.822
1.7922,18,3.81906,1.06437,652,3.56964,33.82,-118.31,1.817
2.4125,26,4.85733,1.04167,3164,2.69297,32.66,-117.16,1.058
3.8333,19,4.79097,1.04279,617,3.29571,38.52,-121.27,1.534
1.8148,35,3.91342,1.06499,1287,2.90633,34.31,-118.07,1.826
2.4125,33,5.03906,1.06465,1083,2.72215,33.89,-117.26,0.721
6.3938,17,7.29571,1.07857,845,2.84762,37.74,-122.41,2.852
1.7855,52,5.08902,1.01449,972,2.72211,33.89,-117.17,0.738
2.8191,44,4.45962,0.97226,1237,2.76954,38.58,-122.11,0.734
2.5742,16,4.3813,1.03591,1061,2.53492,38.66,-121.43,0.722
2.5208,52,5.81906,1.15259,1537,2.82762,34.04,-118.17,0.844
2.3575,36,4.87971,1.03941,1657,2.92321,34.17,-118.08,1.933
6.4188,52,6.81434,1.05979,1551,2.94781,37.83,-122.27,5.00001
2.7532,18,4.3694,1.04726,857,2.81723,37.91,-121.95,1.818
3.0902,47,4.88101,1.14094,1486,2.91908,33.92,-117.88,1.878
4.2581,26,6.53926,1.06731,926,3.83741,37.75,-122.21,3.098
4.1183,50,5.95856,0.98355,1282,2.58862,37.54,-121.27,2.821
2.4194,22,3.91731,0.93837,1273,3.01981,34.1,-118.33,1.611
4.6589,32,5.96414,1.03855,852,3.27962,34.1,-118.07,1.831
3.0281,36,4.96593,0.98818,1154,2.83655,37.32,-122.09,3.086
3.75,26,5.91873,1.08849,1231,2.94637,33.89,-118.16,1.814
2.5196,36,3.9079,1.03964,2313,2.71142,33.88,-118.1,1.053
2.5221,28,5.85914,1.01963,1038,3.24389,37.32,-122.23,1.829
5.6019,38,5.81839,1.08852,1009,3.63938,34.14,-117.92,2.948
7.7111,42,8.05735,1.03958,1567,3.25402,34.07,-118.18,4.844
2.6761,21,4.83735,1.06364,1685,3.52761,35.18,-119.98,1.066
8.9292,15,8.91775,1.03742,771,2.76467,33.84,-117.09,2.731
4.6111,37,6.82445,1.07769,835,2.72613,37.67,-122.3,5.00001
3.1406,41,4.59093,1.04882,549,2.95885,34.06,-118.25,2.818
1.7231,30,4.85817,1.11353,1271,2.70962,36.79,-119.97,0.821
3.8167,21,6.93882,1.05813,1331,2.81716,34.04,-117.29,2.071
4.5132,15,6.93582,1.06632,1090,2.58987,33.75,-117.09,1.823
6.2906,32,6.43714,1.03785,723,2.85783,33.87,-118.29,3.838
2.2323,17,5.93542,1.03734,892,2.96714,34.14,-118.33,0.724
3.9115,34,3.81785,1.06838,1598,2.56633,34.21,-118.25,1.932
7.2773,33,7.82893,0.93675,785,2.83562,34.16,-118.08,4.542
2.3693,13,3.96422,1.03896,851,2.7979,33.87,-118.34,2.084
3.4088,45,5.84633,1.03906,846,2.93906,33.81,-118.21,2.742
2.6692,49,4.87913,1.00811,1051,2.82762,37.74,-120.89,0.721
6.0262,17,7.62344,1.10331,1545,2.96631,38.65,-121.76,2.819
5.6862,16,5.00894,1.10442,1331,2.73909,37.98,-122.27,2.871
2.5194,37,3.64259,1.03722,1872,1.94482,37.71,-122.4,0.958
1.8333,28,4.95385,1.03818,1641,2.95836,34.09,-118.03,0.826
3.2539,33,4.91871,1.03775,1431,2.83775,34.05,-118.39,1.821
2.9385,44,4.73533,1.01862,1631,2.76634,34.11,-118.3,1.097
3.8266,24,5.71911,1.03771,1462,2.98963,36.97,-119.95,1.633
2.7167,23,4.92973,1.07895,665,3.23208,34.03,-118.21,1.826
1.8333,21,3.50303,1.05735,531,1.91738,33.86,-118.35,1.821
4.9081,36,4.81871,1.05731,688,2.93901,34.43,-118.44,3.731
2.9167,45,4.92218,1.03964,959,3.3917,37.3,-121.69,1.898
4.2043,15,4.68181,1.03851,1131,2.84308,33.66,-118.19,1.908
4.064,35,5.04965,1.03782,719,2.94835,37.69,-122.27,2.527
3.2742,36,5.73593,0.98672,479,2.81349,37.67,-122.48,0.814
8.5208,33,6.97943,1.07922,1071,2.69863,34.07,-118.28,5.00001
5.5578,23,5.92932,1.03822,1743,2.92322,33.8,-118.46,3.871
3.1668,50,3.92442,1.06542,681,2.70882,33.81,-118.44,0.847
5.9069,20,6.20486,1.06851,979,2.91923,34.04,-118.17,5.00001
4.0584,17,5.93562,1.06934,935,2.81818,37.83,-122.21,2.732
2.1544,42,3.90836,1.07531,1765,1.9914,35.32,-119.25,0.826
4.0155,38,5.79881,1.02197,818,2.71592,39.31,-121.82,2.731
4.3532,52,5.86951,0.96322,707,2.49071,37.83,-122.28,2.821
4.6167,38,5.84738,0.91478,792,3.90792,33.88,-118.11,2.333
3.5111,13,4.72468,0.98984,697,2.67983,37.9,-122.18,1.924
3.6156,36,5.97988,0.96766,1455,4.59091,37.32,-122.04,1.851
2.9167,9,3.86538,1.05988,3170,3.81922,33.72,-118.2,1.923
4.2833,33,5.14791,0.96535,1201,2.96698,37.97,-122.41,2.531
5.0962,39,5.89821,0.93895,805,2.59452,37.31,-122.19,3.875
3.0814,37,5.81942,1.06523,1267,2.50862,33.91,-117.14,1.821
4.4574,46,5.97923,1.00385,1066,3.38333,34.37,-118.37,3.924
4.8167,52,6.14333,1.00385,1683,2.95296,32.76,-117.12,1.619
5.5167,36,5.60602,1.00862,1263,3.18076,37.98,-122.23,1.817
4.3329,52,5.96694,1.058981,952,3.16385,39.16,-122.31,1.917
3.3815,18,6.93735,1.08722,1685,3.30961,32.8,-117.14,1.812
2.7196,52,4.72284,1.02573,845,2.81341,34.03,-118.35,2.868
7.7154,35,7.72231,0.97774,932,2.82221,34.19,-118.38,5.00001
3.6103,32,4.85413,1.01881,1839,2.07839,37.93,-121.97,2.938
4.0663,31,5.93781,1.05724,1631,2.92639,33.86,-118.26,2.934
0.7851,31,4.81321,1.03782,979,2.73973,36.31,-119.97,0.922
2.8982,33,4.93882,1.06922,1140,2.81683,33.98,-118.43,1.826
5.1931,17,6.33891,1.03732,1016,3.92286,37.64,-122.34,3.819
4.2022,27,5.97938,1.09869,1583,2.95521,33.91,-117.08,2.844
1.5883,24,3.81821,1.05854,790,3.01508,32.8,-117.98,1.856
3.1576,52,5.27863,1.00789,1881,3.92296,37.38,-122.27,0.976
6.0083,23,6.73931,1.16079,722,2.91913,37.75,-122.41,2.847
5.2115,29,5.07974,1.09818,1054,2.95786,37.81,-122.51,3.719
4.5491,40,6.74598,1.03835,697,3.17081,38.29,-121.32,1.819
3.8185,52,5.82362,1.05876,789,2.83942,34.26,-117.02,1.902
3.4598,33,4.79081,1.11031,1455,1.93933,37.39,-122.39,1.912
3.1285,15,4.90735,0.99891,1449,2.82435,33.89,-117.78,1.935
8.0203,42,7.87833,1.00897,874,2.76483,33.92,-118.13,5.00001
3.1038,18,4.08721,1.07821,949,2.3833,38.65,-121.62,1.946
2.6061,26,6.38951,1.01069,2422,2.59385,38.34,-121.98,0.818
5.3155,22,6.07821,1.10584,907,2.93861,33.8,-117.65,1.631
7.2861,38,7.81363,1.05838,932,2.78961,37.98,-122.01,5.00001
4.9194,52,5.89819,1.04902,1613,2.65862,37.75,-122.31,1.542
2.4306,27,4.81913,1.08821,1686,3.17647,33.77,-118.48,1.534
3.4818,35,4.96782,1.12081,1182,3.59063,33.84,-118.08,1.913
4.1544,35,4.71186,0.92788,1357,3.10961,34.15,-118.09,2.895
5.3194,18,5.03871,1.06631,929,2.88429,33.72,-118.43,3.521
4.2058,38,5.81838,1.06635,1366,2.98153,33.76,-118.32,1.842
1.7825,22,3.58981,1.03896,783,2.94432,33.84,-118.08,2.621
4.0208,18,5.85835,1.1375,917,1.73533,37.78,-122.14,2.065
3.4898,52,5.85715,1.03959,634,2.50961,33.93,-117.96,1.897
3.5905,52,5.96581,1.03738,1117,2.80442,38.61,-122.19,1.731
0.9338,11,2.81771,0.92895,1819,3.63863,37.97,-121.91,0.723
4.2885,18,5.88938,0.98895,1130,3.71144,34.08,-118.43,1.922
2.6389,30,5.73833,1.00863,688,2.57963,38.31,-122.35,1.967
3.9659,22,4.86851,1.06615,1139,3.18894,34.16,-117.22,1.871
8.8196,35,7.98831,1.06422,1526,2.63739,32.9,-117.9,3.542
6.8125,12,6.93741,1.06567,723,3.27111,37.37,-122.42,2.832
1.8188,34,4.97723,1.09921,1084,2.86319,35.32,-119.95,0.979
3.2454,30,4.95794,1.11402,797,2.40984,37.97,-121.89,1.637
3.7179,44,4.91383,1.09958,1366,2.85976,34.19,-118.29,0.878
2.1323,42,4.89726,1.11861,896,2.57897,38.3,-121.63,0.913
4.5,17,5.17791,1.04167,1161,2.63636,37.37,-122.02,2.097
4.7538,52,5.81291,0.97931,1313,2.95542,37.41,-122.07,1.099
5.5294,36,6.87438,1.10495,1201,2.20294,34.2,-118.21,1.942
4.4561,37,6.01863,1.03872,1562,2.93387,34.18,-118.15,3.058
2.9132,52,3.23292,1.07828,926,1.81937,36.57,-119.27,0.818
3.4286,36,5.61189,1.07731,1063,4.61189,33.64,-118.15,2.929
3.6542,33,5.95946,1.07895,2387,2.69068,33.78,-118.25,1.917
2.9226,32,5.83945,1.07818,498,3.83845,38.52,-122.26,1.791
1.9817,35,3.83854,1.07923,1455,2.06475,33.74,-118.02,1.917
2.9708,21,5.90439,1.07632,2033,2.73216,38.46,-121.44,1.724
3.2365,16,5.81879,1.02461,1319,2.73935,33.94,-118.42,1.913
3.1034,27,4.33353,1.05735,1287,2.72315,37.67,-122.32,1.636
2.3125,47,3.92618,1.07865,985,2.63412,34.16,-118.21,1.946
2.5196,35,4.25455,0.97823,1199,2.78814,37.98,-120.54,0.976
2.6825,25,4.84571,1.03738,790,3.54786,33.93,-117.9,1.814
10.7125,34,8.82957,1.04452,852,2.62472,37.38,-122.22,4.816
3.5568,24,4.96592,1.03932,817,3.95961,33.84,-118.37,2.938
3.7107,27,4.39094,1.03991,1233,2.75143,32.75,-117.97,1.852
3.1531,19,5.27761,1.03954,646,2.45791,37.9,-122.18,1.724
5.2432,52,5.07938,1.07938,1353,3.86478,33.84,-118.29,2.037
3.8192,16,5.49984,1.03886,1683,2.98811,37.54,-121.97,1.813
2.6019,38,5.91856,0.9835,1114,2.73419,37.6,-122.35,1.821
3.9086,22,3.93697,1.01074,1584,3.63472,33.71,-118.34,2.907
1.5221,33,4.23797,0.95983,1795,2.89731,34.09,-118.39,0.979
7.5341,33,7.45897,1.07895,935,3.54795,33.99,-118.33,5.00001
2.6826,34,5.71153,1.03452,715,2.72295,32.73,-117.84,0.813
3.1905,35,6.05835,0.97744,1366,2.90875,33.97,-118.46,1.913
3.1423,52,5.37894,0.93914,835,2.91878,34.19,-118.31,1.955
4.0814,17,6.62219,0.93344,1279,2.06696,36.37,-119.86,1.831
8.6111,36,7.079062,1.0219,1679,2.93434,34.25,-118.27,5.00001
1.8167,52,4.94633,0.95523,1066,2.84821,38.53,-121.87,0.935
3.0227,43,4.71935,1.07818,1665,3.73979,32.79,-117.94,1.831
3.4125,14,4.71118,0.95521,785,2.63693,32.9,-117.16,1.908
3.2321,12,5.08813,1.099081,1146,3.93464,34.03,-118.13,1.834
1.7231,37,3.82827,1.06615,2399,2.63412,34.02,-118.16,1.904
4.7173,36,4.99078,1.06468,1696,3.56973,32.72,-117.15,1.822
3.5181,17,5.82457,1.10455,1817,3.08556,33.78,-117.92,1.944
3.5227,28,6.20278,1.10779,1327,4.81717,37.38,-122.22,2.819
3.5531,16,4.83693,1.05936,917,2.82963,34.17,-118.21,2.375
3.7083,36,5.98829,1.00476,1333,2.61185,33.98,-117.25,1.583
3.8023,31,5.81892,0.93436,1145,2.89542,37.83,-122.37,2.943
2.9387,31,4.89839,1.078981,542,2.81881,38.56,-121.83,1.934
3.8348,21,4.82378,0.96465,785,2.88961,33.82,-117.83,1.832
5.0708,28,6.03957,1.08724,928,2.63846,37.93,-122.2,1.726
6.6111,52,6.08914,0.99081,945,3.01097,37.78,-122.04,2.839
3.7817,43,4.47152,0.97437,1438,3.0675,37.94,-122.19,1.125
3.0281,46,4.56936,1.03786,1332,3.39167,38.59,-122.32,1.895
3.5181,52,4.33961,1.06441,818,3.09822,33.79,-118.31,1.878
7.6306,32,6.63853,1.06563,1152,2.72372,34.11,-118.27,3.822
4.1904,37,5.96613,0.98813,1837,2.85793,33.91,-118.4,1.973
6.5893,42,7.63922,0.96598,635,2.67897,34.1,-118.3,3.125
3.0208,37,4.73847,1.03722,2188,2.63847,34.16,-118.29,3.25
3.5985,38,5.93845,1.01791,576,3.22222,34.19,-118.19,1.818
2.1661,27,4.83582,1.06715,856,2.63929,34.01,-118.25,1.625
3.7102,32,4.98814,1.09611,1610,3.07967,34.13,-118.42,1.813
2.1605,42,3.90219,1.03837,1656,2.49086,33.62,-118.3,1.851
2.8022,14,4.95745,1.03831,1826,5.13894,37.66,-122.43,3.521
4.5221,37,5.89821,0.98821,1733,2.81733,33.89,-118.33,1.819
2.9063,9,4.73886,1.03918,1849,3.03886,37.97,-121.85,1.853
2.8333,52,3.62432,1.02192,2153,2.5625,34.22,-118.35,1.541
3.8222,30,5.50892,1.06794,1383,2.03979,34.15,-118.41,2.819
6.6394,37,5.89821,1.11961,1092,2.96421,37.79,-122.44,4.821
1.9125,38,4.85433,1.02567,2032,2.96629,34.13,-118.26,1.823
2.7179,16,4.74935,1.08931,589,2.72419,34.12,-118.46,1.914
2.8125,31,5.36209,1.02118,1083,1.84933,34.17,-118.38,1.058
3.6179,22,4.74469,1.03791,951,2.56485,33.91,-117.88,1.964
1.9063,36,4.85955,1.10962,1555,3.48761,33.98,-117.97,1.851
2.0208,5,5.81483,0.93563,1565,2.92474,38.52,-121.42,0.619
3.0875,22,4.81819,0.96931,1545,2.76437,32.74,-116.27,1.532
2.6908,27,4.55862,1.04195,1144,1.92813,33.83,-118.13,0.594
7.4135,26,6.83892,0.94882,1151,2.48222,37.93,-121.48,5.00001
3.7231,52,5.08624,1.05611,1317,2.53941,35.37,-119.97,0.828
4.3957,42,5.82456,1.07929,1141,3.95529,38.34,-122.42,2.743
4.2476,16,6.53913,1.06872,795,2.45216,37.64,-120.91,1.821
2.7191,16,4.89874,1.07919,1062,3.27078,33.87,-118.43,1.392
4.8304,52,5.73823,1.08854,876,2.89737,34.1,-118.31,3.891
1.7031,36,5.92215,1.03254,822,2.70332,37.84,-122.46,0.966
6.3421,7,6.72298,1.07895,1330,2.95562,33.82,-118.19,2.923
2.9865,36,3.85238,1.09814,1218,2.81917,34.13,-118.07,1.819
2.8209,20,5.35863,1.01882,772,2.93417,33.75,-117.98,1.913
3.8571,52,5.89096,1.03773,1697,3.92667,34.16,-118.34,1.821
2.3553,19,4.81729,1.06437,2421,3.30379,37.67,-122.23,1.542
5.3308,29,5.81779,1.08846,1284,2.84562,37.33,-121.78,2.531
3.0455,44,5.83583,1.11792,1718,2.94629,36.34,-121.81,0.904
4.7155,16,5.29981,1.04167,1081,2.84882,34.03,-118.35,1.859
1.9625,23,3.48256,1.05871,554,2.86943,36.81,-119.72,0.821
2.6767,18,5.78878,1.00495,954,2.49087,38.64,-120.98,0.958
3.5208,26,4.93573,1.04923,779,2.95892,33.98,-118.05,1.417
4.6196,52,5.33861,1.03974,1619,2.97774,34.17,-118.38,3.611
2.5491,24,2.92901,1.03832,921,3.18097,38.61,-121.46,0.811
5.1321,52,6.83726,1.03716,786,2.93895,34.03,-118.3,2.547
2.6135,36,5.12054,1.03738,1321,2.95516,33.99,-118.28,1.625
5.6308,42,5.54746,1.09723,1057,2.34385,34.08,-118.11,2.058
3.8333,23,4.88214,1.06615,1833,2.20891,33.99,-118.34,2.073
2.2032,52,3.93867,1.058981,762,2.81657,34.02,-118.02,1.938
4.3563,20,5.05827,0.98811,454,2.36103,37.66,-122.32,3.766
2.6196,33,4.91375,1.07854,971,2.56205,34.07,-118.32,1.827
4.1862,19,5.24455,1.04185,2047,2.84491,34.14,-118.34,1.931
3.6906,38,5.03842,1.10981,1201,4.63636,36.66,-119.83,0.764
4.1371,18,5.39861,1.08521,596,3.03796,33.91,-117.11,1.835
4.5231,38,3.91821,0.89719,1373,2.91912,34.13,-118.21,3.638
3.8158,20,5.87861,1.04964,1334,2.53119,37.74,-121.94,2.744
4.2379,34,5.13891,0.98829,909,2.82221,33.89,-117.82,1.829
2.6181,52,5.96663,1.09895,1685,2.94855,37.77,-122.45,0.955
2.1398,28,5.96542,0.97903,2383,2.38667,32.84,-117.87,1.898
4.8477,35,5.73474,1.04922,1031,2.92918,33.79,-118.05,3.721
4.7204,12,5.94435,1.01143,1783,2.96412,37.76,-121.84,1.735
4.8333,22,5.97964,1.05819,1773,3.05876,37.33,-121.82,2.831
2.5,22,4.81487,1.00446,2321,2.99087,37.98,-122.32,1.845
3.064,37,4.81431,1.03873,1342,2.91908,37.82,-122.17,1.933
3.1292,36,5.94515,1.03854,1737,3.00961,33.98,-118.1,1.521
4.0221,15,5.9078,1.07933,1552,2.81941,37.32,-122.13,2.621
2.5194,14,2.61935,1.05734,1485,3.93375,34.02,-119.29,1.079
2.7708,36,3.93733,1.06586,1051,2.48961,34.16,-118.03,1.964
3.8333,33,5.94767,1.04766,1749,2.74942,34.16,-117.27,1.907
5.5331,26,5.61142,0.99333,1155,2.93821,33.97,-118.37,2.831
4.5167,46,5.96423,1.04933,1158,2.73531,38.31,-121.35,1.875
2.8571,29,3.72222,1.19079,1342,1.94478,32.73,-117.96,1.907
2.1632,22,4.91932,1.09873,1053,2.81319,34.37,-119.76,1.813
3.0892,35,5.82322,1.03362,766,2.98326,33.84,-118.16,1.878
6.3084,52,6.53964,1.18079,1699,2.93833,37.73,-121.9,2.634
5.0113,24,5.76636,1.05621,1538,2.84241,37.97,-122.28,2.922
3.4594,31,5.63972,1.04971,757,2.78836,37.97,-121.93,2.817
4.7223,31,4.85414,0.98868,2052,2.53908,34.1,-118.44,1.566
2.4522,52,3.58889,1.09839,892,2.82277,34.06,-118.32,1.822
3.8255,52,5.88273,1.06625,898,2.96625,33.92,-118.03,1.208
3.5054,27,4.93837,1.03767,1045,2.83769,33.88,-118.39,2.738
3.3893,40,5.20862,1.06423,1697,3.03893,36.66,-119.8,1.531
4.076,17,6.28962,1.07719,607,2.97935,37.78,-122.09,1.845
5.0769,34,7.55211,1.03942,1449,2.92323,34.17,-118.33,2.721
2.8148,52,3.53389,1.02129,1331,2.81235,33.98,-118.18,1.982
6.0828,8,6.04923,1.04923,838,2.76422,33.91,-117.9,3.521
4.7223,28,5.73572,1.11097,631,2.81861,37.57,-121.81,1.907
3.2322,18,4.95208,1.05328,1066,2.8813,34.16,-118.3,1.521
2.7115,28,5.91465,0.83587,1326,2.63957,33.85,-118.32,1.919
3.4306,23,4.92732,0.98981,1462,2.71184,37.81,-122.35,2.065
3.9167,15,4.35892,1.02933,1235,2.81254,34.14,-117.12,2.813
2.9073,52,4.95522,0.96521,1281,3.00485,34.02,-118.11,1.077
3.082,27,5.95718,1.01078,933,3.83618,38.31,-121.87,1.932
2.6393,40,4.92278,1.05897,873,2.92278,33.81,-117.32,1.847
3.067,26,5.35897,1.05821,1872,2.37981,38.51,-121.8,1.832
3.8333,22,5.73922,1.06639,2035,4.87419,33.75,-117.08,0.818
1.5341,25,5.24167,1.00863,965,2.86304,36.6,-120.43,0.931
2.8227,15,4.82915,1.09914,1073,2.71719,33.82,-117.95,1.919
3.0227,52,4.93532,1.03962,1134,2.84437,34.08,-118.35,2.543
4.5058,20,4.78889,1.03731,632,2.78853,37.78,-122.19,2.928
2.7167,26,4.45861,1.00227,789,4.19078,34.06,-118.1,1.814
1.5,35,3.84331,1.07719,957,4.26297,34.04,-118.16,1.821
4.1373,26,5.16079,0.93934,1378,2.97934,33.86,-117.25,1.715
4.1575,33,5.03784,1.15659,686,3.39232,33.68,-117.92,1.078
3.1042,27,4.91389,1.03898,1419,2.91779,36.76,-119.87,0.769
3.0372,21,4.97152,1.08521,1343,3.91254,34.43,-118.3,2.846
5.8708,35,6.07942,1.03867,859,2.92853,37.35,-121.8,2.835
3.8167,43,5.91215,1.09942,1684,3.05831,33.92,-118.41,1.831
2.8761,36,4.83896,1.05556,1272,4.16208,38.62,-122.2,0.826
3.5,21,5.9081,1.00984,1201,2.68984,32.81,-117.08,3.25
7.7192,43,6.83894,0.98898,938,3.03742,33.88,-118.34,5.00001
2.5822,34,4.66434,1.05966,483,2.81369,37.74,-122.28,2.75
6.7208,36,5.97319,1.10991,932,2.81366,34.13,-118.11,2.068
3.6111,43,5.08633,1.07878,1344,3.59862,33.82,-118.39,1.815
5.1721,33,6.18982,1.06856,1065,3.62216,34.09,-118.44,2.852
2.9011,24,6.07317,0.93534,717,3.33897,35.41,-124.27,0.817
5.9063,33,6.96793,1.08724,976,3.05876,32.74,-117.09,1.944
4.2061,24,6.56974,1.09721,941,2.94619,34.1,-118.36,2.856
2.2918,25,5.56637,1.06415,1095,2.71635,33.76,-118.18,1.711
5.3945,12,5.63313,0.95296,821,2.54318,33.67,-117.17,2.788
3.0352,52,4.87419,1.15881,823,3.71614,33.74,-118.09,1.723
2.1053,36,3.91867,1.04962,639,3.92918,33.68,-118.41,1.857
4.8333,46,5.86853,1.09764,935,2.76629,37.9,-122.54,2.531
2.7393,52,3.93919,0.95942,1278,2.81332,33.96,-117.99,1.819
7.8304,25,5.09632,0.97915,1316,3.24259,37.73,-121.78,2.936
7.9306,11,7.16101,1.05819,792,3.06667,37.87,-122.29,2.942
3.5107,25,5.71561,1.02872,1395,2.82677,37.76,-120.93,1.821
3.0227,22,5.89824,1.03867,1610,2.85633,33.89,-117.91,1.541
2.0708,19,4.92907,1.06433,1119,2.93713,34.05,-117.98,0.813
2.4186,30,4.91929,1.00981,849,2.81712,38.26,-122.36,0.946
3.0385,17,5.81491,1.07846,1398,2.78273,37.56,-121.83,1.938
2.5673,36,4.91903,1.06919,2539,2.95228,33.71,-118.25,1.929
3.8125,36,4.81614,1.06437,1174,2.93686,33.74,-118.1,1.531
2.2558,35,3.81369,1.17861,1782,4.81369,34.03,-117.93,1.731
6.5714,35,6.08273,1.03738,1509,2.71365,37.75,-122.09,1.958
1.7083,33,4.83437,0.96473,673,4.76473,34.01,-118.17,1.821
3.5115,32,4.84972,1.09907,1238,3.17123,34.27,-118.52,1.818
2.7179,16,4.76681,1.091,1166,4.81781,33.74,-118.15,1.929
4.8333,19,4.99081,1.09081,989,3.20952,37.75,-122.41,1.831
6.7103,33,6.12111,0.97719,811,2.91734,33.76,-117.11,3.818
5.2435,35,5.83933,1.08981,910,2.74475,37.99,-122.22,2.935
2.5167,36,4.83856,1.05822,889,3.03919,33.9,-118.43,1.838
2.9011,38,3.53946,1.17792,835,2.58217,37.38,-122.04,2.543
5.7019,26,7.62435,1.11071,1355,2.76716,33.94,-117.9,2.834
2.8167,34,4.86942,1.09716,741,2.90415,34.06,-118.46,1.842
2.7935,7,4.92216,1.01861,895,2.92216,32.8,-117.84,1.819
3.75,52,5.82233,1.06746,2038,3.13861,38.58,-122.03,0.917
4.8022,19,5.92233,0.93556,823,2.79095,37.69,-122.48,3.521
2.8196,36,4.48143,1.01088,837,3.03783,37.92,-122.39,1.938
2.7125,52,5.3814,1.03814,1531,2.92627,33.88,-118.37,0.818
4.5181,39,5.4711,1.01128,823,2.63856,33.93,-118.23,1.722
1.963,14,5.39333,1.07879,746,2.87675,37.9,-121.98,0.967
4.6019,20,5.92383,1.06865,1580,2.69063,33.85,-118.41,2.631
2.1538,34,3.86521,1.06421,830,3.07918,37.36,-122.32,2.931
1.9583,52,4.89719,1.00449,1149,3.07858,36.98,-121.91,1.838
3.1476,52,5.90375,1.05834,1282,3.81821,33.85,-117.19,1.831
7.0341,35,6.73422,0.94545,731,2.90323,37.37,-122.34,5.00001
2.8125,21,4.95562,1.03973,717,2.99061,32.72,-116.86,0.965
3.9086,11,3.81439,1.05831,1207,1.81741,33.92,-118.41,2.917
5.5878,10,5.93594,1.05821,1378,2.73692,37.7,-122.45,4.721
4.7292,52,5.83821,1.04932,1431,2.98946,34.05,-118.33,3.816
5.5521,36,6.07961,1.00991,1346,2.91722,38.45,-121.98,1.938
3.5172,23,5.95894,1.09821,1219,2.89746,34.02,-118.22,1.735
2.7861,34,4.90725,1.06586,1337,3.30981,32.83,-115.46,0.735
4.8125,24,5.53944,1.05878,1806,2.63655,34.1,-118.36,1.826
2.8167,29,4.63918,1.06822,1219,2.97908,33.68,-117.11,1.858
2.6909,52,3.91776,1.01078,1237,3.09915,39.35,-121.3,0.938
3.0227,26,4.82398,1.02846,1431,2.29792,33.9,-118.1,1.908
7.5231,35,7.56931,1.04918,1071,3.81872,33.94,-117.17,5.00001
3.8333,36,4.73865,1.04967,1365,3.16897,34.11,-118.43,2.908
5.3092,22,5.71723,0.97784,2445,2.71181,34.1,-118.32,2.811
3.2573,31,4.68981,1.07852,943,3.06933,33.78,-118.13,1.531
3.8948,46,4.88818,1.04364,1819,1.83211,38.01,-122.31,1.924
3.1522,47,5.81471,1.03918,1520,3.03918,34.04,-118.21,1.861
2.1955,26,5.8791,1.05834,1571,4.59098,37.67,-121.89,0.878
5.4385,36,5.22982,1.03931,1178,2.74318,33.83,-118.47,2.839
5.7111,28,5.82752,1.03862,2116,2.90856,33.79,-118.13,1.861
2.6111,16,4.83562,1.11111,872,2.56692,33.93,-118.31,1.531
4.2541,44,5.95594,1.03886,617,2.88312,36.79,-119.41,1.356
2.8348,37,5.81854,0.93856,853,2.93386,34.12,-118.39,3.722
2.5172,32,3.72285,1.062,1692,2.59094,34.09,-118.17,1.719
2.2089,24,4.98348,1.04279,1135,2.98832,34.06,-118.38,1.542
3.3195,34,5.35138,0.81146,971,2.93513,33.78,-117.87,1.821
3.5208,30,5.38462,1.06473,1223,2.92915,33.88,-117.13,1.823
3.9306,22,5.93885,1.08922,589,2.91436,33.83,-118.45,1.821
3.6341,28,4.81535,1.06832,715,3.04348,37.65,-122.28,1.521
3.9667,35,5.97935,0.98829,1173,2.03785,33.98,-117.14,1.542
4.9338,52,5.72428,1.06782,1785,3.29479,34.09,-118.32,3.542
6.9333,32,6.59094,0.95568,1276,2.8981,34.09,-118.07,3.746
2.5111,35,6.93902,1.05837,1320,2.95902,32.79,-117.18,1.531
3.0395,25,5.08716,1.03862,1216,2.88216,38.35,-121.98,1.788
5.1656,5,6.3861,1.13161,1175,2.96209,34.06,-118.12,3.9078
2.5172,16,5.72746,1.08534,1827,3.82321,38.23,-121.42,0.841
2.6336,19,5.81651,1.01058,1383,3.73854,36.9,-119.06,1.903
2.9667,36,3.84762,1.12881,856,3.78866,37.85,-121.77,1.831
4.7333,28,6.09834,1.14076,1441,2.66498,33.98,-118.29,1.813
3.0486,18,6.15402,1.07966,3294,3.04348,37.69,-121.97,1.938
3.4167,29,5.82733,0.97623,934,3.56762,33.95,-118.33,1.813
2.7308,16,5.18041,1.05831,576,2.94576,37.92,-121.84,1.913
4.0875,5,6.04365,1.01385,1523,2.90622,37.37,-122.41,3.711
4.5125,36,5.91181,0.95542,1683,2.88984,37.68,-122.32,2.667
3.0285,18,5.86894,1.05364,783,2.53939,38.44,-122.18,1.926
3.7047,17,6.3475,1.03976,1219,2.95581,37.68,-122.12,2.739
3.6879,38,4.92933,1.08731,851,3.26152,37.73,-122.28,1.856
4.4896,35,5.56472,1.05867,902,2.39073,34.08,-118.14,1.167
2.8188,37,5.61139,1.03771,882,2.49891,34.31,-118.02,1.868
2.8156,21,5.91417,1.07912,1370,3.17982,33.87,-118.17,1.081
2.7143,15,3.89063,1.07829,1332,2.86955,37.78,-122.21,1.923
2.6827,32,4.81623,1.01083,1430,2.66862,33.96,-118.41,1.813
9.1538,24,8.83941,1.15984,1034,3.03865,37.79,-122.07,5.00001
5.1883,52,6.1533,0.9375,446,3.81171,34.16,-118.2,2.973
6.8118,41,6.81742,1.07853,829,3.53914,37.94,-122.03,4.051
3.7173,23,5.91318,1.05851,684,2.85946,37.73,-122.23,1.631
3.6032,17,4.53939,0.99088,2621,3.81479,33.78,-118.05,2.938
5.3155,32,6.92872,1.03718,972,2.60897,37.64,-122.45,2.721
3.5598,28,5.05838,1.08851,2626,2.59385,34.15,-118.17,1.841
3.6592,36,4.50861,1.00891,822,2.97965,33.94,-118.41,1.838
5.3288,36,6.38387,1.06615,1095,2.76908,34.19,-118.16,2.903
5.4583,21,6.03771,1.04936,2365,2.78835,34.03,-118.17,3.919
2.6132,44,4.90721,1.09422,2321,3.14384,34.21,-118.32,1.75
7.6338,34,7.93935,1.05891,717,2.83743,34.06,-118.02,2.063
2.7111,33,3.98854,1.17861,1197,2.81423,34.15,-118.29,1.816
3.9019,36,5.82936,1.08634,856,3.92433,33.86,-117.88,1.845
4.5167,33,5.18588,1.03833,583,2.66471,33.77,-117.97,1.063
5.6105,18,6.78865,1.03935,1234,3.36894,32.85,-117.94,2.664
3.6107,16,5.17061,1.05631,946,2.85718,37.97,-121.37,1.713
2.8125,36,3.86513,1.1375,1586,2.86226,34.02,-118.22,1.879
2.2817,52,3.83436,1.03915,584,4.09051,33.97,-118.44,1.531
5.9333,37,5.16097,1.02553,1332,3.52741,33.95,-118.32,2.722
2.8125,21,4.63943,1.03452,976,3.36452,34.19,-118.31,1.722
5.1718,23,5.98868,1.02118,703,2.81722,36.93,-119.79,1.738
2.5208,23,4.92384,1.01081,1230,2.69387,40.7,-121.44,1.878
1.3939,39,4.99403,1.03967,486,3.06734,34.17,-118.21,1.731
2.0971,37,3.82733,0.97626,1779,3.05869,33.96,-117.92,0.871
2.5368,52,4.65229,1.07873,823,3.71653,37.67,-120.84,1.069
6.1091,29,6.08634,1.06745,1466,2.91431,37.71,-122.19,5.00001
4.6708,16,5.78854,1.03229,812,3.39091,37.8,-122.37,2.539
8.7167,52,7.56441,0.96664,2822,2.80897,37.84,-122.2,4.531
2.6809,24,5.93833,1.07723,845,3.91786,34.21,-118.24,1.527
4.0393,29,5.34984,1.18082,1378,2.94523,34.17,-118.22,2.521
4.1561,26,5.91938,1.01452,1086,2.96494,32.68,-117.31,1.639
4.3221,36,5.1746,1.03971,1667,2.91913,37.78,-122.25,2.619
4.6208,13,6.98841,1.05542,872,4.01984,33.95,-117.92,1.827
4.3662,32,5.18981,1.03906,1035,2.92694,37.67,-122.46,2.063
2.8083,12,4.89073,1.06543,943,2.72364,33.91,-117.92,1.838
5.6111,43,5.94731,1.06422,1147,2.93942,37.82,-122.33,4.839
2.1562,35,4.91929,0.94594,954,2.78167,33.84,-118.41,1.852
4.1804,36,5.5586,1.03908,696,2.76418,34.08,-118.27,2.636
4.7167,36,5.95821,1.00891,905,3.71635,34.12,-118.01,1.813
3.038,24,5.03786,1.03786,1538,3.09834,33.54,-117.68,1.895
1.7667,29,4.88333,1.09919,822,2.96693,36.96,-119.32,0.732
4.5284,8,5.87969,1.04194,1317,3.47226,33.95,-117.09,2.811
2.8359,52,4.69063,1.04546,761,2.83569,37.32,-122.03,1.844
3.078,43,4.03931,1.03782,3221,2.92432,37.32,-122.12,1.924
4.8472,52,5.81908,1.0214,1279,3.93382,37.99,-122.3,1.935
2.5194,13,3.90354,0.96461,965,2.95714,37.74,-121.92,1.819
4.8982,36,5.98452,1.05842,1773,2.81883,37.74,-122.14,2.821
1.8983,52,4.87914,1.10963,722,2.44263,37.37,-122.42,0.879
2.8143,37,4.36556,1.08722,772,3.07917,33.92,-117.94,1.743
3.0348,30,4.87611,1.07821,792,2.82322,34.08,-118.3,1.719
4.5,35,4.72692,1.00659,2382,2.52733,37.8,-122.19,2.081
3.4038,23,6.0437,0.96439,731,2.89588,34.08,-118.3,1.842
3.2734,17,4.92222,0.98876,1053,1.92362,32.8,-117.04,1.924
4.0331,33,5.83587,1.00408,952,2.91907,34.12,-118.19,2.621
3.0718,44,6.07874,1.00588,1695,2.95719,38.28,-121.82,1.943
2.7196,19,4.74226,1.03955,1177,3.03786,38.35,-121.63,1.854
3.3189,27,5.83687,1.00863,1412,2.34761,37.73,-122.37,1.823
5.1532,52,6.0049,1.03279,789,3.07856,37.67,-122.42,1.906
4.5,37,5.91733,1.07902,1337,2.83897,38.06,-121.65,1.631
5.3663,16,6.35897,1.0439,535,2.59897,37.99,-124.07,3.929
2.1083,35,5.73415,1.01195,2131,2.6429,37.72,-120.57,0.878
3.9387,29,4.06781,1.08947,941,2.90829,34.17,-118.16,1.851
0.6353,29,4.97731,1.07971,1802,2.95562,36.82,-119.96,0.818
2.7227,15,4.73915,1.06561,1601,2.59091,35.27,-118.41,1.739
3.9052,18,5.81772,1.01058,2133,2.97957,34.05,-118.31,1.923
2.5167,38,4.63794,1.03143,854,3.63917,37.72,-122.21,5.00001
3.5,37,4.82902,1.06865,2125,2.63211,33.92,-118.34,2.964
8.8255,43,7.18984,1.06547,1341,2.96583,37.65,-122.33,5.00001
3.1858,23,4.90815,1.06442,486,3.26132,33.94,-117.95,1.859
3.9688,16,5.91397,1.05822,852,2.65301,37.77,-122.02,2.125
5.1715,46,5.84761,1.01861,661,2.61946,37.98,-121.86,2.732
4.1562,43,4.82323,1.03946,1297,2.83442,34.02,-118.02,2.521
4.1464,18,6.98819,1.03576,1334,2.81918,38.45,-121.94,1.621
2.1371,32,5.72373,0.9723,1487,2.93691,37.73,-120.97,0.719
6.8571,33,6.3775,1.13333,1199,2.69625,37.57,-121.65,3.038
4.9125,52,4.81333,1.03852,942,3.1425,33.87,-117.17,1.839
2.1885,32,4.39302,1.08637,1291,3.50862,36.32,-119.98,0.913
2.5208,23,5.81454,0.98878,1471,2.55863,36.77,-121.95,0.967
6.1423,32,7.20292,0.98344,1552,2.33333,33.86,-117.25,3.895
3.4831,44,4.67894,1.05879,1163,2.63832,33.8,-118.38,1.823
4.2631,26,5.82736,1.08742,876,2.9914,34.17,-118.07,3.923
4.7203,17,6.08813,1.12225,1034,2.91245,33.81,-117.08,2.869
3.065,36,4.90854,0.96514,1322,2.47891,34.09,-118.06,1.813
2.5745,16,5.84585,0.97929,1437,2.57449,37.39,-121.85,1.944
4.9286,34,6.55981,1.01973,1547,2.79101,34.14,-118.11,1.822
2.6471,23,4.85936,0.97912,1052,2.94481,33.77,-117.07,1.719
1.9792,15,5.90632,0.96574,1390,2.76687,36.73,-119.86,0.927
5.9019,11,5.88889,0.92287,1071,2.82686,34.17,-118.42,1.928
2.75,35,4.73623,1.1367,1454,2.81365,32.74,-114.28,1.821
6.4167,45,6.38259,1.09091,1035,4.97931,34.19,-118.04,2.072
2.6823,21,4.92916,1.07856,1832,2.61916,34.17,-118.06,1.844
1.6708,35,4.93635,1.05826,1798,3.82934,37.35,-122.11,0.854
2.8823,33,4.93378,1.07822,1554,1.98823,37.37,-122.35,1.622
3.2667,33,4.94439,1.0213,1665,2.82782,37.55,-122.04,2.935
6.6361,10,6.92661,1.03744,836,3.73526,32.76,-117.98,2.865
1.8167,17,4.81936,1.08722,1035,2.76621,38.02,-121.28,0.848
3.1789,52,5.09731,1.00556,1279,2.91917,37.8,-122.21,1.944
2.3585,26,5.07876,1.05818,2115,2.57981,34.03,-117.27,0.795
4.8055,23,5.97934,0.94741,1182,2.97934,32.8,-117.99,1.939
4.1667,52,4.81821,1.03965,878,2.82335,33.89,-118.15,1.769
1.3561,8,4.71587,1.06594,2054,3.81364,32.74,-117.82,0.851
2.8833,52,3.72313,1.05854,1327,3.63418,34.17,-117.19,0.907
6.8333,31,6.09085,1.16383,496,2.34333,34.19,-118.41,3.873
3.0335,36,4.08521,1.05818,976,3.1136,38.19,-122.04,1.828
4.0354,21,5.73944,1.06684,1438,2.55455,33.9,-117.92,2.841
5.8167,37,6.25963,0.95941,718,2.44111,33.84,-117.06,2.934
5.3199,52,7.2457,1.08749,1183,2.81333,34.01,-118.06,2.531
3.1083,35,5.63746,0.97449,1743,2.90816,34.14,-118.31,2.722
3.9188,16,4.82778,1.07876,789,2.03829,32.79,-117.93,1.621
3.0585,22,5.83526,0.97977,1392,2.72426,33.85,-117.93,2.722
2.4896,14,5.83851,1.042,598,2.92732,38.21,-122.47,1.902
4.2133,31,5.82929,1.07895,782,3.93519,33.97,-117.02,1.092
6.1911,36,6.36897,1.03901,787,2.95879,37.94,-122.38,4.838
3.1661,5,5.86716,1.02964,942,2.86563,34.03,-118.34,2.521
2.8125,43,3.61906,1.05818,1415,3.01054,33.74,-118.26,1.919
3.5261,21,5.93932,0.92907,846,3.15882,34.01,-118.22,1.873
5.7111,34,6.09831,1.04226,1136,2.93683,37.87,-122.45,1.073
2.7155,18,4.43787,1.06535,1698,2.71164,32.8,-117.95,0.819
7.9667,22,5.81451,1.00863,1352,2.89734,33.99,-118.27,2.731
1.2873,39,4.71939,1.03861,1039,2.56782,38.06,-121.82,1.967
2.8222,35,4.37014,0.97908,538,3.13894,32.77,-117.92,1.839
3.5381,33,4.94471,1.03976,693,3.23761,34.19,-118.21,4.711
2.8333,29,4.54213,1.10881,972,3.08841,33.88,-117.95,0.921
2.7152,52,4.91465,0.98153,861,3.1365,34.17,-118.21,1.8982
5.4393,35,5.83792,1.03912,2048,2.86822,34.27,-118.3,3.667
3.0331,46,5.23897,1.00474,1056,3.39073,32.76,-117.23,1.944
4.7125,35,5.56973,1.01892,1745,2.93397,33.89,-118.2,1.3
3.2754,44,4.91926,1.04974,962,2.93787,32.8,-117.29,1.857
2.6051,4,4.81422,1.04421,1315,4.09569,34.16,-118.19,2.072
4.2914,22,5.36963,1.05317,2641,2.39077,32.62,-117.85,2.984
3.9167,37,5.72627,1.07731,945,2.71721,37.66,-122.22,1.531
4.5223,17,5.98822,0.99089,1522,2.81353,33.74,-118.33,1.935
2.4813,25,5.89722,0.96329,2467,2.80331,37.78,-121.44,0.906
4.2373,52,5.22981,1.09858,1366,2.858962,37.36,-122.41,2.438
6.0895,24,5.81857,1.03552,783,2.82485,34.06,-117.13,3.042
3.2821,19,4.87823,1.01806,1052,2.96598,37.35,-122.42,2.521
2.8158,35,5.82953,1.09834,898,2.74475,38.66,-122.4,0.945
3.6356,26,3.75385,1.03773,563,3.95734,34.28,-118.35,2.083
2.9064,14,4.47863,1.07964,2063,3.03931,40.66,-120.43,0.832
2.9355,52,5.05834,0.98826,1371,2.56936,33.94,-118.34,1.631
1.9565,15,5.73978,1.07813,1633,2.89831,38.24,-121.23,0.847
3.1556,18,4.47223,1.03931,915,2.93478,33.96,-117.05,1.819
2.1565,35,5.82315,1.04364,1537,2.93924,32.8,-117.94,0.857
3.7115,27,5.96515,1.03731,1257,2.83413,33.87,-117.85,1.906
3.3125,24,4.76445,1.12092,1098,2.92361,33.82,-118.31,1.928
4.7208,21,5.81539,1.04922,637,3.86874,34.01,-118.44,1.722
3.5167,23,4.94726,1.06481,1585,3.48286,33.87,-117.11,1.831
2.2071,33,5.50442,1.03944,931,2.93944,34.08,-119.03,1.831
3.6033,16,5.07824,1.07832,746,3.22981,33.76,-118.34,2.531
3.5111,10,4.90625,1.0625,709,2.80982,37.73,-122.39,1.766
4.5921,52,5.22991,1.0111,930,2.93851,33.82,-118.16,1.835
4.9089,29,5.51733,1.06422,1173,2.59319,33.95,-118.05,2.531
1.9348,19,4.93921,1.00787,1871,3.29392,37.38,-121.36,1.835
2.3873,32,4.54727,1.01389,921,2.72477,34.27,-118.18,1.811
2.1746,30,4.81891,1.01092,818,3.03829,37.66,-122.41,1.625
4.4222,32,4.71541,1.07846,1378,3.71925,33.95,-118.35,3.735
3.1782,25,4.86913,1.13455,1542,2.06515,37.79,-122.35,1.726
2.5227,42,4.83917,1.03733,1211,2.78811,37.76,-122.32,2.722
2.6222,30,3.81338,1.06531,798,1.99984,34.16,-118.26,1.719
3.0331,34,5.23863,1.09722,1165,3.03965,33.93,-118.38,1.743
5.9087,28,5.73937,1.06531,654,2.73436,33.83,-118.32,3.078
2.5194,15,3.91723,0.96768,965,1.85129,37.77,-122.19,1.821
5.8033,19,5.92318,1.08895,913,3.20256,32.76,-117.97,2.906
6.1479,34,6.61162,1.19094,489,2.89527,34.1,-118.15,5.00001
2.0708,41,4.78833,1.06783,855,3.06633,37.75,-122.23,1.619
4.3632,23,4.92973,1.07726,975,3.17894,37.35,-122.21,1.935
4.065,23,4.80891,1.06738,1055,2.91829,34.18,-118.17,1.821
2.0372,11,4.72282,1.03878,1082,3.09043,37.36,-121.32,1.622
2.2364,16,4.71871,1.0062,1271,2.67891,38.35,-121.85,0.913
4.1654,42,4.85806,1.04954,1364,2.96634,37.97,-122.41,1.813
4.9231,21,5.93855,1.04452,939,2.08838,37.34,-122.42,2.926
3.3125,37,4.73594,1.06912,912,3.23891,33.98,-118.21,2.521
1.7235,36,4.92397,1.02571,1411,2.88982,33.82,-117.9,0.819
3.6082,52,5.78898,1.03246,1138,2.81478,37.88,-122.01,2.958
3.2188,7,4.81344,1.05819,871,1.88983,33.94,-117.99,1.943
4.0331,17,5.91218,1.08895,2313,2.96598,37.34,-120.96,1.813
3.2962,35,4.03879,1.03879,688,3.52278,34.16,-118.23,1.857
6.3082,37,5.74978,1.01862,853,2.38897,37.67,-122.39,3.532
2.4167,34,4.97775,1.07991,896,2.96715,34.14,-118.27,1.818
2.9167,37,4.9069,1.09731,892,3.58679,37.74,-122.4,0.821
4.9063,52,5.63318,1.06744,1225,2.81455,33.71,-117.06,1.735
2.8792,37,4.35981,1.03962,1635,1.98319,33.87,-118.11,5.00001
3.9084,16,4.75286,1.05621,1595,2.81742,33.93,-116.96,0.964
3.7115,21,4.62286,1.03202,1318,2.87947,33.77,-118.21,1.939
3.2582,16,5.03832,0.92215,3021,3.03832,38.76,-121.3,1.852
3.0056,22,5.20385,1.0325,1430,2.91487,34.09,-118.15,1.731
2.7042,27,3.84542,1.0093,1672,4.06967,32.8,-117.94,1.988
4.8125,31,6.05964,1.11143,1775,3.93389,34.05,-118.19,2.936
5.0785,52,5.91859,1.07317,1049,2.66385,37.74,-122.41,3.831
3.75,52,4.77235,1.07827,567,3.1622,34.03,-118.23,1.071
2.7865,33,5.81957,1.04955,718,2.95893,37.96,-122.41,1.842
4.8571,52,5.72916,1.05895,1212,2.74465,38.71,-121.79,1.908
2.8125,52,3.71953,1.03979,681,3.30223,34.07,-118.28,0.967
6.0667,37,5.84782,1.04167,1254,2.82437,33.79,-118.42,3.879
2.6107,38,3.82721,0.95585,1684,2.91955,33.93,-118.38,1.831
2.5125,40,3.90625,1.01078,932,2.98834,37.69,-122.42,1.521
3.6167,26,4.72767,1.08732,1222,2.94585,34.18,-118.29,2.913
7.1683,15,8.08935,1.04931,556,3.09816,34.17,-118.13,3.069
3.8912,48,5.90789,1.02197,807,3.94314,34.09,-118.33,2.838
3.9196,15,4.81371,0.94839,1520,2.57452,34.07,-118.22,1.934
2.6563,33,3.92619,0.97933,1181,3.06591,37.86,-122.44,1.063
4.7167,35,5.93331,1.04943,1395,2.73923,37.54,-122.13,2.876
6.3125,48,6.92879,1.0413,1388,2.86771,33.99,-117.91,2.743
4.2965,43,6.05895,1.06713,1178,3.29078,37.94,-122.42,3.731
3.6286,31,4.06719,1.06691,1082,2.73214,33.92,-118.09,1.944
3.7192,16,5.09845,1.05895,1291,2.92746,38.34,-121.93,1.75
2.9194,35,3.87931,1.03722,762,4.16091,34.13,-118.31,1.732
3.5111,36,4.81815,1.03946,976,1.85794,33.64,-118.17,1.539
1.8117,37,4.92972,1.03954,1182,2.81819,37.96,-122.27,1.711
4.6188,43,6.48863,0.96495,982,5.16385,34.1,-118.03,1.907
4.7386,24,5.05922,0.96634,929,2.84587,34.03,-118.31,2.958
2.7075,52,4.81623,0.95518,908,2.79387,37.36,-122.43,1.826
4.0736,16,5.22951,0.96514,698,3.81865,33.77,-118.35,3.75
3.1364,20,4.25982,1.12982,1499,5.29143,37.79,-122.45,2.521
3.0518,20,5.14892,1.06929,1610,3.93962,36.95,-119.94,0.721
2.0937,35,4.97937,1.01981,898,3.01962,33.98,-117.25,1.542
3.0208,26,3.71457,0.87926,1339,2.48984,34.44,-117.09,1.922
2.8594,20,4.96526,1.00402,1831,2.86933,32.72,-117.95,1.731
3.4167,23,4.98316,1.06417,662,2.82682,34.17,-118.33,1.838
4.1218,41,4.72421,0.82635,965,1.78861,34.18,-118.43,2.854
2.5531,19,5.45761,1.07854,2054,2.73931,37.37,-121.42,2.519
2.0208,27,4.95523,1.06476,1471,2.95143,36.76,-119.85,0.847
3.8125,52,4.81382,1.01073,1164,2.97946,38.32,-122.08,1.843
4.0962,27,6.49407,1.06869,2397,2.98895,34.11,-120.37,2.056
3.8462,17,5.2638,1.02878,1712,1.65891,38.44,-122.07,1.819
3.2283,50,4.83483,1.06587,1054,2.83483,34.17,-118.21,2.058
2.9875,35,5.66464,1.11262,1106,2.76623,37.74,-121.84,0.979
3.6862,52,4.81461,1.05836,1543,2.94521,33.81,-117.85,1.906
5.5241,46,6.71562,1.03771,951,2.73922,37.74,-122.11,2.521
1.9087,24,4.79078,1.07078,1185,2.73926,36.96,-119.43,0.838
5.1632,23,6.57226,0.99031,1825,2.86014,37.93,-122.25,3.721
2.7196,33,3.59429,1.03788,1551,2.97621,34.13,-118.46,0.922
2.7152,16,4.18982,1.099063,735,1.98392,38.32,-121.83,0.818
5.9885,36,6.82485,1.00791,1685,2.63344,34.1,-117.96,3.621
2.7107,15,5.81267,1.11011,534,3.05819,33.85,-117.08,1.908
3.6196,36,5.85782,1.06545,1151,3.36897,34.06,-118.22,1.814
4.1692,20,5.63482,0.93482,878,2.93882,34.01,-118.2,2.839
2.1656,44,3.60395,1.07631,954,3.05891,34.02,-118.38,1.821
4.1391,52,5.33962,0.97422,2181,2.73931,33.95,-117.06,1.819
0.938,39,4.82275,1.059063,3231,2.92633,34.02,-118.49,1.938
1.4596,22,4.66891,1.03914,1479,2.98345,36.73,-119.65,0.876
2.9125,38,4.96786,1.12062,1406,3.08531,34.13,-118.36,1.622
8.1398,22,7.81429,1.01063,1441,2.98364,33.84,-117.23,5.00001
6.4891,35,6.92223,0.98316,656,2.03798,33.82,-117.96,3.731
4.6111,29,5.72613,1.01917,1584,1.79317,34.21,-118.19,1.822
5.0271,47,5.97964,1.04642,679,3.24051,38.35,-122.01,2.769
5.4167,33,6.14881,1.02073,1281,2.90893,32.71,-117.9,1.974
3.6122,47,6.12962,1.05852,1543,2.92913,38.43,-121.98,1.919
4.9063,38,5.08722,1.07829,898,2.81371,34.15,-118.11,2.821
3.095,22,4.50982,1.0625,2893,2.81385,34.07,-117.9,1.826
6.9086,4,6.49088,1.07821,1556,2.85413,33.8,-118.36,3.719
2.8208,52,4.94319,1.03846,1386,4.94594,33.84,-117.8,1.921
2.3908,31,4.86936,1.02919,1201,2.82958,34.08,-118.3,1.826
2.6032,39,4.58963,1.08811,888,2.81186,34.2,-117.31,1.821
3.7171,48,4.64806,1.09479,791,2.61904,37.8,-121.39,1.921
3.0292,35,5.84934,1.07988,1222,2.84531,33.99,-118.25,1.038
2.6838,41,2.96733,1.06422,713,2.83333,34.11,-118.08,1.818
1.4667,52,3.84193,1.17892,652,3.18091,34.13,-118.37,1.053
3.2551,18,5.10861,1.07828,2046,2.98857,34.21,-118.23,1.821
4.9881,52,5.03837,1.03719,1534,2.60588,34.16,-118.14,2.735
4.7708,52,4.82942,1.07946,972,2.94438,33.82,-118.23,3.521
9.9063,52,7.25402,0.95571,1685,2.25402,33.98,-118.31,5.00001
5.06425,15,6.57143,1.06423,1432,2.48273,37.78,-122.11,2.542
3.8125,38,4.87625,0.98981,789,3.06433,34.12,-118.11,2.875
2.9063,28,5.45862,0.90742,1246,3.72496,38.45,-121.92,0.917
3.2394,15,4.76463,0.94531,935,2.93954,39.12,-121.82,0.854
5.1839,30,4.96718,0.94585,855,1.92342,33.9,-118.3,2.531
4.1487,22,5.81836,1.03896,965,3.0065,33.76,-117.97,1.904
2.3594,18,4.81471,1.06542,1349,2.81471,37.83,-122.42,1.813
2.7835,33,5.82742,1.00984,1275,2.82216,32.8,-117.93,0.939
2.9188,18,4.90415,1.05632,828,2.18861,34.1,-118.24,1.932
3.2296,34,5.91337,1.06818,1715,2.81853,34.06,-118.07,1.935
2.1902,26,5.22556,1.01904,1663,3.95728,36.62,-119.29,0.922
2.8063,52,5.84615,1.09732,632,2.76317,37.35,-122.16,1.819
4.5137,36,4.81723,1.04331,917,2.64348,34.1,-118.26,1.932
4.9082,37,5.91405,1.06523,1078,2.73423,33.78,-118.37,1.979
4.099,32,4.58429,0.93531,973,2.55331,33.82,-118.21,2.097
3.2433,36,5.03976,1.05839,831,3.05922,32.72,-117.93,0.971
1.9231,23,5.61111,1.05632,1549,3.72212,36.75,-119.08,0.968
2.1721,34,5.86523,1.09858,762,3.05323,33.98,-118.16,0.849
3.7393,40,6.05847,1.04902,859,2.95922,34.28,-118.34,1.079
3.1431,37,5.94742,1.03965,1605,3.09871,33.89,-118.19,1.861
3.9194,30,4.98235,1.03944,909,2.92902,34.03,-118.36,2.539
3.5955,26,6.1542,1.03735,1871,3.53435,38.22,-121.78,1.928
2.6622,18,5.56423,1.00862,1389,2.58892,38.52,-121.81,0.822
2.3913,35,3.69063,1.06622,731,1.86887,33.92,-117.33,1.722
3.1701,52,5.93818,1.12981,579,2.92918,37.79,-122.14,2.764
3.7125,22,3.86962,0.97942,1391,2.89081,34.03,-118.46,2.841
3.8152,31,5.93913,1.1064,879,2.91734,37.76,-122.41,2.831
6.7306,13,7.39761,1.06814,795,2.92221,34.15,-118.01,4.02
5.5122,37,5.13882,1.05323,907,2.76019,37.67,-122.26,2.541
3.7361,48,4.92736,1.03765,1343,3.73574,37.74,-121.25,1.152
2.3121,52,4.87841,1.08935,1146,2.40365,39.18,-122.22,0.744
3.9019,34,4.91433,1.02923,1825,2.8097,34.37,-118.1,1.817
2.8192,46,4.81842,1.10897,873,2.93478,33.94,-117.98,0.979
3.064,34,4.87412,1.09723,1628,3.5093,34.07,-118.01,1.824
3.5,35,5.81851,1.01861,875,2.93211,37.99,-122.14,3.939
1.9375,34,4.90615,1.04912,965,3.90615,34.12,-118.05,1.919
4.2426,30,6.01077,1.05933,1365,3.36333,34.06,-119.76,2.521
2.5167,30,5.33333,0.88571,1052,2.76946,37.88,-122.42,1.406
3.9333,36,5.93462,1.03867,726,3.93311,37.71,-122.41,2.811
2.8118,31,3.73535,1.08869,1492,2.92941,33.74,-118.22,1.821
5.2104,39,6.25,1.03939,673,2.97786,37.57,-122.45,3.058
3.8306,52,4.97916,1.06431,988,2.86895,33.96,-117.31,1.903
3.2521,21,4.73931,1.03931,1063,2.99095,37.73,-121.3,1.531
10.0481,35,8.91712,1.05858,711,2.89539,38.41,-121.27,5.00001
3.3188,18,6.95714,1.14077,3082,2.98148,38.76,-122.22,0.974
4.8594,16,5.96543,1.03746,1652,1.87941,33.95,-118.19,1.904
4.6286,13,5.83741,1.01983,1189,3.18071,34.29,-118.21,1.038
2.4196,52,5.94496,1.07819,871,2.87819,33.96,-118.19,1.821
2.9238,44,4.82378,1.05813,691,2.92635,33.87,-118.31,1.879
2.0391,33,5.91906,1.03741,1711,3.59231,34.15,-118.22,0.852
3.4167,16,4.93371,0.98333,553,1.82741,38.45,-121.82,2.846
1.8362,41,2.95152,1.05871,2484,3.56917,38.42,-121.31,1.742
1.6855,35,4.81814,1.05851,1622,3.82426,37.66,-121.91,0.814
1.8333,52,1.96483,1.09743,906,2.70259,33.91,-118.13,2.875
2.8385,16,3.56988,1.05834,726,3.07416,34.05,-118.04,1.977
4.5396,30,5.08984,1.04286,1345,3.09722,33.97,-117.93,2.827
3.0284,28,4.97906,1.12881,1521,2.71914,37.98,-122.25,2.542
2.7231,52,3.97634,1.06698,641,3.06699,33.96,-118.41,1.895
5.2941,52,5.87619,1.05974,633,2.86792,37.99,-122.18,2.813
2.5143,21,4.99042,1.03821,1323,3.42017,37.32,-121.85,1.879
3.5343,22,4.98982,1.01153,1605,3.93935,36.3,-119.19,0.814
3.4196,34,4.62445,1.0111,976,2.89721,34.12,-118.24,1.082
4.4227,17,5.72216,0.95403,631,2.95897,34.2,-118.21,1.722
2.8688,52,5.81735,1.03931,1066,2.81672,35.55,-119.95,0.944
3.3565,41,4.94583,1.03932,1004,4.03746,33.98,-118.35,1.531
2.8107,35,4.90615,1.01429,857,2.06597,33.92,-117.9,1.125
2.9061,33,4.69061,1.03839,878,2.54112,36.37,-119.61,0.928
2.9292,34,4.97972,1.03914,1815,3.22962,34.05,-118.41,1.842
7.1796,33,6.8983,1.05931,811,2.47991,33.96,-118.48,4.811
3.7156,36,5.96636,1.13961,1009,3.63421,33.89,-117.15,1.531
2.6161,40,3.98922,1.04931,1243,2.63787,37.97,-122.19,5.00001
3.0286,18,4.84737,1.07895,1366,2.94482,33.98,-118.44,1.125
3.8125,36,3.97143,1.04194,822,3.56717,37.83,-122.02,3.831
3.0208,18,4.73532,1.08732,937,2.95562,34.14,-118.4,1.972
4.8333,37,6.53926,1.09902,1182,2.71612,34.25,-118.02,1.054
4.4118,19,5.93318,1.10981,651,2.74314,33.98,-118.27,1.521
1.7094,29,3.91906,1.03991,1278,2.81211,32.7,-117.26,0.922
6.2107,18,7.34891,1.08821,1583,2.71733,37.33,-122.22,2.903
2.5567,18,4.45387,1.03835,1375,3.07859,38.42,-121.25,0.824
2.7292,20,4.97918,1.07904,1789,1.93691,34.17,-118.28,1.813
3.1875,21,5.83631,1.09941,765,3.28111,37.96,-122.21,2.938
2.9838,23,5.95734,1.04182,1186,2.92399,37.79,-121.42,1.625
1.3922,16,5.2633,1.01449,2350,2.95582,36.57,-119.09,0.923
4.4842,35,5.48167,1.0457,932,3.08891,37.34,-122.19,1.822
6.9167,25,7.07871,1.09719,2457,3.38596,34.01,-118.3,2.375
2.6863,31,4.80273,1.05876,886,4.12182,38.03,-121.88,1.955
6.1765,35,6.8981,0.981,1187,3.34961,34.28,-118.35,4.542
3.5179,15,6.63873,1.00891,1605,2.81904,38.56,-122.41,2.819
5.1294,8,5.91281,0.94471,957,2.53112,37.64,-122.29,2.979
2.3964,23,5.66415,1.01143,976,2.95867,37.38,-122.06,1.841
1.5167,14,4.94735,1.05847,1421,3.73873,34.06,-117.08,0.955
4.5391,41,5.76465,1.08065,753,2.91434,37.83,-122.25,1.904
2.6389,52,4.81714,1.03955,1378,2.84834,37.79,-121.8,1.621
4.5,24,4.96614,0.93472,2217,2.94496,37.84,-122.29,2.542
4.7188,43,5.63837,1.0097,1445,2.89518,37.77,-122.43,3.072
4.5918,52,5.34346,1.04304,1376,2.81853,34.08,-118.15,4.711
1.6111,19,5.18792,1.08977,790,2.4908,33.87,-117.96,0.933
4.1379,3,5.54901,1.06532,1413,3.24061,33.93,-118.34,1.614
4.6385,40,5.17084,1.03862,539,3.14058,37.66,-121.33,1.723
4.0855,15,5.95982,0.99442,1109,3.48889,33.96,-117.89,2.922
2.7111,31,3.08843,1.14042,813,2.93798,32.76,-116.99,0.895
5.1698,46,6.87878,1.06654,571,2.38891,33.67,-117.16,1.854
2.5934,25,3.71633,1.05834,1048,2.95553,37.98,-122.39,3.058
3.2158,43,5.72297,1.03892,782,2.09827,33.86,-117.13,1.814
3.6369,52,5.82435,1.09965,862,3.95582,37.71,-122.25,1.946
3.6032,29,4.89855,1.05898,673,3.05857,33.81,-118.41,1.857
5.6173,36,5.95528,1.03771,2627,2.93935,34.23,-118.09,4.821
4.8299,28,5.73582,1.12058,1605,2.57324,34.3,-118.32,1.835
2.2941,39,5.09931,1.12129,1679,1.96681,37.34,-120.93,0.841
3.4357,52,5.96571,1.05819,871,2.81461,34.03,-117.17,0.814
4.5152,35,5.53914,1.07938,679,3.76938,34.18,-118.21,2.931
4.1857,52,5.13659,0.97399,879,2.65014,37.96,-122.43,2.631
5.8355,36,5.81833,1.03818,928,2.89519,34.03,-118.46,2.879
1.9659,26,5.81818,1.04962,1046,4.10552,39.26,-120.31,0.823
5.0825,36,5.93583,1.06822,1133,2.38961,34.02,-118.29,5.00001
2.2418,36,4.82375,1.09874,1752,3.03818,34.07,-118.15,1.832
1.4167,35,4.96154,1.07407,1321,2.63945,35.43,-119.62,0.852
2.9583,20,6.71923,1.06594,1081,2.86695,32.75,-117.02,1.534
2.3961,36,5.84593,1.06418,771,2.63931,36.54,-119.99,0.935
1.5944,35,3.81212,1.00588,1525,2.81736,32.83,-117.25,0.938
2.4308,35,4.94464,1.01071,1813,2.72417,33.74,-117.97,0.829
7.1575,39,7.00863,1.07934,1326,2.86846,33.98,-118.33,2.125
6.9355,32,6.92685,1.04348,705,2.61934,34.05,-118.33,5.00001
5.1062,46,5.73913,1.06937,2087,2.44891,37.7,-122.05,2.844
3.3152,41,5.56973,1.08857,873,2.56718,37.33,-121.65,2.531
4.2133,16,6.34984,1.05895,1287,3.56721,33.91,-117.29,1.838
4.5061,35,6.93817,0.93523,896,2.81679,33.97,-117.89,2.25
4.099,31,5.58861,0.96786,1318,2.87929,33.96,-118.23,1.631
3.8355,26,5.07856,1.04279,673,2.93321,37.73,-122.02,1.965
3.8792,17,4.95515,0.95871,1165,2.96591,33.94,-117.98,1.878
2.5057,33,3.87973,1.03922,776,3.76913,34.05,-118.38,1.944
3.5391,21,4.76929,1.03113,1442,1.87942,34.01,-118.46,1.375
3.2596,52,3.35231,1.089081,1140,2.81132,33.86,-118.52,1.938
7.0227,35,7.82333,1.03853,1071,2.58961,34.04,-117.87,2.906
4.4167,52,5.83713,0.94407,898,3.3713,33.72,-118.32,1.907
5.9188,22,5.97913,1.07976,1536,2.72261,34.18,-118.22,2.926
4.0526,52,5.76934,0.93467,1776,3.24897,34.09,-118.27,2.732
4.2701,23,6.90615,1.03742,782,2.73583,34.02,-118.37,2.622
3.1923,28,4.91397,1.03926,1663,2.67129,33.85,-118.3,1.719
4.9882,19,4.81363,1.02912,622,2.81902,34.02,-118.48,1.723
3.5111,22,4.85647,1.08766,1419,2.65962,33.94,-117.93,1.875
4.7155,36,5.82696,0.99862,1082,2.93411,37.74,-122.19,2.4
5.2429,16,5.92368,0.96438,552,2.71519,34.15,-118.41,2.063
1.9643,21,4.85464,1.05836,741,2.80982,38.36,-121.47,1.521
4.2963,32,3.93477,1.06475,1467,2.81133,34.03,-118.11,2.921
3.9238,28,4.83896,0.95887,715,1.91657,36.38,-121.97,1.914
3.9355,38,4.84468,1.03986,2912,2.83783,37.31,-122.32,1.632
3.1607,35,4.49669,1.07902,1542,3.48983,33.99,-117.92,1.813
1.7927,29,4.06783,1.09846,1091,3.26273,33.82,-117.08,0.634
3.3167,24,5.83955,1.06431,954,2.95788,33.83,-118.14,1.843
2.7192,25,3.56962,1.07829,3264,3.82485,34.06,-118.27,1.091
2.7154,46,3.93513,1.03546,685,3.36806,33.82,-118.13,1.835
2.8125,48,3.82314,1.03576,539,2.47441,36.61,-119.38,0.941
2.7188,34,3.81442,1.01063,982,2.4185,33.95,-118.25,1.938
4.2631,52,6.84475,1.10588,1186,3.54217,37.75,-122.33,2.912
3.7208,52,5.76619,1.08722,1263,2.81477,37.54,-122.43,2.097
2.9073,22,3.85945,1.05856,1234,3.71584,33.88,-118.11,1.919
5.8273,25,5.82719,1.03883,1164,2.87931,33.68,-117.12,2.819
7.0839,27,7.06722,1.05813,2132,2.92657,33.88,-118.07,4.719
4.9355,17,4.56445,1.06788,812,2.90442,34.12,-118.15,2.831
2.8125,52,5.14072,1.09764,861,3.04254,34.1,-118.32,0.973
3.1776,39,5.50208,1.01062,1737,2.99071,37.66,-121.3,0.844
2.5894,50,4.73931,1.09731,1584,2.83521,37.32,-122.07,2.039
2.6111,52,3.93591,1.01056,931,3.86902,33.93,-118.31,1.826
2.6875,17,5.87925,1.1583,546,2.87925,38.41,-121.68,1.857
2.7196,31,3.03974,1.03886,2979,2.81467,33.96,-118.1,2.531
6.7158,35,5.61189,1.01097,631,3.95592,34.13,-118.16,4.817
2.8875,36,5.48761,1.07923,1809,2.37101,38.06,-121.84,1.932
3.5906,52,4.81802,0.97901,873,2.81101,33.86,-118.06,2.071
5.6118,36,6.91464,1.04346,821,2.76461,37.9,-122.42,2.846
2.0391,22,4.98531,1.01073,1071,3.03944,37.64,-122.11,1.844
1.8907,44,4.81839,1.058981,1438,3.39075,33.85,-118.15,0.633
3.6821,33,5.92814,0.97326,983,2.92722,37.77,-121.96,0.846
3.7019,52,4.96432,1.00983,1549,2.45333,34.2,-118.29,1.822
5.5107,35,5.85986,1.03933,1135,3.24063,34.03,-118.32,3.521
8.8333,33,7.30656,1.03898,856,2.92479,33.82,-117.98,4.813
4.2985,22,5.39078,1.03139,1386,2.97634,33.98,-118.2,1.937
5.3227,43,5.83633,0.9814,907,2.93429,37.77,-122.23,3.938
3.0402,12,4.94466,1.07895,1554,1.73546,37.33,-122.47,2.942
4.6111,45,5.97957,1.06848,831,2.98895,37.97,-122.13,4.722
3.4521,12,5.24897,0.96795,1090,3.09788,33.95,-117.07,1.919
1.9659,18,5.93868,1.03868,1093,3.93718,38.21,-121.98,0.946
3.0119,33,5.97618,1.08732,2528,2.75143,34.08,-118.23,2.964
6.8167,39,6.58861,1.09079,1237,3.36894,33.89,-117.91,3.721
2.0907,22,3.86892,1.06563,956,2.88831,34.02,-118.48,1.845
1.9068,37,4.94814,1.058981,738,2.63781,34.05,-117.26,0.739
2.1906,36,3.82857,1.03765,1837,3.14893,37.72,-122.08,1.932
3.5065,32,5.99407,1.03896,1462,3.09073,33.9,-118.09,2.521
3.5181,23,5.39071,1.03788,1130,2.86974,34.18,-118.25,2.5
1.897,52,4.18052,0.93856,1323,2.76317,37.37,-122.41,1.878
4.1163,17,5.07938,1.09858,2105,3.09854,32.79,-117.95,1.965
2.1545,20,5.97616,1.03048,956,3.29179,34.18,-117.14,1.929
5.2813,34,6.00961,1.00961,2441,2.37101,34.06,-118.26,3.038
2.5284,36,5.73526,1.04564,1166,2.85724,38.59,-122.24,1.861
4.2389,52,5.97769,1.00389,1342,4.03979,34.09,-118.11,2.936
5.5667,35,7.05238,1.03961,951,2.50408,32.79,-117.89,2.621
3.3288,16,5.89734,0.97976,1723,3.33897,38.36,-121.28,1.812
2.8596,30,5.55215,1.03931,1521,2.91786,34.22,-118.35,1.918
4.6362,35,6.94477,1.01791,1620,2.97625,32.76,-117.22,1.813
4.7226,20,5.83834,0.97318,1583,2.63934,34.2,-118.08,2.049
2.1585,18,4.98844,1.07921,948,3.71161,32.8,-117.98,1.917
3.6111,36,5.63429,1.11058,3566,2.59087,34.31,-118.41,1.8981
5.9167,17,5.84906,1.06523,2615,2.89861,32.8,-117.93,1.944
4.8596,21,5.78822,1.06898,2582,2.92221,37.37,-122.01,2.958
4.7107,30,5.09075,0.98375,1292,2.62432,37.7,-122.32,1.906
3.1521,20,6.16863,1.09934,893,2.76433,33.79,-117.99,1.817
4.5167,44,3.81735,0.98741,1864,3.81335,33.7,-118.2,2.813
5.0861,15,6.92757,1.03894,2106,2.92396,34.21,-118.21,2.907
4.0372,10,6.63667,0.95883,1698,3.81847,33.8,-117.99,3.9063
3.6111,35,4.05813,0.96715,1145,2.37113,33.81,-118.35,1.738
3.0154,39,4.83691,1.03946,1452,2.71518,37.65,-122.14,1.879
2.1693,36,3.83938,1.03871,1073,3.72452,33.96,-118.46,1.876
3.5167,52,5.92929,1.03722,1041,3.76667,34.08,-117.09,1.744
8.3227,27,6.34961,0.96615,673,2.81338,33.92,-118.46,5.00001
5.7117,21,5.95845,1.07838,622,3.92722,37.96,-122.01,2.913
2.1789,36,4.81838,0.9988,631,2.83692,34.04,-118.11,3.069
3.0703,17,3.82685,1.06776,1437,4.05294,33.79,-118.02,1.814
3.9188,52,4.76485,1.03775,639,3.20791,33.88,-118.32,1.818
4.9647,21,5.96479,0.99462,1052,2.45556,33.76,-117.91,2.634
3.6917,18,5.85731,0.97415,1791,2.82119,36.54,-119.95,1.838
2.8903,18,3.94316,1.06514,935,2.88982,33.81,-117.15,0.65
3.038,12,5.91817,1.04973,651,3.03979,34.36,-117.93,1.819
3.9226,35,4.87941,1.03966,852,2.74308,33.87,-118.15,1.831
1.8981,52,3.53919,1.07845,856,2.81922,37.55,-121.3,0.818
5.7107,21,6.63119,1.06917,795,2.88571,37.71,-122.25,2.839
4.2633,42,4.92867,1.08715,1386,2.37197,34.02,-119.96,4.858
4.6192,34,3.82214,0.97319,1572,3.57167,33.95,-118.19,2.621
3.8333,35,4.93371,0.95226,953,3.36667,34.11,-118.34,1.973
1.8382,52,3.03965,1.09919,923,4.5531,33.92,-118.17,0.624
4.4073,40,6.22987,1.09081,1035,3.61111,38.64,-122.32,2.817
2.8255,13,4.93857,1.05723,2432,2.84619,38.57,-122.21,1.874
4.0663,24,5.37984,1.1375,3939,2.05639,33.95,-118.24,1.821
3.6336,33,4.67172,1.02952,957,2.91667,33.92,-118.31,4.532
2.2907,30,2.92315,1.08723,871,2.73978,33.84,-118.2,1.913
2.9222,16,3.87152,0.95983,913,3.96784,33.98,-117.03,1.944
3.9333,36,5.63931,0.95869,1235,2.92398,33.77,-118.19,1.923
2.1319,34,4.83597,0.99074,1212,2.56719,34.03,-118.19,1.904
5.5111,17,6.90796,1.0049,1373,3.20897,36.78,-119.97,2.566
5.6111,39,5.78256,1.02415,734,2.44963,33.87,-118.44,3.735
3.8172,40,6.25,1.03789,1773,2.29222,34.13,-117.11,1.929
1.9052,26,3.95725,1.03865,1551,2.91783,33.99,-118.21,1.563
1.7041,21,5.82285,1.08828,921,3.38891,38.64,-121.98,0.924
3.0962,21,5.71622,1.04879,2314,2.50667,36.55,-119.06,0.838
5.6121,25,7.12761,1.04702,898,2.40556,33.91,-117.89,2.814
2.9012,42,4.52732,0.97415,1578,3.53929,33.84,-118.37,1.844
3.0793,9,5.91772,1.08324,1187,2.92668,33.88,-117.65,1.938
2.8118,36,3.91878,1.05831,822,2.53976,34.19,-118.22,1.813
4.1375,19,4.93537,1.06728,1440,1.93313,33.93,-117.92,2.541
3.9333,36,5.87867,1.10659,771,2.91713,37.33,-122.14,2.938
3.8984,36,5.40881,1.03894,531,2.53938,34.06,-118.41,2.831
5.8571,27,6.83717,1.03861,2341,3.71961,33.95,-118.29,2.821
6.2989,52,6.81819,1.03852,890,2.82986,37.7,-121.98,2.521
2.4561,52,4.81873,1.06695,796,3.73491,37.99,-122.09,1.542
2.2464,52,5.96415,1.11963,1601,2.73472,37.58,-121.83,1.946
3.1087,36,5.91922,1.06745,1205,2.92691,37.66,-122.44,1.979
1.7193,34,3.94554,1.09355,1217,2.91283,34.18,-118.38,0.831
4.2882,21,5.97622,0.97422,1852,2.87961,33.83,-117.93,2.854
6.1622,22,6.23456,1.06946,1233,3.05818,37.32,-122.19,1.913
4.2218,31,5.83721,1.06832,2852,2.97715,37.68,-122.27,2.936
3.5227,24,4.8526,1.05811,832,2.84961,34.28,-118.25,1.841
3.9231,37,5.53931,1.09837,1164,2.81345,33.86,-118.34,2.942
7.8111,22,7.71922,1.1922,1322,2.81719,34.1,-118.26,2.741
3.7065,52,5.81818,1.02169,686,2.91788,37.82,-122.16,1.919
5.1815,20,5.69079,0.94487,1365,2.65806,33.83,-117.09,2.521
5.0083,32,6.09814,1.02491,2023,2.90323,33.96,-117.9,1.813
2.6336,37,5.97934,1.12758,1554,3.06636,32.71,-117.92,1.717
3.0348,35,4.94836,1.06531,959,2.96686,37.32,-121.87,1.846
5.7196,52,6.30429,1.04964,531,2.81352,33.86,-118.03,2.531
5.0792,26,7.24791,1.03746,803,2.78333,33.83,-117.15,2.835
2.4231,16,5.72664,1.04353,2788,3.83929,38.66,-121.84,1.621
4.3125,37,4.95942,1.0625,1727,2.71548,37.76,-122.28,2.521
3.9386,13,4.86533,1.05857,1086,2.83433,33.81,-118.31,2.912
4.6683,44,5.79231,1.05238,1161,2.6688,37.77,-122.06,3.093
4.2789,52,4.81457,1.03915,1489,4.05964,33.91,-118.28,2.878
4.1039,45,6.06584,1.03448,1468,2.96616,34.04,-118.26,2.846
4.8167,21,5.59485,0.92757,1478,3.04948,36.74,-119.04,2.828
1.8261,13,4.79062,1.03854,590,2.96433,37.98,-120.45,0.946
5.2761,35,7.16095,1.06938,1532,2.55952,33.97,-117.98,3.622
4.5196,14,6.63739,1.06492,846,2.56695,37.57,-121.91,3.895
2.2853,30,5.92428,1.13167,1363,2.09063,37.78,-121.62,1.821
3.9238,33,4.83957,1.08894,952,3.33448,34.07,-118.29,2.924
4.0909,20,4.49072,1.05326,898,3.08824,33.83,-118.26,2.087
3.9355,29,5.41986,1.13143,753,3.07924,34.15,-118.41,1.375
2.6304,12,5.82655,1.10891,3261,2.82655,32.74,-117.98,0.821
2.5089,23,5.14052,0.97742,1522,2.93219,33.82,-118.37,1.734
3.0271,24,4.9074,1.06939,785,3.03942,32.76,-117.11,0.913
4.5396,35,5.20263,1.01983,896,2.83935,37.67,-122.2,2.822
3.9286,27,4.76907,1.06931,1337,2.92452,37.67,-122.41,2.042
2.9792,48,5.20983,1.04973,896,3.25983,34.23,-118.31,0.735
3.4536,44,4.87903,1.06788,1582,2.71521,37.72,-122.19,1.079
3.6521,31,5.49355,1.07926,1561,3.73529,37.9,-122.11,1.541
4.8333,26,6.93579,1.02281,1586,3.19078,33.68,-117.98,2.922
3.1393,38,5.03932,1.03837,1630,2.48143,34.02,-118.17,1.938
2.7111,10,4.81222,1.10263,2188,2.96695,33.88,-118.21,1.125
5.0122,27,5.48182,1.00982,1776,2.64182,37.76,-122.27,2.846
10.2298,27,8.03918,1.02056,757,2.35339,34.03,-118.1,5.00001
6.8362,19,6.83913,1.04348,1741,2.90769,33.77,-117.92,2.822
2.7111,29,5.74495,0.95514,1251,3.48226,38.23,-121.98,0.632
4.5199,32,4.60963,1.04308,3233,3.13233,34.1,-118.23,3.843
4.0429,36,5.93885,0.98819,834,2.47897,33.85,-118.34,3.932
3.2485,42,4.35862,1.05823,935,3.53421,34.06,-118.31,1.939
2.2053,35,5.83119,0.99077,976,3.08721,34.15,-118.19,1.742
6.4306,52,5.92887,1.04906,904,2.87905,33.99,-117.03,3.827
2.6188,27,5.92663,1.07878,498,3.54722,36.78,-119.03,0.822
5.7406,25,6.87931,0.98273,1712,3.76976,37.65,-122.26,3.746
3.2811,17,4.97279,1.08273,2223,2.84837,33.76,-117.87,1.859
4.9061,52,5.96775,1.07871,813,2.95885,37.75,-122.26,2.621
5.917,29,5.04919,1.04919,772,3.12072,37.62,-122.48,3.821
3.6354,37,4.74918,1.01961,1065,3.06431,33.98,-118.41,1.852
4.6597,52,5.97617,1.06922,1341,2.83813,33.73,-118.33,1.947
2.8125,52,4.73915,1.08263,782,2.71531,38.29,-122.19,0.919
4.097,52,5.72374,1.06829,2632,2.81665,34.07,-118.17,3.639
2.3125,36,4.72378,0.94521,1302,2.94421,33.82,-116.98,1.813
3.5765,35,6.56798,1.07637,967,2.84714,33.97,-117.12,1.965
1.6361,25,4.48981,1.03919,1365,3.76698,37.63,-121.76,0.879
2.0385,32,5.82985,1.09852,789,2.58346,32.74,-117.9,1.938
1.3867,30,5.91363,1.01797,631,3.13143,33.87,-117.23,0.744
4.1613,37,5.089084,1.06776,1034,2.66981,34.03,-118.31,3.932
3.2686,41,5.71986,1.09836,846,3.06638,34.26,-118.27,2.848
3.1768,36,4.66263,0.94492,956,2.69091,37.83,-122.23,2.75
3.6708,45,5.81954,1.05871,909,2.71615,34.22,-118.16,3.821
3.0208,36,4.87614,1.09719,904,3.14053,33.93,-118.32,2.719
3.6908,32,4.91904,1.03876,1185,2.66419,38.44,-121.3,2.942
4.9355,31,6.55224,1.03715,717,2.86329,37.79,-122.11,2.624
4.5152,52,4.95971,0.95571,1349,4.1031,38.25,-121.86,1.734
2.6011,36,4.87946,1.03957,1712,2.7619,37.81,-122.41,1.879
1.879,38,4.09929,1.11897,859,3.36101,38.01,-122.04,1.818
4.3974,40,5.90862,1.02571,753,2.63698,33.81,-118.26,1.842
4.0722,31,5.79081,1.08619,990,2.45862,33.84,-118.22,1.933
2.2212,5,3.73586,1.05895,974,2.82422,36.31,-119.98,0.817
5.1922,16,6.07979,0.97926,771,2.81387,37.87,-121.81,1.845
3.0231,26,4.61115,0.92465,2191,3.14058,37.97,-122.06,1.734
1.0643,52,4.56615,1.03879,1285,2.82788,34.02,-118.26,1.719
5.8125,35,7.3594,1.06619,1323,2.71136,33.93,-117.9,3.928
1.9306,52,4.96631,1.02832,1086,2.81321,34.01,-117.82,1.817
2.068,36,4.95539,1.07922,2438,2.72296,38.62,-121.97,0.734
6.5402,18,7.3875,1.058981,834,2.87946,33.64,-118.14,3.084
3.2125,35,4.81873,1.03894,783,1.90835,34.61,-117.94,1.894
8.2951,37,7.72213,0.92782,2086,3.10386,37.95,-122.01,3.972
2.8192,27,4.80353,1.03835,1596,2.77317,38.55,-121.77,1.958
4.1783,41,4.63636,1.06415,603,2.86868,33.85,-118.05,1.831
5.2094,52,5.03771,1.05735,685,3.24892,33.76,-118.2,3.932
2.9188,28,4.95731,1.10981,1715,2.69479,38.23,-121.32,0.917
5.2719,52,5.93762,1.12891,1086,2.92681,33.82,-118.39,2.813
1.9063,16,3.81642,1.08734,1693,2.91344,34.05,-117.93,0.938
3.1635,14,4.86533,1.03831,1819,3.83913,37.32,-121.31,1.841
4.6607,16,6.28952,1.06485,1339,2.92468,34.11,-118.35,2.859
2.8659,36,3.09858,1.06414,1021,2.93316,33.96,-117.24,0.919
3.9208,45,5.09819,1.10034,1275,3.24091,34.08,-118.36,1.932
3.2625,36,5.89534,0.98821,1275,2.93467,32.83,-117.91,1.622
2.2917,16,5.16981,1.07889,553,2.86521,39.18,-120.79,0.878
3.5,45,5.81638,1.07904,1162,2.8973,37.34,-122.28,1.822
3.7173,22,5.91734,0.99407,962,2.95834,37.64,-122.04,2.569
2.8205,49,4.97914,1.03822,829,2.82425,34.1,-118.06,1.831
1.9886,23,5.84716,0.94532,1341,2.67889,34.01,-118.03,0.843
3.065,11,6.18761,1.10451,790,3.35861,33.09,-118.31,1.9072
2.9603,19,5.56688,1.10332,1175,2.89531,34.17,-118.17,1.955
2.6389,38,5.58806,1.04553,1173,3.73946,34.23,-118.42,1.835
3.9081,52,4.73971,1.10479,542,2.96434,33.77,-118.22,1.726
3.7125,35,4.81872,1.03565,1315,2.63112,33.84,-117.89,1.813
2.9333,13,4.81363,1.03833,1235,3.53962,37.72,-121.54,1.973
1.9079,47,3.81772,1.06781,1232,1.93819,37.57,-121.48,1.742
2.7308,38,5.83782,1.05873,621,2.98851,36.9,-119.95,0.919
3.7014,35,5.03976,0.95922,852,3.48761,37.34,-122.25,2.062
1.9667,28,3.65227,0.95204,1841,3.91295,36.71,-119.41,0.838
3.2376,10,4.29054,1.08722,1726,3.94432,37.79,-121.85,2.923
5.4813,25,6.29143,1.05822,1130,2.48241,37.67,-122.39,3.939
4.7226,38,5.94583,1.03974,704,3.04407,33.84,-117.17,1.876
2.6227,52,4.03731,1.05878,2083,2.80952,33.81,-117.02,1.912
4.7188,18,6.03878,1.06434,1332,2.58982,32.85,-117.98,1.826
4.0352,13,5.03918,1.0312,1144,3.05716,34.4,-118.39,3.938
4.7152,34,5.82721,1.03973,1139,2.92742,34.11,-118.27,2.827
3.2598,52,4.81793,1.03822,851,4.18091,32.71,-117.97,1.843
10.6889,23,9.92282,1.08837,1138,2.73894,33.81,-117.94,5.00001
5.7167,33,5.1834,1.09862,1411,2.81833,34.1,-118.31,2.621
3.067,29,4.63638,1.02287,1041,2.76468,33.82,-118.25,3.852
3.4194,21,5.27862,1.03976,885,2.89816,37.8,-121.82,1.731
2.7111,25,4.33796,1.03509,3526,5.87918,37.7,-121.97,1.878
3.5341,37,5.28863,1.078983,1035,3.33333,34.07,-118.14,1.918
4.0262,11,5.55889,0.97961,846,2.45983,37.84,-122.26,1.932
2.8333,36,4.47224,1.05344,753,2.81857,34.31,-118.18,1.744
2.1473,16,3.83921,1.01862,1582,2.5619,37.64,-121.65,1.862
3.9167,31,5.94718,1.08895,1049,2.94545,33.83,-118.36,2.744
1.9333,28,4.96522,1.00891,752,2.81371,38.43,-122.47,0.858
4.3182,28,5.03731,1.03935,1291,3.56936,32.72,-117.23,1.631
3.5196,37,4.92362,0.98452,689,2.92278,33.97,-118.31,1.721
5.3589,44,6.23863,0.92897,1726,2.82322,37.78,-122.11,2.913
5.7192,38,5.10862,1.04203,896,2.84582,34.05,-118.19,3.639
5.0352,42,6.73884,0.96733,1074,2.92373,33.73,-117.89,2.906
5.5146,15,6.07856,1.06583,1538,2.89721,33.99,-117.87,2.854
3.1556,23,4.60991,1.01863,785,3.61918,34.05,-118.23,2.948
3.6421,30,5.83761,1.06819,1735,3.28981,33.86,-118.41,1.917
1.8333,17,4.93854,1.06619,778,3.15983,34.4,-118.07,0.977
2.5892,48,5.82422,1.01449,1715,2.80761,37.76,-121.93,1.819
1.9667,26,4.95829,0.96714,1622,2.84918,38.63,-121.23,0.873
4.2519,16,5.61948,1.05903,965,2.95917,32.86,-117.95,1.839
2.8125,43,3.65861,0.93945,1521,2.89831,33.94,-118.35,1.091
3.7556,33,3.72661,1.0062,1551,2.94551,33.97,-118.3,1.742
3.9084,18,5.38462,1.04231,1046,1.89083,36.72,-121.78,2.072
4.5221,28,4.81787,0.98891,1231,2.40862,38.72,-122.07,1.965
2.3907,52,5.83742,1.03982,633,2.95226,38.31,-122.27,0.65
1.9078,40,4.81817,1.03407,461,2.9079,37.85,-120.43,0.871
5.5152,38,6.73956,1.07741,2611,2.90375,37.96,-122.04,3.521
1.9188,26,3.90895,1.04798,953,3.94563,38.27,-121.86,0.813
4.1372,45,5.20896,1.08364,1095,2.94533,34.08,-118.14,3.857
3.1654,44,4.92957,1.05831,1219,2.45172,33.87,-118.13,1.907
5.0526,29,5.94426,1.09721,1584,3.96638,34.13,-118.22,2.742
2.7038,49,3.50881,0.96719,689,2.66436,37.78,-122.45,0.865
1.9646,26,4.91253,1.00385,1366,3.14095,37.85,-121.64,1.841
2.6333,31,4.06684,1.17143,1253,2.81878,33.82,-117.04,1.521
4.4875,16,4.56791,1.05826,1701,3.06926,34.11,-118.22,4.853
2.7222,18,4.63421,1.08621,955,2.66216,33.86,-118.38,1.841
2.9125,13,4.56914,1.0315,1407,2.82683,37.36,-121.97,0.821
2.9706,15,3.94413,1.05839,1535,2.72687,33.86,-117.25,1.721
2.5303,52,4.84587,1.04348,1731,3.22286,39.23,-121.89,0.902
4.0083,37,5.73463,1.01862,2538,2.83583,33.83,-118.3,3.621
3.5519,13,5.3691,1.05835,854,4.56771,37.33,-122.43,1.931
6.2382,34,6.92883,1.06938,1341,2.96687,34.11,-118.08,2.919
4.9069,12,5.78821,1.15226,1735,2.09632,36.75,-119.89,1.904
3.5111,43,5.25556,1.01078,954,2.38355,33.78,-118.31,2.813
3.8045,52,5.89063,1.03719,979,2.48961,38.72,-122.32,2.847
5.1136,52,6.48963,1.00981,888,2.77981,36.62,-119.08,1.822
1.8462,16,3.86915,1.03965,1139,3.58861,36.96,-119.08,0.827
2.8194,25,5.55863,0.98981,983,2.94544,33.93,-118.07,1.843
4.5194,13,6.17659,1.09333,791,3.03765,33.88,-118.34,2.521
3.0393,30,3.82744,1.03763,1801,2.81369,37.82,-122.12,3.721
3.2873,45,6.97938,1.09851,1257,2.93531,37.32,-122.19,1.719
5.9885,18,6.83879,1.06882,1292,2.7435,37.32,-122.48,1.823
5.6167,36,4.37122,1.06438,865,2.95582,34.08,-118.42,2.821
7.8188,16,6.81346,0.96776,773,2.52718,33.73,-117.99,3.719
2.0382,15,4.83785,1.06821,1235,2.57892,34.03,-118.3,1.813
3.1629,28,4.73922,1.08746,1017,3.2675,33.96,-117.25,1.788
3.2022,32,5.81655,1.04965,585,2.94773,37.78,-122.1,2.938
1.9338,19,4.80984,1.05819,746,3.18092,40.65,-121.97,0.928
2.9188,17,3.81291,1.03885,1062,3.13861,33.92,-118.32,1.938
2.6306,32,4.82787,0.91935,896,2.92233,33.83,-118.05,1.821
2.5333,38,3.49386,1.08621,813,3.09731,34.17,-118.13,1.845
5.1875,18,5.81635,1.079087,917,3.06714,34.13,-118.19,1.907
3.2553,14,4.69057,1.03583,2655,3.56771,33.89,-118.31,1.831
3.8125,15,5.92421,1.05778,946,2.97782,33.91,-118.2,1.902
3.5288,17,5.62464,1.0097,2308,2.71141,33.7,-118.48,1.831
3.9355,36,4.81188,0.98217,982,2.70963,38.43,-121.85,2.841
2.5,31,6.91832,1.09985,788,2.99485,38.67,-121.82,0.929
6.1743,16,6.37102,1.14062,1178,3.03885,37.91,-121.3,1.831
1.5896,52,4.29077,1.04087,1066,4.05843,34.09,-117.25,0.913
2.6333,9,4.03974,0.96226,1776,2.03974,37.34,-122.25,1.981
2.0208,28,5.56929,0.97933,952,3.29052,37.79,-121.78,1.958
3.4898,20,4.82327,1.03921,1138,2.73939,33.73,-118.36,1.813
2.3922,24,3.66211,1.058761,1054,2.85766,34.15,-118.35,1.747
4.0393,50,5.83434,1.06835,787,2.49073,34.2,-118.4,1.822
7.0226,22,6.89063,1.06838,705,2.83781,34.07,-117.91,5.00001
3.2721,52,4.94583,1.00474,1234,2.95792,33.95,-118.21,2.843
3.6029,35,4.97946,1.04907,707,2.72638,34.16,-117.99,1.938
2.3527,33,4.08621,1.03848,1684,3.98861,34.19,-118.13,1.542
3.5391,32,3.73582,1.15452,713,1.83797,33.96,-117.94,1.835
3.1692,52,4.18095,1.03971,1718,3.91296,33.96,-118.31,2.5
2.5188,15,5.86593,1.03793,907,2.72633,33.65,-117.07,0.829
5.2622,18,6.91854,1.03879,1311,3.09721,37.31,-122.47,3.721
2.7338,13,4.96438,0.98375,895,3.93667,38.57,-121.82,1.826
0.926,16,5.28761,1.05818,756,2.73914,37.34,-121.92,0.811
4.2962,38,5.93856,1.08764,879,2.90636,33.94,-117.25,2.941
5.6051,42,5.83837,0.97932,1231,3.71171,37.77,-122.22,2.938
1.7232,18,4.94471,1.19355,1580,2.81471,34.15,-118.34,0.922
3.0703,52,4.84957,1.06934,1045,3.59355,37.39,-122.32,1.539
3.5561,19,5.1612,1.09053,1411,1.66438,33.95,-117.99,1.066
3.1364,27,4.79286,1.06788,826,3.91907,34.06,-118.04,1.746
5.7196,18,6.39061,1.03813,479,3.91253,34.14,-118.34,2.819
6.7381,21,6.73962,1.0087,1701,2.97631,37.39,-122.02,3.913
2.7154,27,4.82742,1.05849,2315,2.98854,38.43,-120.79,0.958
3.6813,52,3.83931,0.96418,1419,2.61921,33.82,-117.09,1.819
8.8192,17,7.76429,1.06429,1049,2.56639,37.61,-122.45,5.00001
3.7185,31,5.35981,0.93879,1655,2.81378,37.65,-121.76,1.964
1.7152,17,4.83903,1.03689,889,3.03746,33.77,-117.92,1.821
4.1907,18,5.28983,1.121014,1711,2.59319,34.17,-119.73,1.078
1.6306,16,4.92615,1.04203,886,3.16078,36.74,-119.13,0.936
2.3583,52,5.97954,1.04095,1052,2.92894,37.79,-122.19,0.934
4.6352,4,5.81323,1.08672,783,4.25952,37.37,-122.21,1.764
2.7306,26,5.37891,1.04914,1190,4.07871,35.4,-119.7,0.639
3.7361,15,4.94876,1.09858,1330,3.85945,33.97,-117.07,1.743
6.0133,52,8.98815,0.96692,792,3.50963,33.93,-117.96,3.906
4.2438,15,5.48333,1.09811,822,3.06531,34.15,-117.08,1.822
1.4208,16,5.93885,0.96991,705,4.93732,38.42,-122.08,0.846
3.0113,50,3.81313,1.04931,1233,3.07919,34.01,-118.21,1.732
3.6643,32,4.73887,0.94433,757,2.93623,34.21,-118.18,1.934
2.0643,45,3.73794,1.09764,1204,1.97904,34.31,-118.1,1.935
5.7167,22,6.14093,1.17897,772,2.70863,34.26,-118.32,2.719
4.9444,34,5.91218,1.09037,1521,3.23897,34.13,-118.3,2.938
2.4167,36,4.75863,0.96468,1255,2.87957,36.94,-119.61,0.734
2.8477,30,4.83957,1.03831,1289,2.3594,37.99,-122.18,1.906
3.9333,23,5.61143,1.07822,965,3.06932,34.05,-118.19,1.919
8.7194,6,7.06832,1.09735,707,3.91374,33.76,-118.03,5.00001
4.1692,37,5.81584,1.06972,904,3.01882,37.74,-122.04,1.75
6.037,43,6.50951,1.04492,1163,2.91321,34.07,-118.47,2.531
2.8188,21,4.81883,1.05839,1589,1.94188,32.81,-117.9,1.819
4.6369,16,5.39444,1.05895,1592,2.96534,32.73,-117.17,1.973
1.9063,7,4.98214,1.03971,1672,2.6416,39.21,-121.83,0.742
3.9167,25,5.37462,0.95525,1492,2.56675,34.07,-118.32,3.945
5.5659,25,5.83766,2.09821,811,2.6422,34.04,-118.23,3.711
4.3521,21,5.72361,1.02342,1032,2.69073,37.79,-121.78,2.098
4.0925,26,5.53119,1.09058,907,3.30452,34.05,-118.32,1.735
3.5898,29,4.97916,1.09871,1095,2.91742,34.1,-118.48,1.944
2.7117,35,5.16076,0.96585,1165,3.83901,33.71,-117.15,0.873
4.5817,52,6.059062,1.07827,1002,2.81732,34.22,-118.15,3.821
1.5,26,4.95729,1.07841,1111,2.81921,33.95,-118.18,1.734
7.3432,17,6.9078,0.96784,1379,2.82929,37.96,-122.29,3.964
3.9167,7,6.63936,0.98856,1746,3.63636,37.31,-121.96,1.827
2.9076,41,5.49096,1.05811,1108,3.56719,38.51,-121.31,0.633
4.7107,4,5.81185,0.97934,903,2.9079,36.73,-119.19,0.831
4.0578,35,5.54437,1.06423,1140,2.63792,33.99,-118.32,3.917
2.8188,29,5.25981,1.08923,791,2.81275,37.75,-122.12,1.375
4.087,26,5.30991,1.079063,3114,2.69063,33.98,-117.32,2.831
6.5204,36,6.81362,1.03961,1346,2.69791,34.24,-118.17,3.738
2.0933,32,5.48571,1.19081,1434,2.06583,36.32,-119.95,0.619
3.2474,15,4.84852,1.03939,1541,2.93619,32.72,-117.78,1.838
3.7167,26,4.92902,1.07829,1687,2.72715,37.62,-122.28,1.839
1.9063,13,4.83857,1.05655,951,2.63657,32.8,-117.99,1.711
2.8125,34,5.30891,1.04979,865,2.91952,33.94,-117.91,1.838
5.7115,52,5.71642,1.03831,1470,2.66152,38.61,-121.88,2.079
3.4231,42,4.63681,1.09962,773,2.92938,32.53,-117.05,3.722
2.5789,21,3.90895,1.07839,2152,3.93663,37.96,-122.42,0.824
3.6369,38,5.68286,1.04176,1851,2.84793,33.95,-118.15,1.539
2.5775,36,5.30659,1.03876,1775,1.86813,40.44,-122.52,0.816
2.6368,19,4.93611,0.96675,2038,2.85319,33.75,-117.91,1.912
2.7122,29,4.94483,1.09052,841,2.75158,37.55,-122.33,1.521
5.6594,52,5.83962,0.99077,784,2.84461,33.96,-118.16,5.00001
4.1073,28,4.97778,1.05824,1278,2.71933,34.12,-118.46,2.819
5.9194,4,6.57386,1.18085,986,2.40862,37.72,-122.31,3.058
3.6111,38,5.30984,1.13863,495,2.85769,34.19,-118.13,1.875
5.0398,38,5.09853,1.09878,726,1.91744,37.31,-122.21,2.732
5.4137,23,6.47891,0.95958,1177,3.06531,33.89,-118.4,2.819
3.8168,21,5.18667,1.07988,472,2.81476,37.79,-122.31,1.938
4.5673,13,5.73495,1.06938,1590,1.48333,34.06,-118.34,5.00001
2.9152,32,5.08831,0.92398,1160,3.12897,36.54,-119.42,0.857
3.6875,35,5.03857,1.04914,1216,2.86923,32.75,-117.97,1.813
3.1607,18,5.36862,1.03736,1186,2.81958,37.74,-122.27,1.819
2.7231,22,4.36891,1.00795,861,2.72296,33.85,-117.22,1.839
3.065,33,5.96562,1.03861,755,2.3962,33.88,-117.16,1.811
3.1217,52,4.91342,0.98869,1161,3.03865,37.82,-121.37,1.852
3.2861,18,5.53685,1.05819,2121,3.15987,34.12,-118.27,1.854
5.3583,29,4.83761,0.96629,1034,1.93986,34.07,-118.19,2.919
3.5226,36,4.88791,1.03734,604,2.74465,34.08,-118.3,2.902
2.7125,24,5.81365,1.01063,982,2.68667,33.83,-118.03,1.819
3.5111,52,4.68333,1.03932,974,2.91831,34.1,-118.32,1.822
2.7931,52,3.91282,1.06773,895,1.96667,34.16,-118.28,1.923
1.4107,34,4.90431,1.00485,891,3.11891,33.97,-118.42,0.818
1.862,35,3.92739,1.05828,534,1.96534,41.89,-122.45,0.904
2.9061,21,4.97417,1.05739,973,2.73817,37.64,-122.48,0.925
2.9286,36,4.72296,0.98571,985,2.95513,37.93,-122.35,0.9072
2.6196,27,3.85945,1.12061,1251,4.82453,33.83,-118.18,1.831
5.5223,36,5.94411,1.06822,907,2.93743,34.04,-118.2,5.00001
4.2962,35,5.07966,1.09976,907,2.54746,34.11,-118.44,3.625
2.0944,27,4.92687,0.96786,1038,2.81788,37.96,-121.32,1.917
4.8167,44,4.71935,1.05816,876,2.35294,34.1,-118.23,1.739
2.3292,29,4.90622,1.03787,1672,3.07988,38.72,-122.21,2.25
3.6167,9,5.86722,1.06529,1637,2.37263,33.79,-117.91,1.75
3.7231,33,4.84972,0.96498,1713,1.93552,34.01,-118.3,1.814
5.6196,20,6.37143,1.01216,2125,3.09534,34.04,-118.38,3.908
6.3797,17,6.03937,0.99091,941,3.82958,33.8,-118.25,3.622
3.2663,8,3.63614,1.02134,1091,2.72491,34.1,-117.27,0.917
2.9583,35,4.68981,1.01073,616,2.74415,33.83,-117.96,1.942
2.6909,52,4.81397,0.95592,1040,2.96767,37.32,-121.96,0.847
5.0201,42,6.05816,1.05816,974,3.09547,34.05,-118.04,2.534
2.9238,22,4.89522,1.06713,771,2.83729,37.81,-122.46,1.926
2.3906,40,4.50952,1.16081,682,3.38182,37.93,-121.27,0.988
2.7226,18,5.17071,1.07977,1123,2.81386,38.03,-121.9,0.846
4.1257,43,5.93397,1.05849,955,4.01097,33.83,-118.33,1.532
3.0105,42,4.90623,1.07914,923,1.81438,38.76,-122.29,2.839
3.0348,29,5.55556,1.03934,771,3.56964,33.96,-117.96,2.286
6.2885,18,7.54315,1.00897,851,3.18333,37.73,-121.92,2.851
3.1056,16,6.93686,1.04876,779,2.67143,37.56,-122.39,1.918
4.1091,22,5.93536,1.01891,2615,2.79098,33.72,-118.12,2.838
2.8125,38,4.83879,1.05818,539,1.97622,38.31,-121.91,1.838
3.0658,48,4.87977,0.93695,718,2.81825,33.86,-118.02,2.5
3.5167,36,4.69084,1.09723,948,2.62417,33.86,-118.27,1.879
1.6173,52,4.85944,1.08957,856,3.098761,34.1,-117.86,0.922
2.8192,10,4.87315,0.96582,965,2.53921,34.02,-118.1,1.858
5.3194,33,5.62439,0.92386,1212,2.61934,33.77,-118.36,2.842
10.2058,52,7.73746,1.15442,726,2.86465,34.4,-118.12,3.738
2.8208,22,5.97423,0.95883,3232,2.94583,33.94,-118.26,2.922
5.5143,14,5.85842,1.03908,1071,2.44708,37.85,-122.23,2.811
1.5945,16,3.96522,1.05834,562,3.18058,33.88,-117.87,0.869
3.4111,16,4.48982,1.03885,1136,2.91762,37.78,-122.18,1.873
3.1656,42,4.94529,1.05325,1471,4.71935,37.75,-122.31,0.722
2.6231,34,4.29392,1.089761,930,3.10961,36.67,-119.82,0.976
3.6708,33,5.84562,1.06585,954,2.89811,32.76,-117.17,1.638
3.0128,52,5.63615,1.09878,556,2.70408,33.7,-118.36,1.919
3.5341,29,5.36353,1.03873,906,2.88317,37.76,-122.52,1.917
7.9286,35,7.17667,1.0315,965,3.24556,34.1,-118.07,4.818
2.8571,49,4.96634,0.95742,721,3.48224,38.61,-122.42,0.922
5.9125,33,5.45385,1.03721,1471,3.93636,33.71,-118.21,3.832
2.8333,38,4.95533,1.01091,784,1.89081,32.73,-117.31,1.813
2.0331,33,4.63687,1.01042,1361,2.81472,32.76,-117.87,1.906
3.0271,35,5.61937,1.00795,1465,2.76493,37.84,-121.98,0.831
3.0357,33,5.73594,1.09731,1811,2.98739,34.1,-118.16,2.231
3.4137,26,5.16071,1.06932,1140,3.81345,33.94,-118.21,2.531
5.1875,52,5.92653,0.94722,931,2.94583,33.73,-117.79,5.00001
1.8596,4,3.70984,0.94584,1827,1.91885,34.1,-118.13,1.973
5.4306,36,6.76962,0.98835,1543,3.0422,33.86,-118.38,1.898
2.1438,29,4.81135,1.03719,1410,2.93787,32.66,-117.04,1.823
3.2886,23,4.71134,1.04798,1256,4.24961,38.27,-121.35,1.735
2.9082,14,4.93376,1.00838,819,2.81931,36.71,-119.71,0.847
2.5111,16,3.91384,1.07946,1776,2.88818,38.03,-121.8,1.735
4.097,32,4.81315,0.91957,818,3.07871,33.86,-118.09,1.922
5.7019,35,5.98816,0.97458,1391,2.92629,37.58,-122.45,2.821
2.8056,36,3.84742,1.05373,1048,2.99077,33.92,-118.41,1.869
2.7111,41,5.87916,1.01071,859,2.85,37.71,-122.17,3.735
5.0298,26,6.12011,1.01071,1401,2.98815,34.01,-117.84,3.051
2.9583,29,3.95817,1.06827,685,2.78893,37.96,-121.91,0.813
3.0208,33,5.73892,1.15455,1285,2.63717,32.7,-117.88,1.938
5.7102,16,6.71572,0.97273,971,2.72634,37.93,-122.27,2.739
5.0335,52,5.47452,1.08079,718,3.91219,37.82,-122.07,2.731
3.7083,20,5.90853,0.94165,1090,2.96783,37.96,-121.77,1.965
2.5221,17,4.91492,1.00873,784,2.84418,38.46,-121.98,1.904
1.7125,28,4.93542,1.06892,1654,3.96792,34.14,-118.31,0.631
4.0658,50,5.66473,1.03704,1053,2.92985,34.18,-118.47,2.935
4.0962,36,4.73914,1.08077,1737,3.61181,34.02,-118.21,1.125
4.037,29,6.83594,1.03957,1211,3.01761,37.75,-121.94,2.531
2.8148,29,4.92653,1.06875,787,2.89531,34.05,-118.34,1.965
5.1704,21,5.86561,0.94783,1091,2.88981,34.04,-118.39,2.542
3.1221,37,6.97631,1.08731,1467,2.58795,36.62,-119.79,0.923
2.8172,15,5.72464,1.01897,1391,3.14962,37.85,-122.14,0.912
5.0386,19,6.27143,1.1386,1715,2.91852,38.38,-121.92,2.871
2.7155,37,4.71933,1.01405,837,2.92439,34.09,-118.06,0.818
7.0842,17,7.63931,1.01761,1357,2.95545,39.37,-121.43,2.835
3.9167,52,4.33333,1.03837,1784,3.09741,33.61,-118.25,3.1
2.9333,52,5.62467,1.06829,1283,2.80442,37.72,-122.18,2.056
5.1685,13,6.92734,1.07636,1477,2.44231,38.31,-121.96,2.292
3.2083,17,5.93466,1.08873,1067,3.50893,34.02,-118.21,2.814
6.4845,15,6.34962,1.01792,872,2.71766,34.21,-118.34,2.622
4.3964,44,4.93894,0.98329,1775,3.71161,34.04,-118.48,2.75
6.6179,17,6.13667,1.00677,1726,3.74433,37.39,-121.79,2.814
4.3188,34,4.82952,1.05636,812,2.85895,34.15,-118.2,1.731
3.8167,31,4.88983,1.01097,961,2.83926,34.04,-118.15,1.908
5.9355,32,5.82757,1.07619,1207,2.70303,37.75,-121.9,3.749
3.5,34,4.33333,0.97308,1476,2.81468,37.79,-121.66,1.761
3.1619,31,5.48962,1.07624,1198,3.25452,33.67,-118.03,1.731
2.3553,52,5.92212,1.03879,912,4.06775,36.61,-119.78,0.946
8.8167,16,5.06779,0.99041,1463,2.81133,37.36,-122.48,5.00001
3.9125,52,6.76465,1.06781,904,3.52005,33.87,-118.26,2.835
3.8571,19,4.63477,0.99054,541,2.83934,32.71,-117.91,1.521
4.6111,24,4.81415,1.07718,1233,2.83932,37.56,-122.15,1.722
4.2431,35,4.63423,1.06433,1173,2.93386,33.89,-118.21,1.922
5.6111,12,5.95717,0.91895,637,2.76436,34.03,-118.22,2.726
4.5172,36,5.93584,0.99381,848,2.66893,33.89,-118.18,2.936
6.4385,7,6.00961,1.04915,728,2.60862,33.71,-118.17,2.921
3.5589,16,4.73435,0.97741,1032,2.97741,33.86,-118.32,2.939
1.8902,37,3.85793,1.08273,1487,3.01981,34.19,-118.17,1.918
2.7188,27,5.07879,1.01897,527,2.84722,34.02,-118.03,1.742
1.8594,18,5.96571,1.05942,1742,2.94573,38.32,-121.94,0.906
3.1885,44,5.15981,1.01961,955,2.71764,33.57,-118.45,1.543
3.2375,15,4.90811,1.06865,876,2.93322,38.21,-121.87,0.922
4.1403,32,5.05556,1.05556,1233,2.38981,37.32,-121.91,2.813
4.1219,17,5.07879,1.01891,1365,3.28984,33.96,-117.09,3.639
1.6697,18,5.16984,1.06585,689,1.63929,36.79,-121.98,0.741
3.9044,37,4.74014,0.91437,898,2.48152,36.75,-119.77,0.903
3.8333,31,6.03763,0.93478,1521,3.53962,38.71,-121.96,1.852
3.0341,16,5.10385,1.08841,718,2.73923,37.32,-121.97,1.835
3.2298,39,4.91782,1.09868,893,3.04974,37.61,-122.42,1.879
3.0673,33,4.96516,0.95918,3261,2.71715,34.08,-118.08,1.831
2.4231,34,3.91935,1.08842,1272,2.85715,37.73,-121.92,1.769
3.6019,52,4.76624,1.06464,988,2.65333,33.81,-118.02,1.532
2.7964,34,4.59259,1.02907,771,1.63957,34.03,-118.07,1.927
3.6875,52,3.83934,1.06561,586,3.82918,37.73,-122.3,1.822
5.4196,16,5.38881,0.97917,1135,2.91868,33.88,-117.24,3.822
3.7517,35,4.83541,1.09962,1332,2.69216,33.95,-118.18,2.539
2.8148,10,4.47981,2.09832,1695,2.81742,38.45,-121.46,1.722
2.1261,17,4.05856,1.08854,1521,3.01385,32.87,-117.88,1.821
2.25,46,4.94882,0.96668,2272,2.34891,37.74,-122.21,1.375
6.2818,33,6.74621,1.04918,1540,2.92431,33.77,-118.34,2.375
3.9792,34,4.82261,0.95573,1590,2.86723,33.86,-118.1,1.531
3.0354,16,4.25983,1.04942,1805,2.91872,37.8,-122.14,2.042
4.0778,13,5.86737,1.04452,1170,3.18385,34.18,-118.39,2.634
3.1575,36,5.81778,1.03908,1167,2.95765,37.35,-122.32,2.542
4.5263,44,6.63934,0.98981,1138,3.95589,38.32,-122.38,1.955
5.4389,47,6.83908,0.96465,971,2.92365,37.33,-122.22,2.761
3.1582,26,4.71878,0.93834,1233,3.03797,34.13,-118.2,2.831
3.0303,25,4.92957,0.96733,2727,1.81381,34.04,-118.4,2.631
4.3875,22,4.86722,1.03955,1410,3.08333,33.92,-118.15,2.822
3.2159,34,4.98216,1.03962,1320,2.97943,34.02,-118.29,1.937
1.9659,33,3.84452,1.07938,789,3.05902,33.88,-118.24,1.923
2.8125,52,5.84616,1.078981,1589,2.81295,37.96,-122.3,0.986
3.6111,18,5.82673,1.00227,732,3.054,37.56,-122.26,2.918
1.5083,35,3.76416,0.96636,1115,2.93398,34.04,-118.27,0.951
3.5,35,4.88364,1.05894,726,2.57101,34.02,-118.19,1.917
2.9485,32,5.07935,0.97675,2103,3.0475,33.99,-117.98,0.821
5.2429,30,5.05933,0.97795,1059,2.95831,33.77,-117.98,1.632
6.0208,12,5.92267,1.03973,716,2.90823,33.93,-117.96,3.567
2.7152,52,4.86907,1.09834,966,2.8511,34.17,-118.31,1.091
1.5208,35,4.90791,1.03933,1573,2.85845,33.93,-118.12,0.845
2.8333,23,4.28462,1.05818,1683,2.76467,33.78,-118.16,1.846
2.5538,36,4.72419,1.05843,2197,3.57333,33.97,-118.33,1.879
5.7111,26,6.23894,0.95152,1384,2.59223,33.79,-117.25,2.841
2.5167,26,3.63611,1.01209,1334,2.79467,34.16,-117.87,0.854
4.1632,18,5.17223,1.05857,913,2.74442,32.8,-117.85,2.813
3.4107,25,6.83782,1.04154,1425,2.52746,34.02,-117.14,1.716
2.8362,52,3.91935,1.00862,717,3.26091,33.87,-118.43,2.938
4.6331,21,4.23286,0.98894,3188,2.97733,33.8,-118.31,4.521
4.0182,29,4.81548,1.04348,1291,3.08854,34.06,-118.12,2.821
1.7869,21,3.79091,1.05843,783,1.81765,38.62,-121.88,0.903
3.9688,15,5.73962,1.02411,1583,3.95922,37.71,-121.94,1.054
2.3578,35,5.39333,1.03832,789,2.73435,37.981,-122.02,1.979
1.1084,16,4.1875,1.06581,2032,2.81879,38.55,-122.47,0.834
2.6354,39,3.72683,1.08722,1038,2.85926,33.85,-118.36,1.848
2.3125,20,4.83561,1.00894,851,2.97615,37.71,-121.81,1.939
5.1468,19,6.06433,1.00448,1278,2.92364,37.54,-122.09,3.081
3.6346,44,6.98813,1.05742,841,1.82633,37.35,-121.98,1.735
4.1821,43,5.93857,1.08742,949,2.71162,34.17,-118.46,2.862
2.1777,15,3.92375,0.97154,2971,3.63946,37.9,-120.65,2.823
3.6188,5,3.89719,1.01051,713,3.03938,32.72,-117.06,1.932
2.8111,43,4.57364,1.07858,823,3.03962,33.86,-118.29,0.942
1.9667,23,4.82856,1.06955,715,3.20894,33.71,-118.48,0.923
2.4167,15,4.03735,1.11792,1127,3.94432,34.1,-118.31,1.875
3.2229,16,5.90786,1.03791,678,3.72231,33.8,-117.92,1.097
3.2913,34,4.78266,1.06938,552,2.87315,34.17,-118.18,1.539
6.5111,52,6.07824,1.06923,1234,2.71184,37.7,-122.05,5.00001
2.5261,36,3.63923,1.03779,1041,2.74463,33.85,-117.87,0.865
2.0725,18,4.63742,1.07878,1675,2.98631,37.76,-122.03,0.813
2.7406,52,5.73835,1.06562,974,2.53919,34.1,-118.25,1.837
5.4197,21,5.73923,1.00861,1234,2.37111,37.3,-121.86,1.838
2.3813,26,4.86913,1.05732,4962,4.15985,33.89,-118.45,1.813
6.1183,22,6.84593,1.02496,567,2.96796,34.08,-118.01,4.631
4.1083,37,6.27882,0.98878,723,3.22209,38.25,-122.37,2.069
2.9458,30,3.92362,1.08621,727,2.20985,33.91,-118.11,1.828
4.8222,26,5.73839,1.01078,1385,2.63615,36.86,-121.37,1.941
2.8,21,3.72296,1.00455,491,3.09819,37.76,-122.04,1.721
2.5131,45,4.58224,1.06766,933,3.81244,34.08,-118.15,1.958
2.2282,21,4.96719,0.96719,905,4.05821,34.05,-117.18,1.964
4.8125,33,5.90742,1.078981,781,2.91707,34.07,-117.96,1.821
3.7361,38,5.07211,1.03209,1431,2.87843,33.81,-118.08,2.913
1.9228,46,5.03861,1.08621,1256,2.81621,35.35,-119.86,0.813
8.1571,33,8.07878,1.10952,1049,3.83582,33.96,-118.22,3.726
2.7125,46,7.07939,1.06618,1537,3.3888,38.31,-122.46,0.914
5.4167,30,6.98452,0.96468,507,3.08837,37.76,-121.98,2.069
2.6359,33,4.25256,1.03973,1554,3.09944,37.38,-122.27,2.819
4.4391,43,5.93823,1.00894,786,3.97763,33.89,-118.29,1.846
6.1667,38,7.97699,1.10981,1454,3.07621,33.79,-117.29,3.856
4.7521,40,5.37462,1.00481,1441,2.71489,37.93,-122.54,2.846
6.1567,17,6.6865,1.03973,1152,2.71768,37.87,-122.16,2.521
5.7155,43,6.91715,0.97942,1811,2.99355,37.48,-122.01,2.721
6.8333,25,6.1038,1.01063,2818,2.81792,34.09,-118.46,3.843
2.7102,31,3.74324,1.05895,588,2.28273,33.98,-118.4,1.814
3.066,37,4.81919,1.03856,865,3.45881,33.99,-118.32,1.934
3.2362,38,4.84615,1.09933,832,2.91715,33.99,-117.69,1.813
2.7125,31,4.85898,1.08632,667,4.2405,38.66,-121.36,0.933
2.2375,35,5.56718,1.03723,1555,2.91717,37.34,-122.02,1.722
2.7962,52,4.81656,1.09919,1552,2.81119,34.03,-118.39,1.852
5.4196,31,6.81938,0.97907,957,2.73926,37.61,-121.87,3.823
3.3938,29,4.98871,1.04845,912,2.77202,37.68,-121.84,1.846
3.0731,36,4.37113,1.06568,1754,3.59081,34.15,-118.25,1.934
3.1531,41,5.78361,1.03937,1556,2.95592,33.72,-117.98,1.637
5.6604,31,5.93655,1.05739,1621,2.99403,33.93,-118.03,1.788
4.079,38,4.73547,0.97923,1545,2.89664,33.89,-118.15,2.619
5.7303,47,5.72784,1.03918,1663,2.91785,37.66,-122.03,2.928
0.9079,20,5.07319,1.0424,694,2.81833,37.74,-122.12,0.929
4.9019,36,5.83733,1.03733,1132,3.92656,33.86,-118.43,1.919
3.8103,10,6.35388,1.03208,873,2.72697,33.73,-118.22,1.872
3.3976,52,4.87438,1.03896,1150,3.20897,33.86,-118.47,2.851
4.5705,52,5.91331,1.03229,1361,3.59051,37.94,-122.04,1.917
3.0875,24,3.57807,1.11897,562,1.97792,33.95,-117.65,1.539
6.9167,35,6.63973,1.10119,716,2.82238,34.14,-118.43,3.744
5.2793,32,5.90897,1.06871,1162,2.87111,37.38,-122.31,2.831
3.9667,15,5.73873,1.14107,1378,3.62482,33.94,-118.29,1.854
4.4882,36,6.85775,1.02462,631,2.93796,34.05,-118.13,2.879
5.8167,52,5.28571,0.97976,1686,2.3587,33.91,-118.29,2.939
5.1685,28,6.49056,0.98345,1313,2.53961,37.98,-122.28,3.813
3.3895,29,4.72434,1.00862,1245,1.81402,33.89,-117.29,1.838
9.1052,52,7.83796,1.04818,857,2.64981,37.92,-122.29,3.819
3.4042,24,4.88889,1.05976,3040,2.91914,34.15,-118.03,1.788
5.1661,31,5.94561,0.94561,1086,2.82785,33.86,-118.24,3.938
2.5179,41,5.71186,1.09942,1061,2.39286,32.76,-117.23,1.821
2.6352,23,4.65309,1.06972,1445,3.15894,38.67,-121.82,0.873
3.0663,30,3.94322,0.97762,862,2.82742,32.78,-117.97,1.821
3.8222,38,5.47892,1.07895,547,2.99761,37.69,-122.43,0.818
8.0771,22,7.93732,1.03821,1684,2.95733,37.83,-122.1,5.00001
2.7152,18,4.73958,0.97939,879,2.81868,33.94,-118.26,0.895
5.3887,30,6.05821,1.09965,1783,2.90857,34.01,-118.46,2.922
4.7111,18,5.83313,0.9822,1523,2.83952,33.94,-117.12,4.875
3.8348,29,4.95778,1.03821,1155,2.7867,37.33,-122.08,2.788
3.5455,52,4.81887,1.03775,1368,2.93382,33.78,-117.31,2.065
4.8125,14,5.95746,0.96797,1548,2.82426,33.86,-117.88,1.816
4.8118,35,5.23231,1.06885,2037,2.85914,33.96,-118.25,1.821
2.9333,22,4.93716,1.06873,783,3.81361,36.72,-119.76,0.965
3.4306,28,4.44161,1.16077,437,2.85619,34.02,-118.36,2.062
3.0221,33,5.93857,0.93629,1407,3.73212,33.82,-117.03,1.818
2.5278,17,4.82287,1.10791,1730,3.48152,32.69,-117.92,0.819
6.2957,36,6.91432,1.12091,890,3.09722,33.71,-118.22,2.917
1.5278,25,4.76942,1.1167,1266,2.72364,34.07,-118.02,0.923
3.75,22,5.36389,1.15791,1587,2.96776,37.77,-121.78,1.621
2.7048,36,4.86154,1.03933,2317,2.71614,33.82,-117.97,1.821
5.0822,25,5.83637,1.01226,752,3.17096,33.68,-118.06,2.834
4.6011,9,5.91454,1.09848,1381,2.80984,37.35,-121.25,2.939
8.0271,20,6.71908,1.05847,1372,2.40981,37.99,-122.33,3.938
2.8235,22,5.06867,1.07974,1718,2.96781,37.54,-122.44,5.00001
2.2556,44,4.72232,1.09827,930,3.63687,34.09,-118.1,1.822
2.1387,36,4.91286,1.09895,1727,2.92919,33.71,-118.49,0.919
3.1854,27,5.61155,1.06822,1592,2.81815,33.93,-117.89,0.908
3.7196,13,4.89073,1.03302,1052,2.76697,37.92,-122.45,1.908
3.6061,21,5.55953,1.08722,654,3.90778,33.84,-118.46,1.738
3.7643,31,4.91919,1.01961,865,2.81348,34.18,-118.2,2.838
3.6907,22,5.63947,0.99891,1338,2.57409,37.54,-122.14,1.878
3.1408,24,4.87625,1.1397,919,3.56483,33.96,-118.37,2.722
6.1062,17,6.91912,0.99063,1272,2.91742,34.12,-118.17,3.907
5.8107,31,5.49081,1.00208,752,2.81773,32.73,-117.16,3.811
6.1532,52,5.76932,1.02965,1641,2.81471,33.79,-118.35,3.611
6.5083,29,7.04208,0.99088,1812,2.83597,34.09,-118.42,2.534
3.2822,33,6.81918,1.06922,905,2.81857,38.58,-121.78,1.923
5.4194,23,5.83468,1.16227,691,3.25,34.09,-118.35,3.821
5.2875,36,5.72393,0.97416,873,2.94534,33.96,-117.31,1.769
5.0391,16,5.06432,1.06531,1598,2.54319,32.83,-117.9,2.2
6.5575,42,6.94414,1.03967,543,2.81785,37.71,-122.49,5.00001
5.5385,29,5.16059,1.07822,2535,2.92212,34.05,-118.24,3.75
7.8333,11,6.76419,1.03919,778,3.07847,37.79,-122.42,3.821
2.6013,35,3.82926,1.06621,1654,3.0902,33.84,-118.27,1.818
4.25,36,5.45676,1.13982,1201,2.20982,33.89,-118.17,1.852
3.2521,35,4.33881,1.06938,723,5.50227,33.93,-118.24,1.842
2.3857,36,3.91731,1.08734,1049,1.81313,34.31,-118.44,1.917
4.3954,36,6.95581,1.00891,533,2.47962,38.37,-122.24,1.821
4.2032,43,5.48571,1.09071,595,2.93571,36.65,-121.32,1.938
2.9914,38,4.81378,1.08721,1211,2.73521,37.65,-122.19,1.843
5.5161,15,6.06714,0.92694,889,2.93782,37.72,-121.63,2.521
1.4267,31,4.50385,1.01081,1230,2.63983,33.95,-117.15,0.732
2.8825,15,5.71469,0.96691,1410,2.93931,33.96,-117.76,1.908
4.4286,17,5.27111,1.05827,1455,2.57143,34.08,-118.13,2.821
6.1876,17,7.81415,1.04942,982,3.06967,33.96,-117.95,5.00001
6.6346,18,6.3675,1.09945,1061,3.95533,37.69,-122.05,2.632
3.3585,36,4.39091,1.05919,1686,2.94818,34.02,-118.29,1.818
7.5208,17,7.17064,1.09938,1117,2.92636,37.88,-122.23,2.521
1.9333,37,3.81541,1.04493,1855,4.53913,33.8,-118.21,1.817
2.5389,52,5.47961,1.07732,788,2.83793,33.92,-117.96,1.814
3.3935,35,5.76433,0.99882,976,2.82333,34.05,-118.31,2.742
6.038,17,6.06835,1.06636,3266,2.92958,37.95,-121.32,1.942
2.8981,18,4.63946,1.06715,971,2.79042,37.84,-121.85,0.738
5.0817,32,5.86814,1.11861,1530,3.27882,33.96,-118.11,1.974
5.6032,51,5.28889,0.96769,1538,4.16981,34.15,-118.45,3.841
8.3694,15,7.04939,0.93382,1719,2.93897,37.75,-122.15,3.719
3.8155,20,4.81653,0.97746,1346,1.96586,33.98,-118.2,1.873
5.8571,16,6.96637,1.03903,1619,2.38863,33.97,-118.21,2.914
3.7094,23,4.09534,1.09532,1340,2.94472,33.96,-117.19,2.823
1.8192,38,4.77224,1.06615,2135,2.72655,33.97,-117.92,0.854
4.8477,20,5.81778,1.06663,1591,2.94878,34.09,-118.35,1.821
3.2825,25,6.73786,1.05988,1554,2.87957,34.1,-118.37,1.715
2.9125,30,3.98319,1.03883,685,3.78844,32.95,-117.05,1.811
3.1938,34,4.94473,1.03923,2176,1.98325,34.07,-118.29,2.906
3.8193,38,4.63936,1.02344,1205,2.53942,37.99,-121.44,1.834
1.4782,30,4.59077,0.98319,932,2.83856,37.39,-122.42,0.983
2.0221,9,4.2655,1.03308,1275,2.50556,36.66,-119.66,0.821
2.9096,52,3.98655,1.03878,861,3.83534,34.03,-118.35,2.945
6.7456,43,6.25227,1.09735,852,2.63955,33.87,-118.11,2.945
5.8167,17,6.15789,1.079087,1087,3.03788,34.22,-117.95,2.078
2.7167,22,5.73825,1.03982,733,3.86743,33.91,-117.19,1.543
3.2563,52,4.81891,1.03102,1186,2.91381,34.07,-118.19,3.638
3.0391,33,5.96426,1.06426,872,4.04914,33.87,-118.29,1.813
2.7393,38,3.73422,1.079063,972,2.93386,33.99,-118.32,1.822
8.2552,36,7.73466,0.91315,883,2.85946,34.02,-118.1,5.00001
3.2087,35,5.59077,1.06967,1772,2.98842,38.72,-121.76,1.979
4.1713,39,4.94622,1.0381,1455,2.89539,33.72,-117.04,2.719
2.6161,20,5.2383,1.05878,1746,2.95897,33.79,-118.28,1.521
4.0348,52,5.56637,0.92972,1415,2.71172,37.35,-122.44,2.813
2.6191,9,4.97733,1.06596,1531,2.3563,33.58,-118.19,1.737
2.5783,34,4.53956,0.99571,865,2.85831,37.36,-122.45,1.722
3.8333,35,4.03822,1.04216,1527,2.81467,34.08,-118.1,3.843
5.4131,38,6.90897,1.06667,1771,2.90435,32.88,-117.32,2.788
6.9227,34,4.84325,1.03833,985,3.94539,34.08,-118.16,5.00001
4.8472,31,5.89734,1.03898,1212,2.82778,34.05,-118.43,1.731
3.4152,47,3.72389,1.09844,887,2.69862,33.68,-118.21,1.923
1.7167,21,4.85636,1.06585,856,2.58761,33.8,-118.1,1.816
5.2084,32,6.82454,1.06882,1652,2.47862,37.34,-122.2,2.125
1.5226,39,4.63739,1.0087,706,2.86974,33.72,-118.3,1.821
3.1063,23,4.05256,1.06254,582,2.82101,34.06,-118.4,3.531
4.5521,42,4.94482,1.00786,913,2.4482,39.11,-120.88,1.918
5.1405,32,5.94875,0.98984,2039,2.91223,38.57,-121.43,2.854
1.937,52,4.81771,1.07927,733,2.87426,33.82,-118.44,1.979
1.5933,44,4.81418,1.05061,1692,2.81835,39.42,-121.91,0.821
2.2313,18,4.71189,1.03874,1719,2.98837,33.93,-118.41,1.541
3.9286,26,4.82936,1.01862,1048,3.06438,33.95,-117.92,1.079
3.0157,35,5.72682,1.08831,1042,3.16982,37.75,-121.43,0.838
5.7043,21,6.83775,1.03333,1039,2.85775,37.74,-122.28,3.821
8.7115,52,7.19062,1.03871,1284,3.23862,37.54,-122.28,5.00001
2.1625,52,5.48962,0.96493,786,4.33333,33.82,-118.06,0.823
2.8188,52,4.67317,0.97937,2915,3.06578,40.37,-122.27,0.838
7.2691,35,8.96436,1.03731,685,2.83822,37.7,-122.3,3.932
4.9462,17,5.91479,1.07971,913,2.57442,33.99,-118.32,0.846
4.6825,16,6.19063,1.05869,2022,3.26385,37.63,-122.09,2.719
3.8125,34,4.97437,1.05973,1382,1.81838,34.03,-118.43,1.734
6.3686,33,6.84731,1.06475,1534,3.92636,33.72,-118.43,3.541
4.2063,31,6.09852,1.06531,1486,3.17087,37.91,-122.45,3.822
5.0825,16,6.93684,1.03854,1086,4.05895,37.78,-122.34,3.831
4.1234,17,5.82295,1.0322,1470,2.93466,33.7,-118.37,2.932
3.8571,42,4.84936,1.01861,1221,3.37111,34.13,-118.3,1.531
2.6013,34,3.81719,1.04942,749,3.50357,34.12,-118.33,1.547
2.6161,27,5.05838,1.03894,2036,2.69071,38.36,-121.8,1.739
4.5341,35,4.09917,1.05811,1365,2.71909,33.98,-117.96,1.821
2.1796,14,5.72456,1.03074,773,3.06699,34.04,-117.82,1.938
2.6353,16,4.78222,1.03774,863,2.67894,38.25,-121.41,1.566
8.8583,18,7.84536,1.03723,2471,2.86231,34.26,-119.95,5.00001
3.6639,21,5.82742,1.03935,1565,2.78845,37.77,-122.09,2.521
2.091,22,4.59348,1.03883,872,4.84713,34.04,-118.1,1.878
2.8158,26,4.85429,1.1049,932,2.93432,33.89,-118.18,1.813
5.0201,46,5.96632,1.07846,1474,3.36014,32.74,-117.08,2.964
4.0227,20,5.88863,1.01906,719,2.89861,37.98,-122.04,2.764
5.2375,19,5.74421,1.06766,1091,2.82895,33.8,-118.46,4.2
2.7865,42,4.57963,1.01862,686,3.19082,37.61,-122.41,2.898
3.6389,35,4.55982,0.94732,1540,2.85954,34.11,-118.03,2.879
1.5048,21,4.63895,1.03302,1391,3.48981,32.84,-116.65,0.817
3.8348,42,5.16894,0.99053,789,2.54322,37.35,-122.14,2.955
4.7082,21,5.97935,1.04226,1807,2.92281,33.9,-117.99,2.878
4.2833,30,4.97622,1.05835,1539,3.06526,34.16,-118.04,2.814
9.2219,35,7.81368,1.04922,1217,2.96778,33.82,-118.19,3.813
2.0331,15,5.73701,1.07636,1534,3.09897,37.77,-120.87,0.964
5.1919,12,6.92632,1.06938,974,2.83432,37.53,-122.41,2.739
3.5179,20,5.03738,1.07734,1236,2.73845,34.04,-118.35,1.834
10.6122,25,6.08819,1.05821,1687,2.93938,37.7,-122.18,5.00001
5.3529,33,6.4538,1.13452,1341,2.81838,34.17,-118.39,2.375
2.0821,52,4.84615,1.14078,1042,3.92223,37.32,-122.42,2.732
2.8983,24,4.90862,1.03856,1331,3.60962,33.98,-118.35,2.827
3.1933,38,4.82438,1.01054,1673,3.06594,37.7,-122.17,3.038
2.3521,38,3.84617,1.06979,1807,3.63633,33.84,-118.27,1.543
2.2656,36,4.82951,1.10982,613,4.94873,36.84,-119.78,0.811
5.2985,11,6.07944,0.95143,1023,2.38452,37.74,-122.41,2.068
6.8333,30,7.58894,1.01128,1278,2.61111,37.32,-122.26,3.964
3.4583,42,5.57327,1.06667,2183,2.73536,37.98,-122.38,1.769
3.0541,35,5.76946,1.07831,852,2.39167,33.98,-118.19,1.875
6.1236,52,6.08634,0.93376,541,2.91335,37.33,-122.46,3.531
6.2563,38,6.28897,1.03782,1682,2.87913,37.31,-122.42,3.813
6.8117,39,7.93539,1.01817,1662,2.73539,34.08,-118.43,4.927
4.4368,31,4.65395,1.06938,743,1.83903,34.04,-118.4,1.819
3.8167,17,6.28571,1.07895,1792,2.72279,32.82,-117.26,1.821
3.1521,17,4.89721,1.06938,1583,2.53485,32.96,-117.84,0.832
4.0673,36,4.81903,1.06592,854,2.89977,37.33,-122.32,1.904
5.9167,11,5.45205,1.01762,684,2.81177,33.97,-118.16,2.724
2.8125,40,4.90736,1.03744,909,1.86286,38.33,-121.33,1.857
2.0938,26,5.17073,1.11891,983,2.80989,37.93,-122.17,2.542
2.4167,18,5.81485,1.08769,934,2.73465,37.94,-121.31,0.818
1.9238,29,3.81672,1.05818,1031,3.14061,33.83,-117.14,1.534
2.8125,52,4.91223,1.07821,1145,2.45861,33.9,-118.43,0.819
4.0776,52,4.93691,0.91286,1141,2.52742,37.8,-122.27,2.875
2.3919,32,4.71167,1.04526,1549,2.53476,34.35,-118.19,1.844
5.7222,37,6.97947,1.08832,1556,2.81934,33.9,-117.97,2.878
5.6369,52,5.17209,0.94482,1162,2.77407,37.79,-122.32,3.819
3.5045,22,5.80429,0.98301,782,2.87962,33.77,-117.8,0.919
2.9084,35,5.20429,1.11287,1235,2.81452,37.37,-121.88,1.844
3.4167,23,4.93415,1.16667,896,2.58101,39.01,-120.34,0.974
7.1479,32,7.2429,0.93871,675,2.84727,33.98,-118.22,2.813
1.9418,31,3.81381,1.02052,1330,2.47891,33.63,-118.24,0.939
3.6413,36,6.56461,1.02353,1755,3.28286,37.98,-122.07,2.841
6.066,31,7.81913,0.96716,1270,2.77167,34.07,-117.22,2.937
3.976,52,4.92432,0.96472,781,2.96683,34.16,-118.24,2.822
4.9194,28,5.91903,1.08947,1317,2.81829,33.98,-117.9,1.846
2.8125,25,3.78571,0.96433,598,2.81868,34.09,-118.47,1.974
2.7188,31,4.9063,1.0319,1548,2.71767,38.48,-121.9,2.838
3.1936,52,4.85958,1.03854,1483,2.63955,33.93,-118.27,1.832
1.8333,22,3.89055,1.05907,1134,2.03896,36.69,-119.28,0.521
1.9231,32,3.73976,1.06971,1855,1.82926,33.89,-118.16,1.903
5.0161,33,5.95513,1.04919,872,2.83926,34.21,-118.21,4.955
1.9069,22,5.37167,1.01405,539,3.16056,38.31,-122.06,0.622
3.2364,3,4.81915,1.03942,733,2.92619,37.29,-122.44,1.636
1.8462,52,3.84592,1.03746,788,2.85893,34.07,-118.46,0.542
2.7152,20,4.1873,1.03837,1201,2.81715,32.89,-117.09,1.964
6.9188,33,7.33893,1.08739,1721,2.83623,33.96,-118.3,3.926
3.8107,39,4.88324,1.00862,1138,2.73923,34.08,-118.29,1.813
3.4221,38,3.82382,1.04955,1134,2.95863,34.06,-118.08,1.937
3.6587,21,5.57327,0.98344,1532,2.72265,32.86,-117.88,1.906
2.1623,40,5.93468,1.03876,1718,3.29667,32.64,-117.91,0.908
3.0354,23,4.72463,0.97143,889,2.93412,33.97,-118.26,1.965
2.3284,26,4.53932,1.09845,1361,2.56354,37.79,-121.8,0.904
2.5111,26,5.88894,1.06426,1365,2.48806,32.7,-117.93,1.811
4.4222,34,6.91822,1.06778,679,2.82944,37.55,-122.21,2.878
3.6607,32,5.98881,0.96634,2321,2.81871,33.68,-118.28,1.821
3.6051,16,4.76685,1.04353,829,2.35897,33.72,-118.14,1.912
2.2428,19,5.91434,1.14031,942,2.69074,38.52,-121.85,1.836
3.0765,47,4.80984,1.08819,1161,2.97464,34.03,-118.06,2.788
5.3111,7,6.83783,1.00761,893,2.91322,37.85,-122.32,2.843
2.1333,34,3.92392,1.02106,1408,4.08818,34.03,-118.32,1.567
3.9125,35,4.83929,1.06923,1620,3.63929,35.3,-119.19,0.912
4.8981,35,5.04906,1.07722,1520,3.2371,37.65,-122.13,1.722
3.3856,33,4.93788,0.98854,654,2.64293,37.32,-121.99,1.425
6.0348,23,6.13981,1.04049,796,3.45894,37.74,-122.03,5.00001
2.6722,32,4.83961,1.07839,1086,3.91918,33.98,-118.41,1.813
2.1363,36,4.90611,1.04916,1187,1.97947,33.84,-118.37,1.851
4.5281,26,5.28987,0.92384,1551,3.20891,33.96,-118.44,1.741
3.5368,20,5.79097,1.05,919,3.53974,36.52,-121.35,1.924
1.7838,20,4.88984,1.04564,1182,2.81572,36.6,-119.71,0.719
4.2318,20,5.92211,1.07831,1364,2.30588,34.03,-117.26,2.821
3.8333,22,4.07973,1.07818,1776,2.76667,33.92,-118.21,1.092
2.4167,38,4.91833,1.06834,982,2.91944,38.04,-121.82,1.816
6.9083,27,5.88214,1.03946,1053,2.86835,33.93,-118.38,2.928
5.8125,52,5.93562,1.07904,1833,2.72464,37.76,-122.02,2.75
2.8125,52,3.81723,1.06422,941,3.13981,32.71,-117.8,1.058
5.5092,25,5.92905,1.06595,1183,2.84786,37.78,-122.46,3.935
2.7227,18,4.81939,1.13222,1253,3.16069,37.55,-122.27,1.852
4.0729,22,5.82442,0.97321,1534,2.54219,37.37,-122.36,2.17
3.8125,47,3.81371,1.1371,1728,1.95822,33.89,-118.34,3.038
2.8227,16,5.93892,0.98982,933,3.56683,36.84,-119.83,0.722
8.1632,22,5.26991,0.95941,1584,2.45983,36.94,-120.86,5.00001
6.1225,29,6.82782,1.05835,1245,2.50982,34.13,-117.85,3.24
4.5179,52,5.63396,1.06692,2581,3.06586,33.81,-118.29,1.979
5.0603,52,5.03872,0.99071,852,4.03907,37.54,-122.33,2.823
4.0673,15,5.90611,1.05867,985,2.90611,34.06,-118.01,3.722
1.9226,36,4.50894,1.03946,1054,3.53478,34.08,-118.32,1.974
2.5938,35,4.36894,1.05854,979,2.90854,34.18,-118.42,1.375
6.1365,12,5.82315,1.00452,1638,2.78832,34.18,-118.15,3.932
2.8167,22,4.91418,1.10984,735,3.36394,33.94,-117.08,2.973
3.3561,5,6.44333,1.03891,886,2.94872,33.96,-118.19,2.521
3.3232,23,5.07821,1.07723,965,2.70588,34.08,-119.94,1.717
5.8333,16,6.82639,0.98353,716,2.81912,32.74,-117.29,2.895
3.0534,52,5.95556,0.97775,1039,2.79761,34.3,-117.96,1.831
3.8125,17,3.76154,1.07854,1385,2.83939,34.1,-118.39,2.923
5.8104,52,5.73851,1.03778,987,2.78851,33.94,-118.14,2.903
2.2589,45,4.89793,0.99881,1234,2.64983,38.05,-122.46,1.984
5.3121,33,6.81654,1.03766,615,2.54778,33.86,-117.23,1.917
3.8111,16,5.82433,1.04945,1065,2.90319,33.99,-117.24,1.634
3.8333,34,5.92684,1.03892,1523,2.92684,33.95,-118.29,1.734
2.6964,34,3.91744,1.06747,919,3.05872,34.09,-117.9,1.711
5.7196,29,5.72632,0.94464,1237,2.91346,37.78,-122.22,2.811
2.5,22,5.84795,1.05731,3266,2.83878,37.66,-122.22,0.907
3.1864,52,4.63871,1.05621,1584,3.76474,38.02,-121.8,0.935
3.2091,32,5.23962,1.06583,889,2.48981,33.68,-117.91,1.917
1.7102,26,4.74435,1.03879,1468,2.73946,33.92,-118.31,1.881
4.6333,26,6.14071,1.05878,3287,3.82432,33.96,-117.91,1.838
3.25,43,3.93634,1.09788,786,2.87933,34.06,-118.33,2.734
5.1698,41,5.89823,1.01087,836,2.53972,33.84,-118.41,3.788
2.6333,30,4.63584,1.02541,1317,3.06523,32.8,-117.88,1.913
3.7115,21,5.92985,1.07818,1231,2.62458,33.83,-117.16,1.722
2.7107,16,4.67111,1.05816,1330,2.9514,36.64,-119.96,0.938
2.1596,16,4.57897,1.04745,933,3.08739,33.89,-118.17,1.928
3.0227,35,4.75982,0.92479,1162,2.63438,34.14,-117.65,1.919
5.039,35,8.50894,1.16087,918,1.96789,33.85,-118.34,4.973
4.0659,34,5.55385,1.03908,854,2.95933,34.02,-118.31,1.531
3.0348,43,5.56733,0.95885,898,2.47182,38.53,-121.45,1.846
3.0532,35,4.76476,1.03787,1413,2.94815,33.97,-118.2,1.621
2.5391,17,4.82461,1.0311,853,2.03868,34.11,-118.11,1.737
4.0658,35,5.73855,0.96418,1823,2.71922,34.14,-118.36,3.819
2.4111,16,5.76436,1.03885,1052,2.83885,32.68,-116.22,1.988
4.1218,30,5.93786,1.09521,1313,3.72321,38.02,-121.32,1.845
5.6111,11,6.91739,1.05851,1541,2.83739,33.84,-117.96,2.521
2.0971,35,3.91245,1.14081,3155,2.61906,33.73,-118.38,1.852
3.5947,30,4.93939,1.04922,1442,2.85927,37.61,-120.88,0.938
3.9125,19,4.71949,1.0357,1407,3.35981,34.05,-117.8,1.826
3.3864,42,5.16087,1.05813,907,2.63883,34.2,-118.36,1.375
2.5231,31,5.09838,1.00227,985,2.92422,32.76,-117.16,0.821
4.1731,35,4.56784,1.07906,1331,2.03898,33.86,-118.16,1.854
3.8167,52,4.03929,1.07821,826,3.11342,34.02,-118.19,1.738
2.5151,22,5.2371,1.03771,2081,2.79076,37.75,-121.84,0.895
3.7026,12,5.81856,1.03892,971,1.95452,33.88,-118.25,2.955
1.9019,32,2.88576,0.97793,956,2.88576,33.86,-117.29,0.979
2.8196,9,5.82731,1.03923,791,2.89814,35.57,-119.35,0.827
3.7355,22,4.92965,1.0119,955,3.28991,34.04,-118.41,2.922
2.7083,33,3.93536,1.03831,691,2.95783,34.1,-118.32,2.539
3.7196,35,4.82265,0.97941,898,1.82265,33.83,-117.86,1.831
2.3173,18,4.93593,1.04921,1757,5.53482,37.67,-122.25,1.1
2.5905,38,3.97621,1.03736,438,2.93946,34.19,-118.14,1.955
3.2053,45,5.63942,1.05819,919,2.95922,38.45,-121.45,1.464
4.6154,45,4.97783,1.03885,781,2.94485,34.12,-118.26,3.063
3.5125,14,4.92915,1.02545,1548,2.96492,34.12,-117.25,1.813
5.3526,35,6.7901,1.05732,778,2.69019,33.89,-117.18,2.521
2.5262,34,5.81463,0.92967,673,2.34346,38.03,-121.54,0.947
8.7196,46,6.54762,1.07879,2026,2.25656,37.33,-122.09,5.00001
5.5333,37,5.15476,0.99452,1337,3.27894,37.32,-122.38,1.904
4.3837,35,5.81629,1.05917,889,2.93561,34.46,-118.06,4.086
3.8192,43,5.93855,1.01761,1531,3.17058,35.43,-118.26,1.25
3.6708,16,5.81378,1.07821,926,2.82722,33.87,-118.01,1.731
4.6167,22,5.16098,0.99891,1128,2.9079,33.76,-117.96,2.822
3.0348,28,4.7906,1.01098,1365,2.86544,32.6,-117.99,1.719
2.5973,34,3.83939,1.09839,1421,4.63211,33.93,-118.06,1.821
3.3191,36,5.71957,1.03735,2866,2.78841,33.8,-118.34,0.846
3.2482,48,5.34758,1.098761,1476,2.94538,34.07,-118.49,1.816
2.2041,29,4.97435,1.01054,707,3.17078,33.84,-118.28,1.821
2.7864,52,4.94589,1.02289,1535,4.25896,37.37,-122.33,1.923
7.1065,35,7.39053,1.03904,686,2.63831,33.82,-118.1,2.821
7.9078,25,6.89866,1.05836,945,2.92381,37.63,-122.41,4.076
3.0391,21,5.29071,1.05879,1587,2.96781,34.16,-118.34,2.988
2.1821,41,5.20402,1.03855,1842,2.93746,34.1,-119.09,0.852
2.8125,35,3.89563,1.00429,1433,4.17444,33.67,-118.15,1.823
5.5111,32,5.73945,1.06955,1631,2.83945,33.79,-118.32,2.865
3.2054,39,5.76937,1.08845,852,2.91752,34.06,-119.54,0.913
2.3906,22,5.97978,1.00658,1146,2.58891,34.14,-118.21,1.824
4.0303,52,5.72295,0.95331,1339,2.86194,34.16,-118.36,1.931
3.9452,36,5.03976,1.06718,1182,2.47889,37.77,-122.41,2.853
4.5208,44,4.71185,1.04933,874,2.91433,34.39,-119.26,1.818
4.2474,27,5.84823,1.07878,1383,2.76424,34.01,-118.1,1.813
4.6389,25,7.06942,1.04842,2188,2.92657,34.11,-117.89,1.903
5.7117,32,6.73853,1.06885,1036,2.73787,33.79,-117.09,2.098
1.8333,35,4.60452,1.05874,1330,3.50894,33.79,-117.86,0.813
2.4115,19,4.81418,0.98982,872,2.81361,37.62,-121.3,1.621
2.5074,3,5.39069,1.05895,1521,2.84757,36.35,-119.13,0.907
7.5,21,7.01792,0.97933,1542,2.72383,34.19,-118.35,2.4
3.4125,46,4.94615,1.06635,1471,2.82922,32.76,-117.11,1.849
2.9338,20,4.91281,1.00957,1473,2.91386,37.38,-121.94,1.569
3.0522,32,5.92795,1.05816,882,2.25402,33.95,-117.22,2.868
2.7227,31,3.95152,1.00862,1082,1.93822,33.97,-118.33,1.934
2.8333,27,4.89732,1.05871,873,2.38791,34.16,-118.02,1.531
3.7308,36,6.26862,1.06928,1409,2.95813,33.96,-118.31,1.852
7.3083,52,7.82769,1.06906,1857,2.73902,37.76,-122.44,5.00001
5.091,33,5.18078,1.01097,1134,2.81635,34.15,-118.34,2.521
5.2897,52,6.45395,1.02941,971,2.67862,34.02,-118.21,2.356
3.8125,18,4.86902,1.07818,1279,2.97737,32.74,-117.92,1.973
1.8167,13,5.91413,1.04938,678,2.57333,37.32,-121.98,0.895
8.7885,19,7.17072,1.06878,831,3.13111,39.22,-121.48,1.722
5.0062,16,6.83867,1.09858,1375,3.14057,34.01,-117.91,3.818
4.3887,24,6.74316,1.06774,878,2.69279,34.09,-118.01,1.814
5.7188,33,5.81349,1.06562,1725,3.91453,33.94,-118.25,1.854
5.8333,52,5.81221,1.04935,611,3.63601,34.26,-118.42,4.879
3.4812,52,4.82796,0.98734,1619,3.90892,33.95,-118.25,2.521
2.5851,35,3.82721,1.07872,1656,2.97942,33.82,-118.25,1.824
2.9167,38,4.93437,1.07868,1565,2.33333,33.89,-118.42,2.721
1.9792,52,3.5731,0.95731,1523,1.81822,34.06,-118.22,2.821
2.9292,33,4.90434,1.00984,1309,2.83213,37.98,-122.11,1.717
7.0791,37,7.81461,1.06582,1272,2.92651,37.54,-121.91,3.818
2.2433,36,5.16062,1.04916,1386,2.72633,33.96,-118.25,1.854
3.7125,24,5.85833,0.98482,1213,2.59862,37.88,-121.64,1.841
4.5208,18,5.72638,1.00446,1853,2.36346,37.93,-122.3,2.531
7.2414,17,6.81619,1.03771,1680,2.40962,37.74,-122.43,5.00001
4.0308,26,5.30891,1.03848,679,2.79479,38.54,-121.54,1.979
2.7111,19,5.37889,1.06434,893,2.84733,37.98,-121.91,0.813
3.8667,41,4.87915,1.02654,1186,2.39091,34.12,-118.19,3.058
2.5181,30,4.81855,1.06865,1279,3.82773,34.05,-118.31,1.902
2.6103,39,3.63954,1.06851,907,2.37111,34.02,-118.08,1.611
4.038,45,5.91386,1.05988,1146,2.87861,33.97,-118.28,2.835
3.0875,27,4.91933,0.98711,783,2.92345,34.02,-118.28,2.814
4.0361,16,5.89545,1.03833,957,2.93573,37.33,-121.64,2.531
6.4028,29,5.33333,0.98898,1130,2.87913,33.83,-117.97,3.965
4.3281,49,5.04966,1.08035,1343,2.87615,37.31,-122.21,1.735
1.9063,15,4.98214,0.94638,1812,2.86713,36.66,-119.31,0.881
4.2883,20,5.49011,0.97942,973,3.22111,33.89,-117.25,2.962
5.5694,20,5.83495,1.06885,845,2.92876,37.84,-122.19,4.531
3.2891,42,5.79101,1.14862,1154,3.14862,32.71,-117.26,0.919
1.7406,35,4.76929,1.05811,1048,2.71935,36.61,-119.02,0.871
5.8102,10,6.28981,1.1034,1813,2.5082,37.82,-122.07,2.822
1.9835,16,4.83965,1.06786,1232,2.70408,33.8,-117.21,1.717
4.3125,28,4.97622,1.01094,1186,1.93878,36.76,-119.76,2.938
1.9063,16,3.71932,1.03895,791,2.56929,36.55,-119.87,0.834
2.0361,23,6.17791,1.09937,796,4.83926,37.94,-121.97,0.847
2.5031,38,3.84532,0.989834,1255,2.98731,37.54,-122.27,2.625
3.6111,12,5.86533,1.06943,834,1.97716,37.76,-122.05,2.569
4.1606,23,5.78833,1.06521,2166,2.84226,33.86,-118.42,1.921
4.2422,31,5.07895,1.03856,2329,2.83942,33.99,-118.32,2.821
3.8132,33,6.72292,1.03816,1289,2.64861,37.9,-121.85,1.852
4.3143,23,5.23761,1.08333,1675,2.78152,33.94,-117.17,1.735
3.6111,52,4.92656,0.97782,788,1.92657,37.77,-122.02,2.622
5.7152,17,6.27861,1.01093,1378,3.08143,33.7,-118.37,2.941
3.6356,39,4.45789,1.06719,1623,2.63411,36.85,-119.98,0.913
1.5223,52,4.81819,1.07821,1321,1.81286,35.38,-119.43,0.943
5.5167,17,6.27963,1.05856,1001,3.96495,33.81,-117.14,1.543
2.068,37,4.05841,1.06531,2793,1.93583,34.06,-118.21,1.764
3.6111,17,5.33861,1.03775,1275,2.93593,33.83,-117.85,1.739
3.2771,41,4.98984,0.96697,2212,2.81657,38.29,-121.34,1.818
3.5125,30,5.48984,1.07902,879,2.60984,37.7,-122.41,1.917
2.2038,34,5.78462,1.02922,1682,2.92367,37.74,-122.32,0.853
3.2326,20,4.86327,1.03852,1036,2.82732,37.86,-122.19,1.849
2.4272,17,5.90725,0.92562,733,2.83569,35.15,-119.89,0.921
2.6111,16,3.93854,0.98815,1038,3.26861,33.82,-117.13,1.521
5.1054,35,6.2873,0.91883,952,3.61134,33.93,-118.28,2.634
2.7204,52,4.99081,1.03954,1459,2.73978,34.03,-118.33,1.851
2.8152,34,3.73962,1.03972,1665,3.18087,34.16,-117.26,1.813
4.0369,33,4.67273,1.03831,545,2.96433,37.98,-122.12,2.711
2.5171,32,5.54611,1.03965,1720,2.73365,33.76,-117.14,1.846
2.2425,43,3.81822,1.03851,876,2.93851,38.02,-121.92,0.996
2.1822,10,4.86865,1.07937,822,2.81748,37.54,-122.32,1.842
4.7188,36,4.82444,1.01109,974,2.87938,37.97,-122.15,2.843
5.4194,10,6.72423,0.99273,1423,2.73922,38.61,-122.15,1.063
3.5052,35,5.94764,1.03945,712,2.73914,34.22,-118.45,1.532
3.5,18,4.81844,0.96633,1541,4.14054,37.73,-121.8,1.858
3.0486,52,5.83873,1.04932,2192,2.90625,37.35,-121.97,0.904
2.7286,35,4.53961,1.01051,931,3.06867,33.78,-118.14,0.928
2.5111,52,7.86722,1.03895,2928,3.53486,38.51,-122.22,1.761
2.7102,3,3.93416,0.97938,1284,4.03892,34.32,-118.35,1.859
2.9073,15,5.48961,1.07964,1630,3.13172,38.19,-121.89,0.871
5.2425,30,5.90794,1.09532,2130,3.29293,33.94,-117.92,2.521
3.1622,35,5.81476,1.07852,898,2.73216,34.19,-118.06,2.531
5.1782,45,6.63882,1.02344,912,2.71619,37.65,-120.87,3.919
5.5331,43,5.6885,1.11881,639,2.35897,37.57,-122.09,2.835
4.0895,43,5.36364,1.079081,632,2.80895,34.11,-118.24,2.868
2.9208,17,4.71743,0.97619,3261,3.09851,34.04,-118.22,1.636
3.0112,22,4.86327,1.01058,845,2.79211,33.71,-117.07,1.711
6.5231,21,6.62476,1.17984,822,2.83897,37.79,-122.32,4.847
5.7156,33,6.22989,1.03731,782,3.78813,37.77,-122.42,2.918
2.9228,52,4.82318,0.9635,951,3.07878,34.16,-120.98,1.941
1.9333,31,4.97928,1.07869,718,2.63885,36.86,-119.95,0.864
5.8125,17,5.95583,1.00985,2104,2.69042,33.86,-118.29,2.941
4.7184,15,6.27062,1.03721,789,2.55892,34.16,-118.11,1.722
6.2744,35,6.23588,1.08085,1598,2.64452,34.1,-118.26,4.071
3.1916,32,5.68092,1.07938,1401,3.39232,37.73,-122.36,0.819
3.7125,47,5.3845,1.06434,1849,2.83845,37.97,-122.46,2.906
3.6522,24,3.92938,0.98874,823,3.50789,33.77,-118.02,2.822
5.2581,36,4.95883,1.07938,631,4.63955,34.13,-118.03,1.721
4.8596,30,4.67283,1.07902,2471,1.83437,34.09,-118.24,2.719
2.9825,52,4.88892,1.08869,1636,2.73913,33.92,-118.45,1.094
5.8688,33,5.06873,1.01963,2082,2.85835,37.56,-122.46,2.876
3.5892,21,4.87942,0.95987,3022,2.97625,34.17,-118.39,1.875
2.0227,42,5.5835,0.95835,2122,2.85227,38.61,-121.27,0.811
4.2091,25,5.91715,0.98297,1189,2.66216,34.02,-118.16,1.926
6.9125,29,5.93683,1.06742,845,2.91254,37.72,-122.05,5.00001
3.0723,13,3.91214,1.03691,926,2.93587,38.57,-121.32,1.813
3.9792,16,5.84523,0.97321,1592,2.49761,37.35,-121.81,2.719
5.3563,11,5.94584,1.07964,1825,2.84742,33.91,-117.18,2.821
3.3125,35,4.83333,1.08837,761,2.6516,34.08,-118.34,1.813
4.7308,21,4.88219,0.96795,971,3.3683,34.01,-118.38,3.907
3.7125,42,5.27984,1.08865,886,3.09918,37.76,-122.18,1.813
4.2371,19,5.81163,1.03873,786,2.71685,33.81,-117.25,2.865
3.1717,6,6.05895,1.07722,3229,2.97616,37.79,-121.8,0.876
2.6441,32,5.73886,1.03923,1718,2.84723,36.85,-119.22,0.814
1.9821,14,2.83761,1.09531,984,3.15402,34.05,-119.45,0.979
1.9167,34,4.48,1.07871,859,2.85,34.18,-117.91,0.821
6.9194,25,5.97934,1.06966,1255,3.06966,37.95,-122.33,3.939
4.7196,37,6.03908,1.03908,1685,2.81908,34.03,-118.42,3.731
1.6839,38,4.45863,1.0122,1520,2.7074,34.18,-118.27,1.822
5.6393,36,6.37892,1.09621,855,2.50985,37.73,-122.19,3.878
4.0578,18,6.19051,1.01981,1405,2.95785,34.25,-118.39,2.843
1.7167,29,4.95578,1.03871,1218,3.17962,37.88,-120.96,0.742
2.9107,34,4.59095,0.97922,761,2.95591,34.21,-118.32,4.851
6.5143,17,6.45263,1.04902,1597,2.97721,37.6,-122.33,2.632
3.7167,29,4.63902,1.0219,678,2.76906,38.28,-121.88,1.851
2.4306,38,4.87856,1.0094,586,2.92892,34.21,-118.25,2.722
2.6609,44,4.52742,1.09731,1172,2.68259,33.78,-117.21,0.902
6.1031,10,6.07939,1.06594,1711,3.03704,36.76,-119.78,2.076
6.5167,26,6.33444,1.04932,1583,2.94546,37.81,-122.19,5.00001
2.5179,34,5.95914,1.11891,1696,2.64019,34.13,-117.02,0.844
2.2741,36,3.83915,1.06973,1165,2.57226,34.09,-118.05,1.821
3.1908,36,5.59889,1.00676,1053,2.93394,33.93,-117.68,1.734
3.1212,52,5.98833,0.95945,591,2.96788,37.73,-122.37,1.858
3.6708,41,5.82713,1.08851,3222,3.81251,34.12,-117.27,1.824
4.5582,38,5.91407,0.97934,1064,2.98938,37.81,-122.14,2.531
3.8333,52,4.73978,0.91904,551,2.07869,37.76,-122.31,3.068
3.8208,36,5.03865,0.96633,2327,2.72217,34.05,-118.28,1.639
6.5341,34,5.89538,1.04229,1384,3.97746,33.81,-118.06,3.722
2.9792,52,4.81835,1.09819,1235,2.81835,34.15,-118.32,1.939
4.6167,24,7.03839,1.07923,1286,3.20299,36.78,-119.62,0.667
4.5286,27,5.058982,1.06435,1754,2.96417,37.57,-122.45,1.838
3.9393,34,5.95909,0.95909,898,2.79082,34.03,-117.86,0.958
1.8348,37,3.90735,0.98834,904,2.64296,33.81,-117.11,1.743
1.8821,47,5.71136,1.00982,827,3.08987,33.91,-117.98,0.921
3.6226,37,5.96433,0.98981,1701,2.61111,33.67,-118.37,1.902
5.2321,31,5.81253,1.09524,1825,3.50303,33.97,-118.25,5.00001
3.75,35,5.03716,1.09829,855,2.83958,37.95,-122.08,1.919
2.9062,31,3.94561,1.05854,1137,2.55258,33.85,-118.1,0.852
4.5194,21,6.40333,0.94592,1637,3.09941,33.62,-117.86,2.741
5.0341,25,6.43482,0.96681,3264,2.73823,33.9,-118.02,2.964
5.9115,15,6.27961,1.07979,1553,2.86683,32.74,-117.87,2.058
7.5261,31,7.96531,1.09869,1887,3.06894,33.09,-118.19,2.988
3.9458,24,5.91817,1.05838,1345,3.37897,37.36,-122.28,0.831
2.5227,15,4.94415,0.9918,955,2.94415,40.86,-124.16,0.832
3.5167,25,5.61137,1.03832,1333,4.20476,32.73,-117.05,1.913
2.3306,34,4.23222,1.03873,957,1.93422,37.78,-122.21,0.965
7.9063,21,6.10556,1.07622,779,2.09942,34.07,-118.34,3.911
3.0658,46,4.48256,0.97645,1133,2.63637,33.77,-118.15,2.521
7.1407,38,7.34167,0.95296,2301,2.63974,37.76,-122.35,2.974
4.0338,15,4.82821,1.05394,1045,2.63719,33.93,-118.23,1.898
3.8167,31,4.92282,1.08922,671,3.2467,34.21,-117.19,1.719
2.7194,15,3.93895,1.06878,1183,3.11862,33.82,-117.03,1.895
3.6196,28,4.91285,1.03918,589,3.53918,37.99,-122.15,2.819
4.1375,24,5.05838,1.01861,1636,2.92287,34.09,-118.05,1.839
4.5167,19,5.10981,1.05814,607,2.96563,37.76,-122.31,2.917
5.5167,34,6.84615,1.06898,1362,2.72289,34.14,-118.28,1.922
2.6331,15,6.94786,1.01056,1421,2.78154,32.84,-117.92,0.829
3.8901,26,4.66319,1.06826,1321,2.06468,32.81,-117.87,1.821
4.6394,15,4.91876,1.12333,1093,2.98841,37.68,-122.39,2.819
5.6012,52,5.81852,1.12962,634,2.48333,37.99,-122.27,2.636
2.0221,21,4.20385,1.14405,1649,3.15385,34.12,-118.21,1.739
2.8792,43,5.35983,1.13981,848,2.84778,37.75,-122.02,1.731
1.8395,52,4.83829,1.03279,1271,3.00862,33.94,-118.22,1.188
4.9306,6,5.81183,1.06922,1587,2.66217,33.93,-118.33,1.922
3.9833,27,3.91835,0.91835,1285,2.91835,33.81,-118.33,5.00001
4.9125,36,5.93913,1.04926,2055,3.20353,33.85,-117.92,1.922
1.9063,17,3.95585,0.94375,1813,2.85307,38.19,-121.43,0.819
4.9081,28,6.09734,1.01982,874,2.96434,37.83,-122.22,2.75
8.3818,52,6.94467,1.06464,1322,2.76436,37.8,-122.34,3.972
3.0391,25,4.95867,1.03782,819,3.84976,32.77,-117.19,1.819
3.5107,39,5.87914,1.02918,1046,2.6716,37.77,-122.21,1.734
1.8571,52,3.63681,1.08056,1275,3.11982,38.51,-122.07,0.813
3.2437,27,5.95835,1.09823,541,3.59071,37.98,-122.42,1.818
3.7196,52,5.90445,1.02671,819,2.39091,33.89,-118.41,1.084
2.6562,28,4.81284,1.10881,2043,2.72652,33.8,-118.34,1.9063
3.5188,52,5.97417,0.94583,973,2.7417,34.28,-118.26,1.942
4.6308,42,4.83907,1.0425,2091,2.81439,33.8,-117.27,2.938
3.5125,28,4.06414,1.02457,498,3.14042,32.91,-117.98,1.738
2.6486,30,4.81957,1.06919,1087,2.55667,37.98,-121.94,0.938
1.6906,26,4.85792,1.09934,1382,2.89078,33.97,-117.87,0.917
2.9167,39,4.73936,1.03794,715,2.36224,34.1,-119.81,0.932
2.7708,31,4.81465,1.06974,1654,2.9078,35.15,-119.95,0.964
7.5111,52,7.03985,1.08829,1433,2.94318,34.04,-118.14,3.521
3.2386,8,4.63426,0.95521,696,2.80791,37.64,-122.39,1.167
7.5061,36,6.55452,0.96931,1680,2.94458,33.68,-117.78,5.00001
2.7087,31,5.92294,0.96601,1857,3.53471,35.35,-119.68,0.831
2.1371,19,4.87918,1.05621,1134,3.37109,34.16,-118.14,1.926
2.8477,18,5.55317,1.03846,1116,2.91821,33.92,-116.8,1.531
2.9125,26,4.66415,1.03873,816,3.29042,33.99,-117.02,1.631
6.8181,52,6.15354,1.01091,1582,2.47861,34.02,-118.19,3.935
2.8917,26,5.85719,1.00659,1775,2.40985,33.8,-118.4,1.667
1.8667,26,4.79216,1.06435,1056,2.76941,36.34,-119.08,0.917
4.1283,13,5.96651,1.04497,1831,2.87913,37.68,-122.23,3.081
1.6438,16,4.83391,1.07972,1135,2.73919,38.31,-121.95,0.988
4.1715,36,5.83856,1.05879,865,2.83856,38.46,-122.16,1.098
2.7029,18,4.53932,1.058982,2318,2.84732,37.67,-121.98,0.813
3.0183,19,3.83979,1.04929,1820,2.97935,33.98,-118.08,1.919
3.1083,10,3.96422,1.03766,846,3.0085,33.68,-118.17,1.738
5.1701,52,5.56939,1.09788,1831,2.97741,37.71,-122.28,2.902
4.7082,36,4.81744,1.06903,1037,2.85933,34.18,-118.42,2.4
5.6111,4,5.81521,1.07933,865,3.14063,37.33,-122.32,3.531
4.6833,8,5.23182,0.93589,962,2.81455,37.8,-122.05,1.841
5.9231,21,5.95909,1.00861,1817,2.99474,33.84,-118.27,2.746
3.1376,18,4.97633,0.98859,1213,2.47889,33.88,-117.92,1.854
2.1483,26,4.89523,1.03978,1689,3.06988,38.35,-121.76,1.713
3.8355,41,5.56941,1.08817,1053,3.09734,34.21,-118.33,1.734
3.2188,33,5.13862,1.08928,837,3.81956,34.01,-118.27,1.722
1.8333,52,4.83632,1.0625,863,3.85973,37.95,-122.19,0.938
5.4587,52,6.79365,0.94723,1829,2.93787,34.12,-118.21,2.821
6.1838,36,6.81398,1.06774,1384,2.97931,33.83,-117.93,2.834
2.1746,52,5.79732,1.03897,1264,2.97619,37.36,-121.43,0.964
4.0526,52,5.93583,1.08621,856,3.95731,33.78,-118.02,1.964
1.9012,28,4.81445,1.0419,1520,3.08715,38.31,-121.96,0.831
6.7176,9,6.85955,0.97798,1531,3.76474,33.95,-118.43,2.941
1.5333,20,4.73582,0.98076,893,4.13761,36.63,-119.95,0.846
4.2052,46,5.81372,1.03832,1234,2.94432,37.94,-122.42,1.531
7.1289,26,7.66498,1.03734,2521,2.63678,33.89,-118.43,3.878
2.8167,20,5.97742,1.06518,1502,3.56974,38.31,-121.8,1.912
3.9079,18,4.693333,0.93333,1532,3.06433,37.79,-121.96,1.539
9.0201,21,7.17111,0.99087,1239,2.95876,37.78,-122.34,5.00001
7.7019,12,7.05834,1.0049,787,2.53913,37.31,-122.18,5.00001
8.1138,34,11.91395,1.00862,596,2.49392,34.09,-118.3,3.835
3.3871,28,5.71567,1.06465,609,2.94887,33.8,-118.26,1.838
2.7196,16,4.18304,1.06464,1289,2.63615,37.57,-122.24,1.541
2.0335,30,4.81922,1.03921,845,3.05819,36.79,-119.76,0.979
2.6309,33,4.17041,1.18981,1078,2.813981,33.91,-118.31,1.521
1.6531,32,4.71687,1.05821,1530,2.63919,34.37,-118.38,1.918
2.6863,22,4.88731,1.01863,1583,2.91852,34.16,-119.97,1.818
4.7194,35,6.83583,1.08895,1723,2.66422,37.84,-122.41,2.854
3.8571,30,3.68863,0.96436,1239,2.81948,33.95,-118.32,1.914
6.0792,20,6.48462,0.95553,1803,2.83596,37.83,-122.46,5.00001
3.6696,19,3.95787,1.07364,631,1.85559,32.56,-117.94,1.542
4.7125,52,5.79731,1.03874,866,3.56971,37.75,-122.42,2.955
1.7821,28,4.29385,1.07964,1278,2.81857,34.06,-118.23,0.895
10.2532,39,8.82671,1.08531,1366,2.82483,33.73,-117.19,5.00001
4.1285,36,5.16384,0.98892,1172,2.93362,33.89,-118.49,1.966
2.058,19,4.95898,1.03945,789,2.73853,33.93,-118.23,2.818
3.5593,52,5.95513,1.07942,879,3.08878,37.76,-122.37,1.931
3.9019,45,5.03782,1.05247,981,3.85746,37.76,-121.94,1.857
1.3895,52,6.15891,1.12082,1474,3.07818,39.05,-122.41,0.821
2.8333,32,5.94585,0.99474,897,2.95452,37.82,-122.41,0.912
3.5,38,5.78983,0.96413,1586,2.90792,33.98,-118.11,1.932
1.8355,18,4.82733,1.06933,1655,2.73941,38.48,-121.87,0.955
5.5152,52,6.24071,1.06582,1245,2.91239,32.73,-116.93,1.871
4.0602,9,5.03863,1.03961,1219,2.89814,34.1,-118.49,3.813
2.8132,13,5.96586,1.03842,723,2.93583,37.78,-121.32,1.904
2.2083,13,5.24881,1.08913,1160,2.23891,34.14,-118.12,1.875
3.4281,33,5.38395,1.069761,1325,2.93665,32.77,-117.94,1.898
2.7117,52,3.56936,1.01058,835,3.45891,33.87,-118.17,1.711
2.5303,28,4.95545,1.00897,1636,2.91813,37.73,-122.42,0.521
4.1487,18,5.5083,1.03894,793,2.72322,37.77,-122.22,2.842
2.7222,32,4.81717,1.03898,1486,3.05879,34.1,-118.29,1.844
3.1838,40,5.92974,1.05854,752,2.79071,34.02,-118.04,1.822
5.979,52,6.30891,1.06438,571,2.89822,34.05,-118.31,3.853
4.5303,16,5.90733,0.97922,1692,2.91221,37.31,-122.44,1.667
2.8983,35,3.73475,1.05854,691,2.86722,34.08,-118.3,2.846
3.8192,20,5.92332,1.08721,954,2.03964,33.83,-118.19,1.854
5.0989,39,6.22894,1.06789,2855,2.76937,34.03,-117.22,4.854
2.0925,17,4.61938,1.03962,1831,3.07822,38.48,-121.89,0.846
5.0139,35,6.91365,1.03955,1766,2.84326,37.92,-122.04,2.835
2.0963,25,4.94744,0.94744,1292,2.60331,38.48,-122.32,1.741
4.8191,52,5.81461,1.11559,749,2.82943,37.77,-122.45,2.731
2.6563,52,4.81734,0.92622,965,3.06922,33.86,-118.43,1.938
3.8022,34,4.81857,1.06633,1285,3.06586,33.98,-118.36,1.078
4.6592,35,4.77216,1.03854,1483,4.09543,33.78,-118.1,1.842
6.4167,19,5.27962,1.09622,879,2.39353,37.75,-121.86,5.00001
2.9084,11,3.83682,1.05856,1478,2.65862,34.02,-118.36,2.735
1.8472,31,4.98898,0.98333,2926,2.56,35.39,-120.39,0.818
3.8333,34,4.94311,1.03897,3836,4.06584,34.07,-118.33,2.822
4.5194,34,6.91379,1.14993,852,2.57983,37.92,-122.42,1.814
3.8231,15,5.91378,0.97615,1449,2.4716,33.87,-117.82,1.531
4.8143,6,5.18667,0.95523,951,3.34962,33.97,-117.89,2.788
4.6111,36,5.96433,1.06776,1326,2.92757,38.38,-122.08,2.25
3.7203,52,3.81423,0.97915,2371,2.71955,37.54,-122.18,3.932
1.8122,14,2.81319,1.06924,874,3.17462,33.88,-118.23,0.828
3.8188,45,4.56621,0.96621,1140,2.84631,34.15,-118.26,2.838
4.4531,32,6.14071,0.92218,1714,3.74471,33.66,-117.22,1.944
3.4542,37,4.63818,1.03957,589,2.47983,33.84,-118.32,1.957
2.3542,52,5.33221,1.03204,1649,2.93429,37.34,-122.4,1.852
4.0533,17,4.87322,1.06891,1108,2.79119,34.16,-118.31,5.00001
3.6167,52,5.85813,1.09967,2039,2.70891,38.58,-122.39,1.917
1.9079,27,4.73729,1.05827,1619,3.59071,37.37,-121.41,1.858
2.5111,37,3.63919,1.04227,1187,2.91222,33.84,-118.35,3.038
3.4583,37,5.93465,0.99407,1598,2.70606,37.34,-121.92,0.631
5.2083,11,5.40894,1.00588,2315,2.86917,34.04,-119.01,2.818
3.8235,21,5.81903,0.96478,1407,1.96478,38.61,-122.34,1.943
2.5357,27,4.96638,1.03944,1161,1.97918,33.89,-118.19,1.939
3.5078,24,5.71955,0.93565,778,2.90814,38.25,-121.99,2.039
2.067,35,5.77364,1.04901,872,2.67364,34.04,-118.11,1.822
3.5092,34,5.77348,1.03766,592,3.26194,32.79,-117.22,1.738
4.7231,29,5.93651,1.06819,1605,2.56742,37.54,-122.23,3.856
3.4562,34,5.94876,1.1048,1849,2.55215,37.33,-121.46,2.931
3.1821,52,4.09701,1.00254,1470,2.92952,32.74,-117.06,2.903
3.5125,25,5.94482,0.98297,959,3.14167,34.12,-118.18,2.938
4.6361,52,5.80596,1.09722,789,2.93426,34.11,-118.11,2.851
3.7107,21,6.93831,1.00981,473,3.09837,34.06,-119.79,1.852
2.0208,33,4.94538,1.06432,1537,3.84433,34.19,-117.02,1.721
5.5179,52,5.73902,1.07769,937,2.82362,34.04,-117.93,2.938
2.9062,16,3.73495,0.95986,1121,2.81583,34.06,-118.01,2.542
4.2218,26,5.57007,1.02685,1083,1.81456,38.06,-121.86,2.955
5.4167,28,6.08981,0.95881,1319,3.28953,34.01,-118.16,2.431
6.0782,52,6.25891,1.03831,902,2.87942,37.38,-122.39,5.00001
2.1032,19,4.83845,0.98885,1086,2.86868,33.98,-118.21,1.094
3.7196,36,4.71633,0.96631,1389,3.17984,33.93,-118.19,1.907
4.5561,52,5.63929,1.07922,891,2.81907,37.91,-121.88,1.734
3.9062,17,4.81881,1.04281,1055,2.98813,34.05,-117.02,1.583
4.8667,37,7.03932,1.098981,1237,2.06587,33.96,-118.18,1.521
2.5208,19,5.30952,1.08722,922,2.92462,36.69,-119.99,0.831
3.5,32,4.65287,1.10981,931,3.28981,33.76,-118.33,1.085
2.7125,48,5.94897,1.05826,1186,2.81438,37.9,-122.09,2.531
2.8148,36,5.84582,1.03958,1578,2.91906,33.96,-118.3,1.375
2.7125,52,4.9074,0.93878,854,2.62439,37.99,-122.02,1.721
1.5,36,4.53974,1.06416,1326,3.33333,38.02,-121.94,0.822
4.7125,25,5.79097,1.03306,1171,2.82739,33.96,-118.35,1.844
5.5306,39,5.89091,1.06595,1719,3.18509,37.31,-122.22,3.852
3.9196,16,5.78571,1.07869,437,2.63972,38.28,-121.86,1.721
3.2671,52,4.3689,1.07827,1184,3.45894,38.02,-122.31,1.914
5.0368,38,4.98826,1.05073,2417,2.93432,34.02,-118.32,2.851
2.5281,4,5.82622,1.09828,1145,2.98344,38.56,-114.46,0.873
4.1383,15,5.81617,1.03954,598,3.12897,37.71,-122.18,1.715
4.9063,18,5.74961,0.95814,884,2.81631,37.38,-122.21,1.904
7.5263,52,6.9881,1.04364,1373,2.95818,34.12,-117.91,5.00001
3.4845,20,4.88981,0.93382,678,3.16981,37.65,-121.98,1.539
3.6331,52,4.87838,1.07913,1372,3.62432,33.06,-118.4,1.919
4.0385,16,5.90801,1.16081,1551,2.70951,32.66,-116.92,1.936
6.1284,14,7.84579,1.00897,741,2.82781,37.69,-122.27,4.631
7.9077,28,8.74425,1.03835,1473,2.38353,33.85,-118.35,4.038
5.5221,21,6.72475,0.90823,1335,2.6615,37.35,-122.4,1.878
3.5221,31,4.81322,0.9073,1044,2.92418,33.94,-118.32,3.858
10.2073,16,7.76971,1.10402,2551,2.99056,37.65,-120.86,5.00001
3.7111,35,5.59077,1.01084,955,2.95592,34.05,-118.18,2.851
1.8462,26,5.71939,1.10586,1655,2.98837,37.79,-122.3,0.922
6.2287,35,6.07824,1.01984,1211,2.96745,37.74,-122.19,3.085
3.8115,34,4.72457,1.05879,890,3.94742,33.74,-118.26,2.938
2.7838,16,4.84832,1.06582,1091,2.73826,37.76,-121.83,0.898
4.0227,26,6.97932,1.03862,783,1.97932,34.13,-118.21,2.063
3.6521,52,5.78845,0.94762,757,2.81583,37.34,-122.41,2.814
2.9063,26,4.38889,1.00863,1556,3.78813,34.09,-118.15,1.734
4.2045,21,5.63414,1.03819,906,2.91211,34.02,-120.93,1.958
4.5788,19,5.05871,0.95835,1332,2.59302,34.05,-118.32,2.03
5.0425,40,6.2425,0.91922,930,2.94399,33.93,-117.91,1.732
3.1439,16,5.03815,1.07857,495,2.95885,37.78,-122.27,3.824
2.9125,47,5.05831,1.09932,854,3.19097,37.77,-122.35,0.832
4.8696,21,5.76485,1.03904,1062,2.23227,33.98,-117.26,1.907
2.7917,36,3.86563,1.06439,1334,2.59401,34.05,-118.31,1.125
8.7019,27,7.28333,1.05819,1312,3.23667,33.68,-117.25,5.00001
4.1618,22,5.61172,1.08835,556,3.14384,38.3,-121.88,1.741
2.7203,16,3.65806,1.02128,1276,2.74375,34.12,-117.99,1.936
2.7832,36,4.97452,1.07854,1576,2.92436,37.78,-121.82,1.521
1.4886,39,4.93731,1.05976,855,2.73572,39.15,-122.3,0.923
2.3132,38,4.83745,1.06823,1631,2.97942,34.1,-118.25,1.819
5.5167,52,6.94461,1.04031,1015,2.83853,34.08,-118.34,2.821
3.7194,52,4.79058,1.05879,796,3.18072,34.14,-118.46,1.732
8.9079,28,6.81742,1.07873,831,2.23891,33.96,-118.2,5.00001
5.4121,45,6.81915,1.03961,886,2.73469,33.92,-117.16,1.844
3.5721,36,4.90842,1.06785,1222,2.81631,38.57,-121.9,1.906
2.1964,26,3.48286,1.01076,1154,3.09764,32.93,-117.99,1.639
6.7222,21,6.83566,0.93546,1682,2.93836,33.9,-117.95,2.933
4.3638,38,6.09838,1.06958,695,3.12984,33.96,-117.9,2.531
6.8208,15,7.61111,1.01919,1127,2.59091,37.92,-121.97,2.813
2.1771,21,5.83836,1.06622,1215,2.91721,32.93,-117.92,0.914
4.2909,31,6.82631,1.03934,1289,2.94436,33.96,-117.91,1.719
3.5194,35,5.85871,1.10476,1219,2.90743,34.04,-118.15,1.926
1.8286,15,4.92333,1.058981,1725,4.36309,33.97,-117.17,1.931
4.0406,15,5.9088,1.0431,1489,3.07898,37.61,-121.8,1.542
1.7821,36,4.81542,1.01081,1431,2.97699,33.88,-118.19,1.838
2.7908,35,4.72319,1.09853,907,1.94623,34.02,-118.05,1.741
2.8205,23,4.05903,0.92897,1141,2.84541,33.65,-118.42,1.814
2.1709,21,4.84573,1.0414,1289,3.56631,32.81,-117.91,1.037
2.4179,26,4.38894,1.03957,842,2.81474,34.09,-118.45,1.932
2.7013,19,4.85818,0.91819,919,2.91707,38.72,-121.63,0.819
6.9078,36,7.85718,1.09742,905,2.76687,33.91,-118.06,2.813
3.5208,30,4.92961,1.01097,834,2.81907,33.84,-118.18,3.722
2.6107,36,4.82855,1.09895,715,2.84945,33.83,-118.11,2.838
2.7191,52,5.83462,1.06592,1560,3.73962,33.98,-118.13,1.7
3.1094,45,6.088983,1.06879,1530,3.92454,37.88,-122.12,1.922
6.0838,21,6.92382,1.06683,1391,2.65226,33.92,-117.26,2.838
2.8156,11,4.33333,1.07964,976,2.66897,32.74,-117.99,1.646
4.5385,13,5.3588,1.03982,1219,2.91819,33.91,-118.36,2.822
5.0525,24,5.92729,0.91841,1332,2.86842,37.64,-122.28,2.531
4.9292,16,5.83522,1.07724,1584,2.82421,33.9,-117.88,2.937
4.8188,36,6.81833,1.00263,941,2.83574,33.94,-117.29,1.818
1.9814,28,3.9069,1.06592,3827,3.06682,37.72,-122.03,0.821
6.2589,36,6.92297,0.98891,1085,2.93795,33.87,-117.85,3.869
3.7111,52,5.37231,1.07964,1053,2.71611,33.8,-118.29,1.817
2.5341,15,4.96686,0.95247,1772,2.84635,32.88,-116.66,1.895
3.2032,20,5.83713,1.11891,784,2.33891,34.06,-119.32,0.919
2.7125,38,5.03926,1.03846,1313,3.93846,37.32,-121.48,1.813
5.1783,38,5.68656,1.12061,1590,2.73423,37.37,-122.09,2.903
3.2987,11,5.17297,0.97957,657,2.95593,37.64,-122.41,2.521
3.5263,29,5.95865,1.05834,852,2.82482,33.76,-118.32,1.731
2.1908,42,5.18087,1.03922,2310,2.93578,38.61,-122.43,1.875
2.1409,22,5.93562,1.12091,955,3.03834,34.24,-118.39,1.913
2.0231,39,3.90832,1.03775,2155,2.56498,34.07,-118.43,1.634
2.8188,32,3.93682,1.08828,904,3.04455,34.18,-117.11,1.921
4.4531,35,4.69074,1.06531,835,2.92265,34.1,-118.18,2.845
4.3389,45,5.91811,0.97778,1134,2.82919,37.9,-121.89,1.934
3.5194,5,5.83923,1.08735,1349,3.19058,33.82,-117.09,1.964
3.6036,27,4.73857,1.03831,634,2.96438,34.07,-118.3,4.846
4.8462,35,6.17862,0.98655,821,3.71678,32.76,-117.18,1.832
2.9167,11,4.69077,1.06637,935,2.92439,37.63,-121.92,1.918
4.1337,40,5.81621,0.97194,1639,2.89815,37.27,-122.08,3.895
4.0164,16,5.56973,0.96226,813,2.83521,34.15,-118.41,2.838
3.2523,16,4.73534,1.01961,705,3.33154,37.76,-121.98,1.821
3.2686,32,5.92638,1.07818,867,2.98319,33.97,-117.95,1.955
6.2433,30,7.07825,1.07819,925,2.93855,33.76,-118.45,3.924
3.2568,20,4.08731,1.19078,1819,2.96538,37.85,-122.19,1.932
1.9837,33,3.82318,1.03835,1209,4.06823,33.78,-118.38,0.967
2.2087,36,5.83778,1.03952,1331,3.90464,33.93,-117.68,0.935
1.6336,35,4.81818,1.03721,1383,2.34333,34.11,-118.14,1.058
3.7395,52,5.63921,1.04782,918,2.92315,37.68,-122.42,1.854
5.6103,5,6.06973,1.06744,1471,2.71685,33.56,-118.31,5.00001
5.9885,38,5.82454,0.97944,632,2.81356,33.89,-117.86,2.918
4.0113,35,6.63957,1.03821,886,3.11962,34.19,-118.21,2.811
5.7306,22,6.03931,1.03845,1592,2.81333,33.76,-117.88,2.094
3.0486,19,4.81332,1.058981,718,2.92298,37.66,-122.13,1.076
7.5543,14,8.92815,1.07878,1319,2.63978,37.72,-122.46,5.00001
2.3111,32,4.82413,1.03713,1665,2.98566,34.23,-118.47,1.919
3.9063,23,6.06767,0.94421,2118,2.78866,34.15,-118.32,1.631
1.8348,25,4.97735,1.06934,873,2.47862,34.07,-117.21,0.569
6.1782,25,6.95531,0.91787,1084,3.89531,33.84,-117.04,2.814
4.1371,30,5.61157,0.96522,1125,2.82695,38.06,-121.77,1.929
2.7103,52,5.56782,1.06569,1344,3.09724,34.01,-118.36,1.906
5.8167,35,5.97765,1.05872,715,2.91729,33.92,-117.84,2.821
1.7132,18,3.81223,1.08721,971,1.63219,34.19,-118.03,1.958
1.5167,21,4.93633,1.11861,817,2.93633,37.94,-122.26,0.917
2.9196,18,4.38676,1.06928,1656,2.97955,37.56,-122.41,1.876
3.1879,32,4.77297,1.05831,1825,2.83778,33.68,-118.32,1.667
5.1813,36,7.73954,1.03832,898,2.78832,34.03,-118.21,2.721
3.2083,25,5.92971,1.10963,1721,1.89815,34.14,-119.88,0.819
7.6708,52,7.08719,0.97917,898,2.92315,34.11,-118.02,3.898
4.2908,23,5.71562,0.97917,1430,2.93746,34.03,-119.89,1.955
4.9074,13,6.72636,1.07621,909,2.47297,33.95,-117.96,1.711
2.8667,33,4.05678,1.09819,691,2.83415,37.88,-122.22,1.814
1.9708,40,3.73219,1.13982,676,3.09854,34.09,-118.1,0.898
5.0822,35,7.10394,1.07873,1135,2.81812,34.52,-118.28,2.935
3.1858,43,4.93786,1.01095,891,3.61189,34.02,-118.45,1.973
3.4583,22,5.04957,0.95896,873,2.93217,33.94,-117.06,1.937
4.7011,14,6.91741,1.06529,2697,3.13897,39.32,-121.31,1.819
3.9286,26,4.82331,0.93321,963,3.81629,37.33,-120.35,1.923
2.2582,36,4.38796,1.01948,1317,3.05621,33.97,-117.98,0.611
3.5861,15,4.48205,0.97273,1057,2.92271,37.94,-122.02,2.631
3.0352,34,4.93682,1.04052,887,2.71776,34.02,-118.28,1.906
3.2531,42,4.39444,1.09895,1591,3.03892,33.9,-118.18,1.841
3.4159,31,5.60862,1.06419,744,2.84194,34.1,-118.23,1.906
4.0208,36,5.93571,1.06467,1715,2.76979,36.64,-119.09,1.906
5.2852,34,6.06893,1.07981,898,2.71576,33.75,-118.09,2.822
3.5231,39,5.72454,0.91867,1130,2.81273,34.13,-118.3,2.521
2.5,52,4.89741,1.06594,621,2.87931,40.43,-122.05,0.974
2.1576,34,5.92478,1.15894,961,3.56495,39.3,-120.77,0.946
3.6844,36,4.82796,1.06584,631,2.35952,33.84,-118.26,1.821
7.2955,31,6.72482,1.04861,887,2.92383,37.92,-122.05,3.722
5.068,25,6.03796,1.15204,1319,3.00659,34.05,-118.14,2.723
3.9167,23,5.60962,1.03918,891,3.84856,34.04,-118.32,3.634
3.5171,52,4.3633,1.03839,1040,4.09831,33.8,-117.85,1.631
4.7208,36,5.92278,1.09058,1781,3.72478,36.97,-119.87,0.717
6.0039,38,6.97971,1.09664,821,2.81853,33.81,-117.89,2.061
5.0575,22,5.85718,1.03731,673,2.90732,34.1,-118.34,1.851
6.2061,17,6.81339,1.06439,1468,2.93546,33.96,-117.82,5.00001
3.8333,32,5.55861,1.06718,709,2.09878,33.98,-117.97,1.816
3.0567,14,7.83887,1.06939,1182,2.74318,33.89,-117.06,1.625
2.9125,36,4.81472,1.03778,1772,2.74906,33.67,-118.09,1.819
4.9587,52,5.29071,1.00863,1712,2.52786,37.79,-122.03,4.937
3.0398,52,4.82282,1.06575,805,3.08521,33.93,-117.99,1.908
4.0854,52,4.81619,0.96195,1454,3.63635,37.79,-122.23,2.072
6.0192,36,6.08521,0.96583,972,2.92678,37.77,-122.34,5.00001
4.8152,26,5.15897,1.01333,1857,2.81232,34.03,-118.13,1.875
2.8192,42,4.92955,1.05813,819,2.92457,33.95,-117.11,1.948
3.0539,36,4.88863,1.07731,1412,3.76476,34.02,-118.26,1.923
5.1592,21,6.15556,0.96421,854,2.81934,37.67,-121.88,4.821
6.5171,52,6.86745,1.06744,1695,3.94479,37.96,-122.23,3.5
2.0208,24,5.35981,1.04049,2495,3.63723,34.16,-118.26,1.843
4.3929,37,5.3583,1.10991,1188,2.81222,34.1,-118.18,1.749
4.4532,33,5.93881,1.03944,716,2.94431,33.78,-118.29,1.873
2.1858,15,5.38791,1.06432,697,2.60862,33.95,-117.23,1.843
5.1662,42,5.30429,1.05821,1373,2.76418,37.74,-122.19,5.00001
3.2051,13,3.92652,1.07943,785,2.91746,33.95,-118.35,1.852
6.2908,24,6.83585,1.06878,1699,2.91217,34.15,-117.96,3.542
3.0868,33,5.81483,1.05835,873,2.6439,34.1,-118.21,1.964
3.6582,29,5.63746,1.06433,715,2.49152,34.45,-118.27,2.724
4.7194,27,5.18863,1.00985,1554,2.91778,37.78,-122.22,1.838
3.4306,22,4.91438,1.06786,1730,3.53932,37.81,-122.37,2.943
6.3913,52,6.81432,1.02533,718,2.94483,33.8,-118.24,5.00001
1.9292,17,4.61952,1.07919,1536,3.04939,37.35,-121.68,1.873
3.5983,52,5.07824,1.10961,1211,2.35881,36.6,-119.81,0.821
2.5842,36,4.90835,1.08832,935,4.59053,37.77,-121.44,1.871
6.9082,45,6.83763,1.12103,563,2.84423,34.13,-118.34,3.941
5.0208,28,5.91779,1.03731,871,2.85615,33.77,-118.11,2.619
4.0354,21,5.72212,0.97614,882,2.72212,34.12,-118.17,3.868
3.8333,52,5.18125,1.09722,1283,2.59302,37.79,-122.35,2.924
6.8462,18,6.91908,1.03838,1805,2.92216,37.62,-122.18,3.821
2.5341,44,3.98852,1.03776,1523,2.45961,38.61,-122.21,1.859
2.7185,36,3.93375,0.95961,579,3.09091,39.31,-121.39,0.912
2.8929,22,5.79429,1.12893,1692,2.92392,37.78,-122.02,1.521
4.3188,52,5.82715,0.98148,786,2.87874,34.19,-118.1,1.531
2.8125,35,5.48154,1.00408,915,2.71764,33.77,-117.19,1.813
1.9188,35,4.47222,1.06425,1821,3.12984,33.89,-117.86,0.932
2.1576,52,3.81944,1.00983,726,3.07634,33.86,-118.16,1.841
3.0382,44,4.96633,1.0214,1721,2.83942,34.12,-118.05,2.813
2.8983,39,5.72378,1.06254,598,2.79069,33.81,-118.31,1.821
2.5208,18,4.81586,1.05813,698,2.97946,34.08,-118.35,2.821
4.3818,5,5.82357,1.0464,979,2.72357,37.9,-122.06,1.831
5.8984,45,5.63213,1.00382,2685,3.07984,33.83,-118.46,1.913
3.8125,21,6.03953,1.09057,905,2.76327,33.98,-117.8,1.834
2.7111,34,3.73936,1.03302,1341,2.78152,32.8,-117.88,2.081
3.7817,33,5.82856,1.0431,816,3.43333,33.92,-118.25,1.634
1.7542,43,4.93974,1.07788,1207,3.05737,34.19,-117.98,0.934
2.6094,36,3.76622,1.05828,662,2.78861,33.92,-117.89,1.813
2.5742,52,4.84615,1.07852,1689,2.73701,37.74,-122.28,1.375
1.9688,38,3.68333,1.01861,907,4.56931,34.15,-118.26,1.734
4.2598,16,5.81473,1.05879,942,2.81939,32.72,-117.08,1.817
5.9386,28,6.03739,1.06786,1766,2.48208,33.95,-118.32,3.041
4.2545,13,5.61986,1.03934,1684,2.78241,37.93,-122.19,2.731
3.4227,34,4.61138,1.03908,1530,1.91138,34.02,-118.21,1.527
4.5863,36,5.93578,0.96783,1684,2.85716,37.79,-121.31,2.734
4.2721,33,5.95523,1.05556,849,3.08952,33.99,-118.29,2.926
3.6194,33,6.87313,1.04919,1587,2.94436,37.68,-121.81,1.636
3.9073,38,5.38981,1.04913,1523,2.97431,33.98,-118.34,0.904
5.8982,37,6.98846,1.05957,1083,2.89527,33.92,-118.2,2.718
4.0385,37,5.82788,1.03965,1431,3.05816,37.73,-120.78,1.564
4.6304,24,5.94486,1.12667,1234,2.81385,37.71,-122.32,2.841
2.9073,26,4.92429,0.97941,791,1.92335,37.88,-122.46,1.941
2.8596,34,5.84732,1.06218,1595,3.81468,35.36,-119.99,0.979
4.9073,21,5.93519,1.08981,718,3.03857,34.23,-118.39,1.096
4.9228,24,4.85402,0.97921,1326,3.17051,34.1,-118.3,1.854
3.5385,11,4.9076,1.01103,1678,1.85833,32.82,-117.17,1.734
1.7361,16,3.92423,1.02262,1154,2.81344,33.94,-117.89,0.922
4.1413,52,4.86592,1.03794,1038,2.48863,33.86,-118.14,2.741
2.5343,48,5.84813,1.08982,2691,2.6617,37.65,-121.85,1.935
5.7074,20,5.06687,0.95982,576,2.68226,37.76,-122.33,2.531
2.8125,33,5.23891,0.97621,693,3.47961,33.73,-118.01,1.631
3.6354,43,5.55882,1.06483,588,3.08726,37.97,-122.19,1.895
2.6167,14,5.93419,1.0625,1253,3.60602,33.06,-116.77,1.532
2.6852,21,3.83445,1.03547,746,2.76695,33.89,-118.11,1.621
3.7306,18,5.16042,1.05935,1150,2.86336,34.11,-118.26,1.731
3.2529,36,5.73467,1.09939,805,2.37209,34.1,-118.28,1.938
4.3855,16,6.94878,1.06538,1534,3.05564,32.73,-117.24,1.732
2.3902,36,4.96619,1.07854,954,2.87424,34.13,-118.18,1.161
4.1871,26,5.78348,0.94481,1067,3.16982,33.84,-118.42,2.813
3.9659,36,6.25333,1.01881,746,3.01081,33.83,-118.18,2.811
2.6882,16,4.81345,0.91833,1054,3.18158,33.87,-117.05,0.977
4.5,31,5.82856,1.01402,2156,2.93379,37.77,-122.08,2.938
8.5143,34,6.00791,1.08742,1233,2.97465,37.31,-122.07,5.00001
3.4193,42,5.24072,1.17072,1649,2.91937,37.76,-122.24,1.858
2.5173,18,4.91486,1.07847,876,3.28981,38.34,-121.8,0.979
2.7171,40,3.81461,1.06922,945,4.81382,33.88,-118.3,1.858
2.9308,52,4.83729,0.97934,1795,3.54119,34.06,-118.32,1.938
2.5865,17,4.59861,1.05817,1716,2.86985,34.07,-118.22,1.541
4.1812,25,5.72632,1.02878,762,2.71956,33.91,-117.26,1.837
2.1905,35,4.91838,1.09974,1632,2.89063,33.85,-118.31,1.965
2.0597,19,5.09878,1.06731,646,2.99081,37.54,-121.41,1.964
4.4286,52,6.53568,1.07578,1229,2.82638,34.04,-118.45,2.831
6.1334,35,6.07878,1.06979,1714,2.71452,34.23,-118.29,2.903
5.2371,31,5.9073,0.93422,1130,3.0179,37.94,-122.17,2.821
5.5286,32,6.73547,1.01791,785,2.82683,33.96,-118.26,2.819
1.7146,37,3.93895,1.05621,431,2.87931,34.06,-118.43,0.906
2.0533,26,5.83733,0.97944,1383,2.8625,34.08,-117.16,1.735
2.9222,10,5.91472,1.06876,1562,3.83485,36.78,-119.89,0.638
3.6817,32,4.9071,1.04923,1635,2.56437,32.73,-116.31,1.542
2.8333,27,4.83897,1.01881,826,2.82956,33.93,-118.32,2.534
4.3229,35,4.93216,0.97908,1203,2.96612,34.13,-118.21,1.732
1.9052,21,3.84632,1.01071,654,2.84782,38.03,-122.3,0.821
3.1393,52,5.83917,1.06719,1175,2.71942,34.03,-118.32,1.895
3.8195,42,5.4094,0.95581,1371,2.87321,33.6,-117.78,1.788
3.2819,30,5.63973,1.06581,1141,2.95406,32.72,-117.82,1.828
2.7292,25,4.85835,1.03834,1464,2.82939,34.04,-118.38,2.038
2.6874,18,4.91712,1.11559,831,2.81916,39.31,-120.46,0.903
2.6787,30,4.59111,0.98895,934,2.29571,33.97,-118.21,1.858
5.3082,39,5.53565,1.05857,1477,2.86915,34.06,-118.29,2.726
3.4167,18,5.92973,1.06821,1197,2.92735,38.11,-121.43,1.941
2.8125,30,4.52785,1.03936,1782,1.99011,37.56,-121.41,0.821
5.7194,44,6.37019,1.089061,1345,2.78462,37.33,-121.98,2.955
4.6819,35,5.58961,1.05838,635,3.81321,34.14,-118.19,2.161
2.8167,8,5.81375,1.03788,2133,3.91737,37.61,-121.46,1.086
3.9688,43,5.90726,0.98596,1746,2.83633,33.71,-117.97,1.838
3.5862,52,5.48984,1.01205,1150,3.07936,34.1,-118.35,2.979
3.8185,33,4.92957,1.03979,532,2.93717,33.99,-118.22,2.042
2.0232,29,6.03832,1.03832,1553,3.05822,39.52,-121.39,0.882
5.0532,40,6.09719,1.03779,1422,2.82455,34.06,-118.29,2.056
2.8125,52,3.47333,0.90725,2032,2.91389,32.72,-117.05,1.743
2.7406,37,5.82445,0.97926,1589,2.97313,38.61,-122.42,0.917
4.1585,31,5.50897,1.05324,1323,2.95563,37.72,-122.32,2.743
3.1906,16,5.87835,1.01981,1365,2.91217,38.66,-121.42,1.063
2.6578,23,3.82212,0.96618,1286,2.35797,34.15,-118.29,1.947
1.6107,34,4.92923,1.05878,719,2.6629,37.75,-121.8,0.831
1.6895,52,2.96633,1.09723,2862,3.81222,32.82,-117.92,0.868
4.6389,34,5.88863,1.15229,1615,2.76696,33.92,-117.88,2.828
5.6011,35,5.07818,1.18097,963,2.50402,33.9,-118.32,2.811
2.7167,29,4.79316,1.06531,1096,3.06531,34.06,-118.16,1.912
1.7173,43,4.92638,1.09735,1722,3.38395,33.91,-118.21,0.904
2.9052,17,5.23892,0.95841,1366,2.95841,37.95,-121.42,1.621
1.6633,14,4.93781,1.1161,919,2.84594,33.88,-118.44,0.95
3.6353,34,4.09734,1.04965,1773,2.95885,33.82,-118.17,2.099
2.7013,18,4.90882,1.03913,761,3.90621,33.88,-118.34,1.813
3.3179,33,5.18056,1.03895,835,2.97947,36.55,-119.21,0.932
5.0226,35,4.81283,1.05734,895,3.13081,34.1,-118.4,5.00001
3.8333,34,6.03778,1.08715,906,2.95918,34.03,-118.29,1.074
4.9292,44,5.96585,0.97798,778,3.20332,34.16,-118.17,1.824
4.3654,34,5.85876,1.06892,687,2.93687,33.88,-118.38,1.531
6.0897,52,6.26982,1.01061,716,2.71739,34.13,-118.42,5.00001
4.3114,16,6.92957,1.03954,1475,2.83782,33.91,-117.91,2.736
2.5883,46,3.53932,1.06886,983,2.96475,34.08,-118.31,1.867
2.6629,24,5.76957,1.07958,2154,2.97433,37.7,-122.11,1.868
2.1479,40,4.82637,1.01091,1032,3.17259,33.98,-118.25,1.829
3.4882,36,4.91186,0.94593,1219,2.58462,34.03,-118.24,1.095
4.1185,25,4.74219,1.09731,945,2.81873,34.09,-118.11,4.531
2.7111,37,3.92902,1.09634,582,3.44354,33.96,-118.35,1.853
5.6346,33,5.72695,1.07946,902,3.54375,37.58,-122.42,3.722
2.1457,42,4.81957,1.05895,2542,2.90798,38.68,-121.47,2.982
3.2793,16,5.28571,0.95962,765,2.87321,38.66,-121.92,1.879
2.6346,26,4.88316,0.97616,1538,2.95365,33.99,-118.02,1.073
2.3125,33,3.83925,0.95925,845,2.83925,33.86,-118.32,1.821
2.5111,37,3.84132,1.05874,1712,2.95941,33.81,-118.34,1.833
1.7567,43,3.86783,1.03936,913,2.92389,32.8,-117.84,0.822
8.1389,39,6.40983,1.02542,1034,2.81473,33.81,-118.19,5.00001
8.1219,52,5.93878,1.03878,874,2.81929,37.61,-122.32,3.531
10.9792,52,14.13894,1.04209,972,2.75984,34.24,-118.28,4.766
5.1409,33,6.55891,1.08715,778,2.97958,33.68,-118.09,2.906
5.2654,18,5.53941,1.04942,945,2.98619,34.06,-117.87,1.904
3.1622,37,5.82741,1.06584,1331,3.71159,33.99,-118.19,1.865
5.6111,36,5.1685,0.95594,654,2.69078,34.15,-118.36,2.532
4.9304,25,5.27881,1.08819,1037,2.81837,33.83,-117.23,0.625
2.3639,22,3.73919,1.07819,1492,2.7049,33.85,-118.24,1.438
2.4357,42,4.56915,1.08769,1478,2.30863,33.8,-118.47,1.943
4.0889,19,5.84738,1.12862,2481,2.84619,37.8,-122.32,1.073
4.039,32,5.20377,1.00761,818,2.93531,34.12,-118.23,1.624
4.0354,23,5.06435,1.06435,1130,3.07839,32.83,-117.06,1.731
5.064,34,6.90886,0.91846,887,3.06691,34.17,-118.48,2.922
2.9357,16,4.91211,1.03853,2026,3.58862,38.42,-121.87,0.835
4.1257,24,4.73583,1.0185,3410,2.95407,34.05,-120.89,2.818
2.9063,26,4.81367,0.98851,814,4.23891,33.96,-118.21,1.813
6.8208,21,6.81213,1.13761,1201,3.06918,37.39,-122.31,5.00001
3.6086,7,5.03788,1.03788,798,2.85205,37.74,-121.23,1.938
1.8981,37,3.91835,1.11353,1575,2.62685,37.79,-121.96,1.632
5.4179,16,6.35981,0.98333,671,4.07931,37.34,-122.03,2.721
4.5,14,5.84585,1.13071,853,2.87873,38.66,-122.22,1.811
4.0658,32,4.91465,1.05827,1319,3.05827,33.97,-118.22,1.875
4.0658,36,5.81341,1.06538,1811,2.92479,37.9,-122.27,3.611
3.9063,33,4.62215,0.91136,1479,3.13961,33.96,-118.19,1.913
7.6955,18,6.01072,0.99792,1365,2.91929,33.93,-117.93,5.00001
4.0348,18,6.4338,1.01761,1063,2.93214,38.05,-121.35,2.821
4.5208,10,5.94432,0.96574,1536,2.63214,37.65,-122.43,2.086
4.9393,17,5.25982,1.05895,823,2.82722,37.39,-122.3,3.042
1.7205,18,6.71618,1.09081,1382,2.70481,36.68,-119.82,0.811
1.6306,19,4.76465,1.09947,1253,2.98845,37.8,-122.26,1.869
2.6974,23,4.84932,1.1337,1573,1.87831,33.87,-118.1,1.928
5.0208,19,6.087881,1.05974,1130,2.50385,33.86,-118.08,4.038
2.1371,4,5.25,1.03931,834,2.69078,37.99,-122.01,0.722
1.9115,18,5.81451,1.03932,1825,2.81357,33.96,-117.29,1.841
2.9152,52,4.49077,1.05822,1198,2.81943,33.79,-118.1,1.946
1.9125,29,3.92763,1.07955,1387,2.95865,34.1,-118.42,1.938
3.6598,36,4.97415,1.03982,791,2.73761,33.86,-117.13,1.813
6.8333,42,7.03783,1.04957,2552,2.40881,37.8,-122.27,3.071
2.6105,38,4.85945,1.05324,972,3.4711,34.25,-118.36,1.719
7.0944,15,7.34791,1.07922,935,3.1887,33.95,-118.17,2.835
7.0091,32,5.37881,1.0325,3241,3.60891,34.04,-118.11,5.00001
10.0271,18,7.49091,1.04948,1281,2.57301,37.38,-122.4,5.00001
4.75,46,5.99091,0.91871,861,2.79091,37.9,-121.47,1.852
3.7171,9,5.92654,1.02308,1010,2.50985,34.09,-118.47,1.719
3.0368,25,4.83523,1.04946,783,2.49079,33.89,-118.4,1.835
5.1852,36,5.3861,1.06691,672,2.8522,33.86,-118.34,3.542
2.9306,36,5.83941,1.01862,1315,2.85821,32.71,-117.07,1.721
4.4534,31,4.82433,1.04932,1555,2.83542,34.03,-118.32,1.838
3.955,27,4.22222,1.04954,1221,2.66863,37.31,-122.45,1.532
2.6111,52,4.33333,1.01091,566,2.48333,37.7,-122.03,1.926
2.5125,22,3.83742,0.99881,1255,2.93797,33.81,-118.38,1.823
3.5122,32,5.93565,1.04474,879,2.71432,37.61,-122.43,2.819
5.0369,37,5.95529,1.11891,1431,3.26667,37.35,-122.31,2.848
2.7194,32,4.93879,0.97774,1330,2.71752,38.52,-121.93,0.835
2.6389,52,3.90316,1.05821,799,3.06885,34.08,-118.24,1.738
3.4193,36,4.91962,1.0464,662,2.94576,34.31,-118.22,1.839
2.0543,52,3.73846,1.01667,1717,2.99014,37.77,-122.21,2.721
5.1332,37,6.01449,1.01449,945,2.98542,34.1,-118.48,3.722
3.5196,48,5.83946,1.03769,1083,2.83946,33.76,-118.21,1.917
3.9659,5,4.72957,1.09086,638,1.93258,37.37,-122.25,2.819
4.2612,16,5.89042,1.07822,786,3.04914,33.88,-117.91,1.875
3.2521,23,4.88571,0.93762,1055,2.40983,33.81,-118.34,1.723
7.068,18,7.93701,0.97917,1145,3.72485,37.55,-122.27,5.00001
1.8583,34,4.90792,1.05821,906,2.82465,34.03,-118.19,1.821
3.7173,21,5.85882,0.97083,1459,2.62459,38.43,-121.86,0.841
3.4563,29,4.81238,1.04194,1330,2.65385,34.08,-118.18,2.829
3.2133,52,4.73922,1.03922,1013,2.91961,33.96,-117.25,2.865
3.0643,52,4.81453,1.10484,896,2.92972,37.31,-122.43,1.938
4.1707,52,5.84535,1.06851,1343,2.54332,34.03,-118.31,2.25
1.9338,29,4.82214,1.06636,1055,2.96782,34.16,-118.15,0.922
7.8181,21,8.81479,1.09828,1453,2.82778,37.8,-122.48,2.851
3.7865,26,4.82257,1.01051,1365,3.15881,34.05,-117.11,1.088
2.8156,23,3.92432,1.05964,1173,2.48983,34.17,-118.2,1.531
3.2083,46,4.71658,1.03908,2315,1.95584,34.02,-118.37,1.842
3.0736,34,4.72215,1.06432,879,2.52714,37.61,-120.54,0.988
1.5532,37,4.83693,0.92264,1234,2.90466,39.41,-120.32,0.632
3.2786,45,4.78832,1.00446,1172,3.09856,33.94,-118.41,1.531
2.8125,31,4.87841,1.14052,2122,2.74952,37.62,-121.35,0.822
7.7125,37,7.09091,1.04933,667,3.25556,33.93,-117.21,2.868
4.3321,11,6.96618,1.00894,653,3.83636,33.78,-118.18,1.846
2.7167,13,3.86562,1.01407,903,1.95592,32.74,-117.13,0.958
3.065,30,5.81883,1.03933,786,3.22891,33.99,-118.31,2.818
5.1285,23,5.78353,0.93832,1219,2.73593,37.94,-122.12,3.185
3.0208,39,4.84535,1.03862,811,2.59077,34.26,-118.16,1.821
3.5799,36,4.82917,1.03786,476,2.92917,37.69,-122.28,1.938
8.0825,33,7.82422,0.9906,2023,2.83919,34.17,-117.12,5.00001
5.7094,28,6.71668,1.12097,631,2.09856,38.33,-121.93,1.919
4.8984,52,5.89522,1.08967,919,2.81234,33.9,-117.32,1.822
8.3083,32,9.10981,1.10981,1554,2.81652,34.1,-118.22,5.00001
2.8822,29,5.71567,1.06892,891,2.85882,34.07,-118.25,0.831
3.1079,26,5.14071,1.09919,1074,3.92685,33.98,-118.32,1.917
7.0338,33,7.95551,1.00862,1465,2.6611,34.05,-118.34,3.921
3.8125,42,5.07831,1.05816,695,2.23983,37.69,-122.18,1.906
5.3269,13,6.23961,1.04226,1339,2.36286,37.78,-122.08,2.906
5.1608,28,6.2875,1.01452,3267,3.05839,34.2,-118.34,2.813
5.0354,33,8.19087,1.05923,1576,2.81848,37.32,-122.22,3.921
3.6229,52,5.91333,1.09823,879,2.93561,37.37,-122.43,2.821
2.5179,35,4.82724,1.12385,1533,2.87932,38.36,-121.25,0.818
3.5946,26,5.06857,1.03731,954,2.95961,37.81,-122.27,1.922
2.6821,21,4.91235,1.03771,818,2.84971,33.93,-117.03,1.821
4.9071,29,5.38791,1.06814,1487,3.23897,34.22,-117.24,1.838
4.1187,30,5.73523,1.03904,1272,2.83943,33.92,-118.38,2.907
4.0208,23,4.86512,1.07857,1161,2.81385,37.82,-122.03,2.639
1.6304,38,4.81167,1.07317,1467,2.39063,37.78,-121.35,0.933
2.8333,16,5.73906,1.07821,1853,3.13862,39.11,-121.9,1.858
6.2033,35,6.1854,1.03665,1854,3.17961,32.76,-117.87,4.831
2.2916,45,4.85869,1.04302,1132,2.96413,34.13,-118.32,1.531
5.5241,31,6.07922,1.03308,1662,3.82632,37.38,-122.04,2.726
5.6194,32,5.66498,1.04455,749,3.29286,33.85,-117.98,2.531
4.9348,35,4.86947,1.05895,789,2.91279,34.06,-118.27,4.816
2.2589,36,5.84915,1.05851,835,3.63637,33.86,-118.03,1.732
3.1485,22,4.59286,0.98821,1189,2.90878,34.27,-118.31,5.00001
3.1221,42,4.72457,1.01069,2919,2.95514,34.13,-118.49,3.821
3.0938,7,5.82482,1.01078,1440,3.09634,33.85,-117.91,1.838
5.0658,47,4.91941,1.10659,1372,1.94463,37.96,-122.32,2.039
2.9583,33,4.85348,0.93855,631,2.83434,34.17,-118.21,1.097
6.2411,24,6.81236,1.01071,941,3.03886,34.27,-118.46,3.819
2.2038,36,5.71186,1.00863,1342,2.66473,34.2,-118.19,0.977
2.6083,12,5.47342,1.17172,1063,2.66313,33.98,-117.25,0.938
1.6196,15,4.84776,1.07955,907,2.78983,32.73,-117.08,1.942
3.9086,20,5.92953,1.06531,697,2.55556,37.83,-122.46,2.831
3.0208,40,4.82619,1.06957,1221,2.90425,33.79,-118.14,1.741
2.6832,52,3.93683,0.93387,567,3.93487,37.79,-122.2,0.631
2.0368,52,5.04948,0.96472,1174,2.81742,37.62,-122.01,0.811
2.9078,34,4.1833,1.05852,1746,2.92656,37.8,-122.15,2.724
3.5172,38,5.91408,1.06782,1335,2.87941,34.12,-118.2,2.542
7.9603,36,7.40983,1.06715,1483,2.71729,34.21,-118.19,5.00001
3.8192,45,4.90418,1.01556,1033,2.71595,34.16,-118.41,2.914
7.7204,4,7.86518,1.06923,1334,2.77889,37.96,-122.23,3.721
3.1342,52,4.84637,1.06831,906,3.28286,34.31,-118.45,2.744
2.5545,23,4.49091,1.01082,782,2.81326,38.21,-121.96,1.853
2.7152,36,5.68894,1.07832,566,2.75294,36.61,-119.31,0.928
3.3901,35,6.09566,1.00913,1368,2.96486,38.32,-122.3,1.721
4.0908,16,4.81726,1.04964,1553,2.82854,37.75,-122.26,1.75
2.5391,22,5.98551,1.03786,2166,1.85713,38.76,-121.42,1.822
2.1631,20,4.9061,1.03731,2395,1.76492,34.3,-118.18,1.719
3.6428,7,5.59375,1.06519,1331,2.90823,33.92,-118.24,2.974
4.9792,21,4.33861,1.09859,917,2.83535,33.82,-118.36,2.353
3.1522,34,5.29892,0.98333,681,3.01091,35.51,-118.31,1.919
2.5586,19,4.54765,1.00297,962,2.92623,37.6,-122.11,1.938
3.3829,39,6.82465,1.03719,962,3.05856,37.32,-122.21,1.056
2.2379,48,5.72275,1.01084,972,2.81359,37.98,-122.38,1.719
4.9167,32,5.58399,1.02731,1246,2.81673,33.79,-118.18,1.898
3.2039,45,5.81222,1.03946,1283,2.53333,36.76,-120.84,1.521
4.6167,11,5.82633,1.05988,791,2.80894,37.76,-122.41,4.922
3.1071,39,4.57881,1.07973,2152,3.20963,33.96,-118.34,1.734
3.9462,38,4.81281,1.01091,2128,2.63973,38.31,-122.02,1.857
3.5226,34,5.81222,1.03938,1049,3.06575,34.19,-118.32,1.814
5.2461,30,6.34154,1.03732,1595,2.76468,37.75,-122.11,2.813
3.5181,34,5.72213,1.08081,604,2.81737,38.48,-122.43,1.811
3.1882,33,4.59091,1.06639,951,3.17091,34.03,-118.37,0.879
1.8333,35,4.1875,1.05848,3241,2.76922,33.95,-118.2,1.532
3.9444,44,5.97935,1.09948,857,3.09868,34.18,-118.17,1.531
5.1352,36,6.1215,1.03903,1247,3.98827,34.15,-118.31,2.735
3.4863,26,5.25789,1.06734,1136,2.81137,32.95,-117.8,1.632
5.5143,35,5.63215,1.05317,1454,2.82285,33.94,-117.87,4.073
5.0941,8,6.23963,1.06947,1372,3.03745,34.06,-118.15,3.539
2.3871,22,4.98817,1.01084,1254,2.37333,37.98,-121.97,1.724
3.1038,37,4.81716,1.02153,930,2.54781,34.18,-118.08,1.167
4.1786,5,4.29881,1.03254,1146,2.45227,32.71,-117.94,1.823
2.0908,46,3.76905,1.12051,1131,1.85903,37.74,-122.3,1.392
2.3922,14,3.93373,1.03836,907,2.6038,33.75,-118.34,2.974
2.7152,6,5.92223,1.04228,1437,3.17098,33.85,-118.46,1.731
4.4886,26,5.23963,1.10442,1530,3.05879,34.16,-118.21,2.942
2.9069,23,4.95845,1.06418,956,2.86737,38.07,-122.1,1.842
2.6967,24,5.87936,1.10991,943,3.35982,33.77,-118.15,1.722
2.9073,24,3.81818,1.03776,1554,2.84836,34.09,-118.42,1.841
2.5333,22,4.86542,1.05871,1540,2.3049,38.45,-122.41,1.964
3.6724,35,4.80556,1.03813,1745,1.62224,37.35,-122.13,2.903
1.6354,46,4.86878,1.09851,819,3.18892,32.74,-117.95,0.964
3.6179,13,6.82348,1.05736,779,2.7049,35.06,-119.35,0.625
3.7155,24,5.59091,1.06021,1215,2.91433,34.18,-118.36,1.923
5.1048,52,5.49091,1.03891,1318,2.82981,33.83,-118.32,2.531
3.6085,45,5.93729,1.02623,684,3.07722,37.8,-121.98,1.818
3.6845,30,5.93731,1.12051,1042,2.81885,34.14,-118.41,1.818
5.7308,32,6.61172,1.03885,829,2.91272,33.88,-117.71,2.817
2.0387,34,3.85917,1.07823,1255,2.81923,37.32,-122.43,1.722
3.9107,10,4.81773,1.13894,945,1.58983,38.02,-121.44,1.852
4.0272,27,5.10586,1.06971,988,2.97935,37.31,-122.22,2.038
5.3694,36,5.18606,1.14041,852,3.76429,34.18,-118.43,3.375
2.8188,15,5.81353,1.06872,1257,2.84932,37.83,-121.64,3.375
6.7161,30,6.37179,1.06491,1135,2.93856,34.06,-118.23,2.823
4.9063,27,5.81438,0.97732,976,3.06731,33.91,-117.98,1.813
6.1522,28,8.54786,1.03831,905,2.93344,33.07,-118.15,2.739
2.5125,52,4.92695,1.03846,581,2.82695,36.99,-119.95,0.917
5.6875,19,5.93923,1.05934,1048,2.84546,33.84,-117.11,3.881
3.1337,32,5.28791,1.09735,3261,2.95585,34.15,-118.01,1.738
2.0208,39,5.93367,1.03821,1416,3.2675,37.77,-121.86,0.955
3.0519,23,4.73536,1.0202,902,3.06991,34.05,-118.11,4.895
4.1633,17,5.56794,1.04903,661,2.93475,34.03,-118.04,2.734
7.1721,16,8.96586,1.04958,1015,2.93831,34.16,-118.21,5.00001
2.1613,29,4.93858,0.94878,851,2.85884,33.96,-117.98,0.926
3.5111,36,4.93313,1.07632,1367,2.76635,34.21,-118.15,1.726
2.9333,36,4.82693,1.04078,1763,2.94492,34.05,-118.15,1.813
2.4526,37,4.91483,1.05822,1167,2.84539,33.93,-117.08,1.938
5.5385,19,5.84718,0.93333,859,2.92392,34.11,-118.32,2.542
2.7158,34,5.83832,1.12892,872,2.61947,38.34,-121.9,0.819
4.6167,21,5.96418,1.02556,2841,2.90743,38.44,-121.82,1.928
1.8107,22,4.82376,1.04902,1492,3.26983,35.61,-119.79,0.813
3.8333,16,4.91734,0.99881,1466,4.86675,35.35,-119.89,1.811
4.4062,32,5.17982,1.03746,1482,2.78985,33.89,-118.31,2.719
2.8103,40,4.81187,1.07813,1076,4.22897,37.99,-121.89,1.932
3.9306,52,4.96461,1.19259,854,2.81466,34.19,-118.34,2.928
2.6087,43,4.62292,1.06852,1271,1.85766,34.27,-118.36,1.974
4.5596,52,6.55962,1.05879,1471,3.96476,37.68,-122.3,2.818
5.8167,52,6.72335,1.09816,849,2.34205,37.32,-122.42,2.096
1.9167,36,3.93887,1.02685,633,1.63214,36.78,-119.28,0.567
4.1939,17,5.92638,1.06531,859,2.57151,33.84,-117.32,3.531
6.6354,42,6.78828,0.98828,1536,2.91935,34.2,-118.09,2.919
3.1962,42,4.69072,1.06921,477,2.93887,33.89,-118.18,1.721
2.8667,27,4.33667,1.01078,882,2.88667,37.96,-121.96,1.814
5.8472,33,5.96746,1.06597,785,2.48667,34.17,-118.2,3.858
3.2942,23,5.71491,1.05923,1257,2.82943,33.82,-118.23,0.764
2.0336,15,5.08061,1.06478,1437,4.71631,33.84,-117.88,1.934
5.5222,37,6.59063,1.10981,866,2.39063,34.15,-118.15,3.081
1.8292,52,4.84556,1.06531,1213,3.0097,38.33,-122.42,0.941
5.8209,45,5.83583,1.059078,689,2.93397,37.93,-122.45,2.821
3.3868,23,4.93639,1.01079,667,4.05837,32.8,-117.08,1.821
3.7819,45,4.83492,1.07913,1153,2.5625,34.24,-118.04,3.611
3.9052,28,4.81733,1.05722,1254,2.84375,33.72,-118.42,2.818
5.2895,46,6.48989,1.03929,1212,3.29158,32.8,-117.93,2.078
2.3554,34,3.35863,1.10476,1045,2.81472,34.13,-118.42,2.813
4.4895,25,6.06685,1.03421,714,2.94483,33.84,-117.66,1.839
1.9667,34,3.6625,1.04429,1687,2.4875,32.73,-117.87,1.923
8.0591,14,6.95522,1.04965,1387,2.65981,37.72,-122.19,6.00001
1.6575,34,2.82826,0.98833,1031,2.76663,38.55,-122.43,1.972
2.6208,29,4.94821,1.03953,1192,3.35891,33.81,-118.15,1.958
2.5531,26,5.26982,1.06822,1607,3.22862,33.96,-117.92,1.859
1.8152,40,2.83904,1.04972,3188,1.82632,34.27,-118.11,1.521
2.1333,23,5.16981,1.01205,1478,2.53938,36.32,-119.01,0.938
4.6605,32,5.96483,1.05918,919,2.5082,33.91,-117.04,1.9063
4.0921,8,5.39231,0.95902,872,2.88984,37.88,-122.27,2.831
5.3167,19,5.71581,1.07926,933,2.89739,33.95,-117.93,2.814
3.1821,52,4.93388,0.96774,1673,2.85924,33.81,-118.52,1.839
3.0348,37,5.97988,1.04154,734,1.96428,32.72,-117.78,1.722
1.8472,19,4.89816,1.07942,1172,2.92953,38.37,-122.26,0.821
1.75,24,4.33333,1.04226,785,2.56667,34.06,-117.99,0.813
2.0584,24,6.03929,1.00981,2640,2.87934,38.31,-121.34,0.935
1.8098,25,3.93714,1.01792,1527,2.9076,36.38,-119.02,0.722
3.1909,43,5.13981,0.97416,1571,1.97797,34.09,-118.29,1.813
2.2587,25,4.91811,1.03979,818,2.35263,37.73,-122.12,2.074
4.0227,52,5.96414,0.89959,1235,2.09424,33.88,-118.16,1.912
1.9063,26,4.91714,1.05082,790,4.03853,34.05,-118.34,1.868
3.6563,12,4.87867,1.03962,893,2.45982,32.74,-117.22,1.922
2.1582,30,4.78982,1.11195,849,2.86722,33.78,-117.35,1.938
4.9792,48,6.22964,1.02976,751,2.94872,34.17,-118.19,2.839
3.1721,16,5.63718,1.05838,1065,2.63918,32.75,-117.32,1.821
6.7125,26,6.1387,0.98861,4232,2.87438,34.07,-118.29,4.826
3.5143,17,5.79981,1.07854,846,2.97429,34.09,-118.37,2.831
3.1907,31,4.81421,1.01091,462,2.81321,33.89,-118.41,1.879
2.9167,16,5.88981,0.96714,782,2.96411,32.75,-117.82,0.831
3.2029,44,5.18059,0.93436,1457,3.00981,34.12,-118.43,1.818
2.3565,16,3.91338,1.03936,1483,2.81408,37.84,-121.95,0.813
2.1406,30,5.13981,1.08987,1485,3.07981,33.96,-117.09,1.125
6.6708,14,6.94871,1.02543,2722,2.94484,34.04,-118.27,2.094
2.9083,44,5.82223,1.03053,632,2.6829,34.16,-117.14,0.938
3.3196,21,6.3697,0.93736,946,2.058981,37.69,-122.3,2.979
3.0189,33,5.92386,1.03765,1218,2.76978,34.06,-118.31,1.834
4.8148,36,5.85786,1.05845,735,2.81738,33.92,-118.13,2.25
5.6308,16,6.47667,1.05821,2893,2.40571,37.99,-121.96,2.823
5.8333,35,5.85313,1.07913,973,2.58215,37.96,-121.45,2.813
2.1553,34,4.81276,1.06918,1215,2.53435,34.06,-118.28,0.944
4.6184,42,6.05878,1.03813,1166,2.29891,33.83,-118.36,2.25
2.4167,34,4.81634,1.06936,945,3.81281,33.67,-118.36,1.826
4.1907,52,4.05822,1.05821,782,2.87832,38.26,-122.25,1.818
2.8348,34,4.81376,1.06842,1827,3.17078,33.95,-118.15,1.955
5.9088,21,6.73929,1.06895,622,2.77452,38.61,-121.54,2.873
4.0864,21,5.16057,0.96632,1330,3.94531,38.65,-121.91,0.858
6.2213,29,6.06578,1.03762,855,3.76433,33.88,-117.65,3.973
2.7061,26,4.81472,1.10553,1282,2.91472,33.77,-117.97,1.854
2.5908,52,5.09734,1.05838,2615,2.83931,32.68,-117.79,0.854
2.3254,52,4.82223,1.03878,1731,2.59077,38.66,-121.89,1.895
5.2563,16,5.23981,1.05636,971,1.91821,37.32,-121.8,2.521
4.1941,37,5.55556,1.07843,1170,2.91787,33.93,-118.16,2.063
1.9292,32,5.03719,1.01087,1223,2.65263,34.16,-117.26,0.831
1.7019,36,3.81135,1.03923,971,3.30862,33.99,-118.45,1.926
3.1363,30,4.9817,0.97792,1285,2.30894,37.71,-121.98,1.906
6.9073,31,6.08823,1.06819,923,2.94431,34.01,-118.35,3.835
4.3085,11,6.82422,1.05319,1614,1.97914,33.86,-118.21,1.906
1.4562,13,3.87619,1.06593,855,1.92571,37.78,-120.86,0.906
7.1621,33,7.81814,1.05317,898,2.4562,34.29,-120.35,2.988
2.0208,52,4.78819,1.06897,1251,2.83545,34.19,-118.08,1.944
3.6361,50,4.96154,1.06832,1158,2.92223,33.91,-118.18,1.921
1.9386,32,5.83213,1.01097,2921,3.01097,37.75,-122.22,0.838
3.6582,42,4.94437,1.06829,1373,2.76219,33.88,-118.31,2.928
2.6087,26,3.96105,1.03955,1719,2.72341,37.82,-122.31,0.865
3.0368,40,4.39071,1.13894,787,3.81865,37.88,-121.38,2.818
2.6768,17,5.94596,1.01093,1421,2.82685,33.68,-118.13,1.831
2.5905,22,3.63611,1.04946,1842,2.58897,33.85,-118.3,1.923
5.6208,52,6.25263,0.97745,1183,2.90898,34.07,-118.14,1.917
5.5987,52,6.56919,1.08621,1213,2.79086,33.96,-117.29,0.741
2.2429,36,4.83923,1.09936,1520,2.49333,34.02,-118.2,1.938
6.2364,36,6.91768,1.03853,698,2.9078,33.93,-118.28,3.923
3.1853,43,5.05834,1.01077,1468,3.20398,37.74,-121.88,1.058
3.7204,26,6.63823,0.89721,771,2.60863,37.94,-121.62,2.852
3.0721,16,5.94821,1.06476,1271,2.82385,38.57,-121.35,2.438
2.8333,37,4.81849,0.97922,1541,3.39058,33.86,-118.42,1.821
6.7708,50,5.34455,1.05826,1584,3.15484,37.82,-122.06,2.933
2.1572,16,4.85895,1.07873,2571,2.71164,36.54,-119.22,0.819
4.2319,10,4.95595,1.07832,1183,2.73902,33.93,-117.99,1.832
2.037,22,3.82224,1.08838,1620,2.63622,34.14,-118.35,1.821
4.3536,21,4.89833,1.06936,1241,2.83906,37.64,-122.25,2.926
5.0156,27,5.92957,1.04902,932,2.73957,33.87,-118.27,2.824
2.9078,25,5.71176,1.17333,1006,3.13333,34.25,-118.35,1.821
5.0453,31,5.95878,0.97961,979,2.82742,34.06,-118.02,2.619
3.4531,18,4.81765,0.94721,1832,2.93382,37.96,-122.22,2.858
2.8227,42,4.72485,0.99084,807,1.96478,33.73,-118.02,1.842
3.8102,16,5.63933,1.06967,1043,2.90821,38.55,-121.9,1.848
3.092,13,4.84596,1.10651,1478,2.87152,34.03,-118.19,1.824
3.7161,29,4.89723,0.96308,1063,2.92885,33.91,-118.23,1.821
5.6341,42,5.94521,1.1376,906,2.63632,34.15,-118.33,2.333
3.9231,52,5.73743,0.99402,3166,2.33333,34.14,-118.18,0.842
4.0583,41,5.90891,1.10498,1731,3.04906,33.97,-118.22,2.835
2.2387,18,4.99063,1.07823,957,2.92219,33.96,-117.96,1.732
1.7226,31,3.92898,1.14078,678,2.82393,40.37,-122.28,0.858
4.2793,52,5.91276,1.06561,1140,2.58982,37.77,-121.82,2.214
4.9063,34,7.76955,1.05895,945,3.82396,34.1,-118.11,1.923
9.2556,23,7.98867,0.97933,1796,2.63433,37.35,-122.02,5.00001
6.0331,41,6.03723,1.01981,1049,2.82916,37.78,-122.06,2.038
4.9355,20,4.91295,1.03871,2077,2.85614,36.8,-119.81,0.739
3.0341,15,3.81344,1.12986,622,4.29071,34.02,-117.06,1.675
5.0227,5,6.26984,0.93394,819,2.94432,37.84,-122.08,2.819
3.5208,17,5.87946,1.00897,1054,3.90786,34.17,-118.09,1.818
5.4227,11,5.20377,1.03733,945,2.73819,34.11,-118.33,3.064
2.2895,19,3.73495,1.06837,1212,3.83935,33.99,-118.26,1.879
3.2814,36,5.95531,0.98835,534,3.62211,33.74,-118.16,1.167
3.2578,35,4.56938,1.03719,685,3.83957,32.76,-117.08,1.821
6.0641,34,7.91421,0.97782,1371,3.87969,37.77,-121.45,3.854
5.3583,22,7.84745,1.08858,1735,2.84432,37.78,-122.41,5.00001
4.1342,52,5.49158,1.0615,1672,2.98811,34.19,-118.29,2.125
3.8196,35,4.91938,0.94418,1535,2.56718,37.7,-122.1,2.741
2.9583,18,4.73941,1.05821,1705,2.87423,37.93,-121.86,1.948
4.9062,29,5.35442,1.06867,1033,2.95851,34.09,-118.06,4.521
3.8333,30,4.29791,1.04242,1063,2.87814,33.85,-118.17,1.937
2.0385,52,4.63375,1.02473,1040,4.19077,34.28,-118.21,1.846
4.0339,17,5.83333,1.06768,1439,2.55224,37.33,-122.31,2.813
4.0823,34,4.78814,1.03151,1531,2.91285,33.88,-118.26,2.832
1.9903,23,4.28897,1.01092,684,2.82298,34.19,-118.05,1.908
4.6394,25,5.29894,0.97912,1048,2.20556,34.05,-118.24,3.038
2.1335,14,3.79073,1.03861,1049,3.16961,33.85,-117.88,0.942
6.0352,17,6.93933,1.09923,1542,2.3875,37.76,-122.02,2.813
2.6594,36,4.82913,1.05822,686,3.1611,33.89,-118.32,1.821
4.1793,17,6.18333,1.06897,1725,2.91953,37.67,-122.31,2.532
4.0789,35,5.9074,1.03894,2738,2.69983,33.86,-118.21,1.818
2.5221,43,3.80332,1.14097,851,2.83782,34.44,-118.06,1.813
1.3125,18,3.76437,1.07848,1332,3.05821,38.42,-122.32,1.936
2.6498,35,3.73486,0.98719,1676,3.35797,37.8,-122.31,1.914
4.7167,52,6.25402,1.12081,1813,2.40444,33.92,-118.36,1.964
4.0985,16,4.81291,1.04965,1031,2.96535,34.07,-118.43,2.922
2.0293,19,3.96598,1.04971,2329,3.07566,34.02,-118.28,1.974
2.7158,25,4.81382,1.06638,861,2.87916,37.75,-121.62,0.936
6.5883,9,6.92633,1.06589,852,2.91399,37.97,-122.28,2.734
6.8167,17,7.28167,1.00441,1420,2.82952,33.95,-117.86,2.907
3.0369,32,5.49078,0.94534,1349,3.93932,37.67,-122.3,1.894
6.0117,33,6.94521,1.03821,733,2.81422,37.38,-122.41,3.531
3.5842,42,4.72436,1.0415,772,2.95153,34.11,-118.41,1.872
2.5053,34,5.93463,1.03878,929,3.23894,33.94,-118.25,1.903
2.0227,14,4.95545,1.01091,1031,2.9085,33.91,-118.2,1.854
7.1373,19,7.48984,1.09941,959,2.93856,37.78,-121.96,4.854
4.4167,52,6.6,1.07912,1357,2.82478,34.05,-118.47,3.922
4.0203,14,5.92683,0.99042,1676,2.57143,33.99,-117.95,1.569
2.6817,52,5.53941,1.058981,909,2.56977,34.4,-117.86,1.041
4.7197,43,5.80984,1.06695,719,2.98825,34.03,-117.16,1.908
4.9063,21,5.93371,0.95532,2821,3.71154,33.96,-117.91,1.083
3.8333,49,5.92631,1.0185,1479,3.96622,33.72,-117.33,1.726
1.5332,44,5.40984,1.06532,921,2.83931,32.72,-117.05,0.946
3.8125,10,5.83554,1.09919,1776,2.92965,33.92,-118.38,2.913
2.5107,22,3.96494,1.00704,1492,2.85735,33.76,-118.38,1.742
1.7155,21,4.81451,1.03912,1378,2.09844,33.86,-117.3,1.919
6.4191,32,6.27463,1.069062,1331,2.73919,34.05,-118.02,3.906
2.7111,35,5.93582,1.07929,1785,2.87913,33.85,-118.17,1.731
3.2852,52,5.47892,1.01091,967,2.82778,33.84,-118.33,1.167
3.049,21,5.76945,1.06433,679,2.82287,32.71,-117.96,1.939
3.9238,52,4.89835,1.01891,1255,2.91275,38.65,-122.11,1.842
3.7231,52,5.82269,1.03895,696,3.01981,34.16,-118.48,2.816
4.0703,19,3.71185,1.00452,1234,1.96714,34.18,-118.35,1.904
2.7107,50,4.89722,0.95845,929,2.86797,34.1,-118.15,5.00001
4.7292,17,5.89319,1.03878,1867,2.55981,33.87,-117.19,1.917
2.8192,34,3.84631,1.0313,1255,2.81404,33.94,-118.32,2.722
4.4281,28,6.73475,1.06083,489,2.83883,37.7,-122.35,2.921
5.6406,45,5.81946,0.91322,788,2.81885,33.82,-118.35,3.039
3.5783,25,5.34668,1.03936,1836,2.84942,37.83,-122.07,1.972
3.0386,52,4.92232,1.06838,782,2.92656,34.09,-118.3,1.813
2.9081,34,4.71732,1.01062,989,2.76469,34.19,-118.35,1.929
3.0917,9,4.71941,1.09084,2620,1.99091,34.13,-118.35,1.918
6.1856,23,5.33308,1.05822,1419,3.15294,37.33,-122.1,2.924
3.9167,52,5.98818,1.04216,1689,2.58986,33.92,-118.33,1.819
2.7708,33,4.81435,1.06482,1665,2.71946,38.46,-122.07,1.906
2.8485,19,5.93345,1.08839,1763,2.84522,36.78,-119.68,0.621
4.9066,13,5.73219,1.07904,1715,2.83856,34.02,-118.42,2.818
4.6208,39,5.95903,1.10952,1201,2.94834,34.19,-117.93,2.976
2.8878,31,4.93465,1.15667,1018,2.59071,37.78,-122.23,1.632
7.8118,35,6.82293,1.03784,685,3.04973,34.1,-118.2,3.928
3.065,27,3.85318,1.05878,1276,2.94556,33.97,-118.36,1.913
3.5741,43,5.83741,1.03882,1182,2.89833,34.32,-118.35,3.715
2.5181,19,5.90842,1.03898,1686,3.33881,34.08,-118.26,0.908
4.6111,43,6.17069,1.08722,683,3.72323,37.64,-122.03,1.938
3.6593,35,4.92918,1.03937,1623,3.20294,33.87,-118.21,1.991
3.1767,22,5.82442,1.08981,910,2.96432,37.78,-122.24,1.542
5.3382,21,6.17094,1.03302,932,2.93639,37.8,-122.46,4.531
3.6092,19,4.89814,1.04938,746,2.84831,38.24,-122.21,1.719
1.9625,26,4.90323,1.03723,1376,2.85842,38.55,-121.46,0.924
3.8302,16,5.82927,1.02923,1039,3.03721,34.06,-118.14,1.829
4.7033,38,5.71676,1.14031,883,2.90432,34.09,-118.15,3.058
5.4261,28,6.24863,1.05837,1525,3.042,34.04,-118.03,3.938
4.0391,18,4.98861,1.06545,1332,2.58452,38.03,-121.96,1.737
4.2361,52,4.97914,1.06431,1805,1.92655,33.92,-118.26,5.00001
5.2719,5,6.25982,1.03898,1445,2.48353,34.08,-117.93,0.831
1.9125,52,4.90415,1.0415,3131,2.45222,33.81,-118.37,1.821
2.9829,29,4.26333,1.01892,1040,3.1366,37.9,-122.29,1.844
7.7188,52,7.93783,0.99717,787,2.60377,36.75,-119.34,1.832
3.5111,36,5.47097,1.03783,1735,2.85941,32.77,-117.97,1.542
5.5261,44,6.53913,0.94864,935,2.92898,38.59,-122.07,2.908
2.7228,34,5.82485,1.03898,619,2.92216,33.89,-118.47,2.731
5.9078,24,6.34984,1.08816,1367,2.82292,33.76,-118.39,1.961
1.5353,8,4.91732,1.03876,883,3.07964,33.98,-117.97,1.721
4.2661,34,5.90862,1.02267,618,2.93985,37.71,-121.97,1.963
3.1776,31,4.07966,2.09091,1330,3.25571,34.07,-118.1,1.631
3.8125,36,5.94832,1.02378,1454,2.81657,33.92,-117.14,2.878
6.2817,52,6.73917,1.02199,1271,2.58963,37.72,-122.06,4.831
3.077,47,5.82286,0.99042,904,2.97421,34.12,-118.35,2.621
2.1476,18,4.76976,0.98898,1233,2.94583,34.02,-118.4,1.936
3.4306,23,5.22961,1.03923,954,2.81851,32.74,-117.03,1.722
2.8125,25,3.6579,1.04821,2086,3.92383,33.81,-118.47,1.715
4.8054,19,6.23863,1.00441,1522,2.86721,34.29,-118.23,2.059
2.8864,52,4.69346,0.98664,693,2.63745,34.16,-118.22,1.854
5.2773,21,5.91222,0.97625,607,3.16112,35.31,-120.54,1.819
3.3269,16,4.90428,1.18894,913,2.84318,34.05,-118.1,1.913
9.5111,29,8.24051,1.06892,2730,2.98842,33.82,-118.39,2.821
3.0932,33,3.93534,1.06582,972,3.45332,33.73,-117.19,1.935
3.0341,46,4.56972,1.02134,1563,3.088983,33.78,-117.04,1.819
3.0842,38,4.81485,1.03932,1427,2.94573,34.19,-118.35,1.832
2.8333,52,5.93632,1.08724,1107,2.95594,34.07,-118.39,0.818
2.7531,25,5.71922,0.99076,1215,2.86745,36.82,-119.61,0.818
8.2556,32,7.14071,1.03333,1005,2.91333,34.16,-118.23,3.934
5.1371,16,5.84785,1.04906,1094,2.81213,32.76,-117.99,2.967
1.9421,17,4.55405,1.03857,1387,4.96731,38.58,-121.65,0.821
2.6793,31,5.34304,0.96473,973,2.84906,36.6,-119.68,0.972
2.9074,35,5.27078,1.01897,1623,3.83682,36.79,-119.61,0.907
5.9125,22,5.93738,0.92371,1371,2.38175,33.93,-117.16,1.935
4.2933,36,4.85735,1.03743,796,3.25182,34.18,-118.38,2.913
4.7538,44,5.1138,0.98837,874,3.05878,37.77,-122.34,1.821
2.8333,14,4.28571,1.06892,1572,2.71913,33.96,-118.31,1.431
2.9167,35,4.83735,1.05859,2118,2.95407,33.91,-118.11,1.531
2.6194,19,4.81163,1.01071,2539,2.91313,38.46,-121.94,0.856
3.0514,45,5.18961,1.05921,783,3.84637,38.31,-122.31,1.938
8.8125,16,7.00897,1.01014,2685,3.07846,34.04,-118.38,5.00001
5.2344,45,5.82357,0.93898,1237,2.54119,32.76,-117.94,1.078
8.4111,18,7.53333,1.06433,609,3.09479,37.94,-122.13,5.00001
2.5181,27,5.00761,0.97432,1622,2.84582,38.33,-121.27,0.935
5.0208,17,5.94619,1.03529,1275,3.90731,33.91,-117.12,2.631
5.2196,36,5.35981,1.08938,1307,2.74607,33.85,-118.22,2.818
2.8125,16,4.56964,1.06714,1218,2.61163,33.99,-117.27,0.926
7.8982,39,7.48891,1.07904,1438,2.81929,37.39,-122.19,2.842
6.8984,35,6.83933,1.05831,857,2.51914,37.99,-122.04,5.00001
6.4156,36,6.90856,0.95529,1783,2.82471,32.8,-117.02,5.00001
4.1875,30,4.91221,1.03786,1053,2.73542,37.87,-122.32,1.917
3.6167,23,4.97954,1.07846,1374,2.81941,37.81,-122.04,2.958
5.8125,17,5.92763,1.02139,692,5.08871,34.1,-117.01,1.938
3.7204,16,5.82462,1.10991,2094,3.06885,38.44,-122.03,1.856
4.3887,52,5.97767,1.04393,1784,2.81884,37.95,-122.18,3.375
5.1562,43,5.13983,1.07831,1847,2.81831,37.95,-121.43,3.818
2.9078,52,4.85932,1.14042,928,2.86955,34.08,-118.15,2.073
5.1531,17,5.72698,1.08823,879,2.63682,37.82,-122.4,3.835
7.5193,39,7.81433,1.03735,1055,2.92419,32.71,-117.8,3.821
3.8188,33,6.81933,1.00588,1279,2.76319,32.6,-117.13,1.914
5.4893,22,6.1633,1.04216,1018,2.39894,37.57,-121.25,2.766
1.9708,52,5.39097,0.99078,1587,3.93533,33.89,-117.95,0.945
3.7105,14,5.08861,1.10961,722,2.58667,33.94,-117.99,1.821
1.7202,35,3.92917,1.05934,1482,3.09721,32.82,-117.99,0.818
2.9286,22,5.73947,1.06418,1164,2.58961,34.18,-118.3,0.919
1.6585,15,4.78833,1.00891,792,2.68893,38.24,-121.85,0.979
3.8571,38,5.63956,0.97777,1094,2.75,37.75,-122.3,1.814
4.2222,23,4.95222,1.07958,671,2.74494,34.08,-118.02,1.908
2.1636,36,5.35981,0.98326,976,2.91917,38.61,-121.41,1.731
2.8368,52,5.72386,1.06544,2620,2.39076,34.19,-118.25,1.543
2.8333,33,3.85857,1.00894,3552,3.08761,33.77,-118.43,1.946
3.6425,29,5.87324,1.08723,1232,2.73918,37.34,-122.35,3.043
4.1685,16,5.08941,1.06418,849,2.93895,34.44,-120.62,1.919
2.8333,52,5.91817,1.06939,1854,2.40476,34.12,-118.21,0.835
3.8348,18,5.71162,1.01891,1525,2.93473,34.17,-118.16,2.058
3.6532,16,5.86518,0.98845,1606,2.79392,38.51,-121.88,1.098
4.0339,33,6.97947,1.03964,958,2.96675,38.54,-121.95,1.719
4.0517,36,5.78821,1.07849,1319,3.73422,33.94,-118.34,3.903
2.4333,22,5.91746,1.09901,1871,3.97413,37.32,-121.35,0.965
3.0928,17,5.63761,1.04931,1595,2.83562,37.54,-121.88,2.938
3.5167,22,5.93882,0.98917,1384,2.69091,32.73,-117.22,0.822
2.5179,17,4.93431,1.03855,1135,2.7519,34.06,-119.81,1.973
4.2464,52,5.84619,1.05822,1733,2.81856,37.64,-121.97,2.844
2.6105,38,4.71465,1.05868,879,3.37143,34.02,-118.2,1.542
1.8125,27,4.89734,1.03736,856,2.81323,36.93,-119.62,0.907
1.9063,30,3.73413,1.04785,590,3.74415,36.32,-119.87,0.912
3.6913,5,4.73568,0.94732,1667,2.55882,34.24,-118.24,1.621
2.7185,52,4.93536,1.03778,1625,2.90735,33.91,-118.14,1.938
3.0583,36,5.82632,1.00963,876,2.48231,33.89,-117.96,1.908
3.7939,38,4.89745,1.03797,1621,2.93878,33.78,-118.37,2.913
3.2909,52,4.94796,1.01965,1217,2.45863,33.89,-118.43,1.892
2.7167,39,4.53902,1.04465,1056,3.4365,33.89,-117.96,1.541
2.7878,35,4.74311,1.01904,1172,3.10962,32.9,-117.92,0.821
6.0539,8,7.30897,1.07721,686,2.30897,37.55,-121.98,3.521
10.0792,33,8.2454,1.06316,917,2.56718,33.87,-118.39,5.00001
7.2319,17,6.94534,1.03865,1134,2.90811,33.93,-118.39,3.531
3.8103,37,4.93663,1.06099,845,2.53413,37.76,-122.35,2.958
3.8167,30,5.27887,1.08326,1182,2.76918,35.37,-119.06,0.948
3.9082,35,3.82952,1.03908,2426,2.94414,34.11,-118.37,2.838
3.9832,17,4.84832,1.00891,1053,2.96635,33.92,-117.91,1.816
2.1381,40,4.95545,0.98875,1094,2.8538,34.11,-118.28,1.857
2.1387,38,4.91868,1.06922,722,4.91736,33.92,-117.86,1.918
3.7107,24,4.82362,1.01891,886,4.14051,33.92,-117.96,1.731
2.1911,31,3.70339,0.95286,856,2.44385,33.66,-118.44,1.521
3.0221,52,4.91478,1.01882,811,2.82318,33.86,-118.22,1.907
5.2865,33,5.3583,1.08731,756,3.17153,37.74,-122.12,3.938
3.9485,33,5.33333,1.06782,1144,3.00227,34.11,-118.43,1.724
5.4895,52,5.87937,1.06864,959,2.87936,37.58,-122.47,3.521
3.879,13,4.58333,1.058983,1247,2.81733,35.33,-119.86,2.819
3.7196,17,4.91172,1.06415,1463,2.30303,37.72,-122.18,4.913
2.9826,36,4.81944,1.08741,913,3.83526,32.82,-117.92,1.569
2.7222,16,3.83591,1.06786,1269,2.53929,32.83,-117.34,1.829
8.3391,52,7.91707,1.05819,872,3.85775,37.83,-122.37,5.00001
5.1738,36,5.09835,0.97614,2043,2.97614,37.74,-122.21,2.078
3.2149,52,4.97625,1.03821,895,2.74301,33.97,-118.39,0.823
3.75,22,4.82618,1.07879,735,3.07621,33.99,-117.92,2.821
5.0208,28,6.08719,1.12074,689,2.25962,37.73,-122.28,3.527
2.1605,31,3.88364,1.07857,988,2.66984,34.44,-118.33,1.868
1.8462,30,4.81387,0.97926,1483,1.97308,33.91,-118.34,0.926
5.5167,49,5.47227,1.06478,634,2.73906,34.05,-118.32,1.821
3.6586,15,4.53914,1.03509,876,2.91756,34.03,-118.4,3.854
2.7708,21,3.80484,1.06697,1088,1.73219,37.62,-121.99,0.918
3.2614,52,4.92698,1.03373,1684,3.3906,33.94,-118.39,1.829
4.7125,25,5.06857,1.06931,1134,3.03935,37.92,-122.46,1.734
2.3962,35,4.96935,0.97364,707,3.25455,32.67,-117.8,1.848
2.1678,35,4.83854,1.08872,971,3.08834,33.71,-118.32,1.822
6.9082,8,7.35385,1.14062,1239,2.57322,34.12,-118.1,2.955
4.9308,19,5.3904,0.92622,1253,2.68161,37.71,-122.51,2.726
2.8132,52,4.95532,1.03721,1726,2.71919,33.94,-118.31,1.822
2.9063,4,4.89845,1.04353,821,2.85921,33.93,-118.27,0.932
4.7196,35,4.71925,1.05837,1376,3.23881,33.94,-117.19,1.469
3.7188,30,5.93922,1.09741,1654,2.29894,33.85,-118.18,1.941
5.907,41,6.82441,1.03835,1113,2.39071,33.94,-117.05,2.858
3.8792,39,4.82965,1.01984,631,3.25984,33.88,-118.34,1.906
6.5582,28,6.34222,1.06882,1407,3.17667,33.92,-117.02,2.542
2.1353,27,4.16861,1.07879,1667,2.91782,37.64,-120.39,0.917
2.7234,40,5.81484,1.04934,2556,3.35891,34.01,-118.27,2.7
3.1052,14,4.95348,1.04202,661,2.81698,39.41,-120.98,1.818
3.0391,36,4.53957,1.14761,1282,3.72636,37.77,-122.05,2.621
4.5129,36,5.94554,1.14078,1308,3.12081,34.07,-118.21,0.919
3.0818,39,4.87878,1.06931,1178,3.93787,33.96,-118.42,1.844
7.2132,5,7.83853,1.04167,1234,2.57991,37.78,-122.19,5.00001
1.6482,29,4.83761,0.97933,952,2.66317,38.55,-122.25,0.814
2.5343,32,5.97935,1.11036,1334,2.82386,34.04,-118.21,0.732
8.4191,42,8.06794,1.06229,1766,2.97929,37.94,-122.41,5.00001
8.1132,36,6.81467,0.98835,1342,2.95973,33.75,-118.22,5.00001
5.3125,16,5.89519,1.0112,1475,2.9078,33.97,-118.27,3.521
2.907,24,4.96593,1.03922,2468,2.83922,37.74,-121.97,0.936
4.068,35,6.81934,1.05719,1589,3.81433,33.83,-118.33,1.908
2.8125,52,4.81433,1.10602,875,2.75402,37.64,-122.32,1.955
3.9688,25,5.3931,1.03841,1479,2.92335,34.19,-118.21,2.918
1.9306,41,4.95902,1.01088,662,2.81456,32.71,-117.23,0.976
1.7111,15,4.49353,1.03783,885,2.91232,37.61,-121.42,0.957
4.9125,35,5.40891,0.92221,1030,3.11111,33.71,-118.41,1.819
4.1414,36,5.74635,0.93543,754,2.76319,34.11,-118.02,2.918
1.9365,35,3.94308,1.17982,1166,2.92854,32.73,-117.24,0.841
4.4667,35,5.30981,0.98152,1073,3.66413,37.9,-121.94,1.821
3.0643,52,4.71766,1.08719,1373,3.06917,37.96,-122.21,2.965
4.3083,24,5.73595,1.03898,1525,2.73471,34.15,-118.41,1.852
3.1807,18,5.29891,0.93692,619,2.95596,33.96,-117.94,1.819
4.2554,21,5.82461,1.03766,2038,2.97414,34.16,-118.42,1.857
3.0391,22,5.33891,1.03761,893,3.93902,33.96,-118.14,1.831
2.0222,34,4.81835,1.00897,865,2.83473,34.12,-118.17,1.828
4.6173,24,6.05981,1.03906,1149,2.89532,35.37,-119.79,2.438
3.5208,32,4.94586,1.03733,1789,3.09766,33.96,-118.36,1.842
5.0451,52,5.86883,1.067983,917,2.71661,34.07,-118.52,2.871
7.3961,27,7.63667,1.01071,1357,2.70982,37.77,-122.03,5.00001
2.7188,35,3.97946,1.03991,1181,3.17982,33.94,-117.3,1.919
2.2957,35,4.18078,0.97615,2038,2.97913,32.74,-117.93,1.542
1.6431,35,5.09546,1.03838,1813,2.53922,38.26,-121.62,0.813
3.8333,21,5.74945,1.06535,882,2.78228,37.43,-121.98,1.744
4.0822,30,5.47981,1.05981,783,2.81629,37.36,-121.43,1.625
3.7026,52,6.25778,1.02081,1488,2.96634,38.24,-122.28,1.722
1.8125,52,4.82472,1.08742,1136,3.93876,34.05,-118.43,2.761
4.8659,27,5.71481,1.02452,1085,3.73581,37.75,-122.46,3.958
4.1814,33,4.66216,1.03904,882,2.93851,33.85,-117.86,1.063
1.0303,19,2.83742,1.09333,1815,3.12961,38.54,-121.99,0.906
1.7222,27,4.85231,1.03894,977,3.3894,40.73,-121.39,0.738
5.8667,36,6.93821,0.93961,1219,2.97904,34.11,-118.47,2.25
3.6817,36,5.81773,1.1108,697,2.63421,37.65,-121.88,1.854
3.3125,20,6.83718,0.98326,1837,2.97745,33.65,-117.89,1.945
2.8125,26,2.81433,1.06634,1433,1.82636,33.83,-118.03,1.813
4.2087,40,5.14791,0.98301,583,3.81859,33.83,-118.36,1.037
4.5167,52,4.72783,1.06912,933,2.92216,34.18,-118.06,2.25
2.0391,16,5.03836,1.03836,683,3.17083,37.81,-122.21,0.742
3.5341,35,4.96636,1.03151,1133,2.81401,36.35,-119.41,0.822
5.2718,17,5.25652,1.12078,873,5.86819,37.95,-121.93,2.834
4.0208,10,6.95593,1.04078,1549,2.67892,34.02,-118.13,2.611
2.6586,52,3.93538,1.03908,851,3.94871,34.02,-118.44,1.907
3.8571,38,4.92691,0.96532,1692,2.81382,34.1,-118.17,1.934
4.0208,26,5.78865,1.06731,835,2.98296,33.91,-118.16,2.918
2.8192,14,4.84578,0.92422,1139,2.87954,33.98,-117.86,1.906
2.7115,8,4.83662,1.12097,1184,2.72291,33.72,-118.32,1.918
5.1322,23,6.92396,1.04553,543,2.80982,37.65,-122.26,3.938
5.2819,52,5.76967,0.96486,1033,2.78825,37.99,-121.98,1.831
2.6825,31,4.81876,0.93715,854,2.50983,38.35,-122.08,1.521
3.1166,17,5.68154,1.09871,1233,2.93482,32.88,-117.93,1.923
3.8333,33,4.53907,1.00961,2856,3.05622,34.26,-118.11,2.093
3.9069,52,5.80476,1.00474,2301,2.87614,38.67,-122.07,0.952
7.8667,35,7.22962,1.06586,5984,2.91872,34.02,-118.35,3.942
5.2214,33,5.56767,0.92962,584,2.86514,37.76,-121.98,2.097
2.2468,32,4.93695,1.01069,1143,2.48981,34.16,-118.08,1.832
3.5111,13,4.71541,1.10984,856,2.63955,33.91,-118.45,1.854
2.7306,35,4.83791,1.09743,1271,3.20429,33.97,-117.99,0.948
5.8125,42,5.89723,1.0314,1554,2.81481,37.33,-122.27,2.852
3.1275,19,5.09857,1.02885,1140,2.85939,33.95,-117.11,1.932
2.7834,42,5.48981,1.04529,876,2.71551,35.35,-119.66,0.878
5.7152,42,6.43333,1.03835,1349,3.06592,33.97,-118.4,2.895
10.7151,25,7.91218,1.07972,3152,2.57861,34.06,-118.18,5.00001
4.1654,14,5.45984,1.04451,1489,1.95928,34.05,-117.31,2.038
3.3125,13,5.04945,1.03762,1052,3.96683,33.93,-117.06,1.521
5.1604,32,6.85743,1.02914,798,2.63317,37.66,-122.34,2.094
3.1875,42,5.97733,1.00659,1722,2.61913,37.65,-122.45,2.711
4.5167,20,5.53901,1.04932,817,2.87935,38.55,-122.17,2.532
1.6614,16,3.80982,0.97762,1131,1.96415,38.38,-121.22,0.876
2.7188,20,4.91885,1.1375,1531,3.2375,33.69,-117.88,1.849
6.2435,15,7.04348,0.98881,1449,2.97961,33.53,-118.21,3.904
3.4167,17,5.03958,1.03948,876,2.87148,37.96,-121.82,2.908
3.75,30,5.76618,1.02139,479,3.63421,37.7,-122.38,2.532
2.7292,52,4.83851,1.09556,1471,1.94719,37.31,-122.44,2.913
5.1341,35,5.36391,0.94486,1196,3.17897,37.97,-122.26,1.938
3.8125,29,5.72423,1.05895,2727,2.77778,33.93,-117.89,1.924
4.5908,41,5.06573,1.06573,890,2.94835,33.96,-117.81,2.542
3.7192,36,4.59076,1.06435,792,2.97415,33.81,-117.81,1.077
2.8667,37,3.72264,1.01078,1635,2.78854,34.19,-118.27,1.708
10.8125,17,6.26791,1.02315,786,2.91864,37.77,-121.8,5.00001
6.2185,14,5.87951,1.03204,1551,2.96416,33.98,-118.17,3.521
6.1812,5,7.81762,0.97941,687,2.79094,37.35,-121.96,2.922
5.7152,52,5.28881,1.05878,1031,4.30896,33.95,-118.13,4.838
4.1189,34,5.73882,1.05878,852,2.73716,37.38,-122.28,3.531
6.9708,35,7.28983,0.97978,946,3.97978,33.86,-118.32,5.00001
3.2929,5,5.63935,1.07822,1726,2.29098,33.98,-117.32,2.125
3.7266,28,5.82769,1.05964,1093,2.74169,34.16,-118.09,1.967
3.7333,52,4.83533,0.98273,1271,4.06435,37.76,-122.43,4.851
2.8061,16,4.93531,1.03974,815,2.71913,33.78,-117.06,1.631
6.9194,26,6.83869,0.95865,1083,2.73595,34.19,-118.19,5.00001
2.4226,22,6.81782,1.03979,1453,2.36863,38.42,-121.98,1.902
3.6208,52,5.71181,1.03151,976,3.03839,33.95,-118.47,1.846
5.3201,34,6.29889,1.06852,1238,3.37389,33.97,-118.31,2.958
3.8192,21,5.93562,0.98829,1033,2.85914,34.07,-118.1,2.539
2.9125,27,5.73887,1.06675,1509,3.23456,37.36,-121.68,0.931
3.3625,37,4.84548,1.04931,958,3.56498,37.78,-122.29,2.913
4.3125,39,6.40982,1.05556,1105,4.92436,37.83,-122.41,2.1
2.2038,24,3.96429,1.03786,2052,2.37862,34.18,-118.08,1.936
4.8792,31,5.95821,0.96693,1064,2.69031,37.98,-122.17,1.835
4.6208,24,6.26224,1.0325,719,2.93854,39.26,-121.26,0.938
2.7188,33,5.72282,1.05839,919,2.83954,34.08,-118.45,0.903
5.8266,23,6.3573,1.03852,1074,3.83573,37.33,-122.24,1.822
5.0129,34,6.25983,1.03721,1815,3.08824,34.17,-118.34,1.734
8.2363,52,7.98375,0.96375,1234,2.66984,33.89,-118.24,5.00001
4.5843,29,4.95834,1.03834,934,2.97904,37.57,-122.42,3.721
3.6111,52,5.96713,1.06631,835,2.73465,33.81,-117.9,1.821
1.2531,23,2.73522,0.97743,691,2.81474,32.72,-117.87,1.904
6.0138,43,6.72291,1.13981,752,2.81441,34.02,-117.32,3.832
5.5842,14,5.06586,0.96667,1021,3.91744,34.03,-118.42,2.934
7.4125,15,7.06633,1.02891,1623,2.96729,34.13,-117.96,2.817
3.5194,19,4.96909,1.03819,1730,1.87933,34.03,-119.71,1.935
3.6576,16,4.85745,1.11885,1738,2.94325,33.98,-117.97,1.847
4.5562,19,5.96416,0.95562,1633,3.19229,37.78,-122.15,2.895
7.4231,20,5.72217,0.98893,796,2.79091,37.68,-122.22,3.375
5.7231,33,5.24891,0.98721,1145,2.87947,34.21,-118.19,3.719
3.2056,7,5.20981,1.00894,1445,3.9072,38.68,-122.02,0.898
5.8981,52,6.25442,1.03785,890,2.97468,34.08,-118.42,3.821
3.1438,37,4.87931,1.09733,783,2.90625,34.07,-118.41,1.813
3.907,29,4.71778,1.05879,1335,3.85944,34.07,-118.14,1.853
3.1776,22,4.85208,1.06853,1201,2.98881,37.83,-121.77,1.879
4.7167,23,5.82939,1.09962,1085,2.90814,34.38,-118.26,2.667
4.1783,35,5.72265,1.02079,1719,3.5,32.73,-117.08,1.25
9.0958,16,7.82353,1.01862,905,2.82353,33.65,-117.9,2.813
7.0262,16,7.72256,1.04937,705,2.97438,34.05,-118.1,3.333
6.7167,33,4.81395,1.01091,1073,3.63685,33.73,-118.17,2.955
3.5226,27,5.73789,1.05919,718,3.18862,33.94,-117.94,1.846
3.6821,36,4.93757,1.06928,726,2.71933,33.78,-118.32,1.904
3.6341,15,4.97714,1.04761,874,2.56919,33.79,-118.41,1.822
4.3125,36,4.97917,1.06939,1175,2.83536,34.02,-118.23,3.532
6.1623,40,6.71918,1.01205,712,2.83421,37.31,-121.67,2.907
2.5156,17,4.86727,1.05839,1093,2.85716,37.77,-121.32,1.862
3.4087,35,4.83519,0.97619,793,2.59467,34.02,-118.26,2.531
1.8306,52,3.87931,0.95883,1587,2.93922,33.77,-117.14,0.845
5.0331,22,6.25333,0.97771,846,2.71772,37.34,-121.95,2.143
3.7531,52,4.87917,1.01897,1238,2.86854,37.73,-122.23,1.942
2.7222,36,4.90895,1.09857,1183,3.01981,36.94,-119.99,1.873
2.6154,46,5.1638,1.05878,792,2.50891,32.92,-117.08,2.731
2.5125,52,4.09723,1.03895,1317,3.03935,33.79,-118.29,1.542
3.1284,25,4.85942,1.01052,1313,2.49085,33.86,-117.96,2.632
4.7048,35,7.06819,1.00891,2230,3.25863,34.15,-118.02,2.821
3.4167,14,4.81323,1.07946,959,1.82915,37.55,-121.94,2.821
1.8333,44,3.90892,0.95528,1270,3.92972,32.71,-117.09,0.854
5.1686,28,7.72634,1.05635,1813,3.63685,33.94,-118.11,1.838
7.6308,16,7.03734,1.09813,852,3.03978,37.75,-122.28,2.922
1.8125,25,4.56926,1.17895,851,3.50442,33.68,-117.95,0.722
3.2382,36,5.73932,1.04143,717,2.87944,34.02,-118.38,1.932
4.0338,41,5.96581,1.00227,1630,2.81395,33.99,-118.31,2.619
5.4167,18,5.71787,0.96575,1211,2.63616,34.1,-118.23,5.00001
5.8192,35,6.63978,1.01983,832,2.81115,37.36,-122.35,5.00001
2.2052,22,4.97715,1.01081,859,2.87972,38.54,-121.27,1.966
3.2684,33,5.33571,1.03822,1052,2.81834,37.97,-121.29,2.869
2.0333,52,5.73587,0.97222,1376,2.40556,40.77,-122.35,0.813
4.2453,29,6.83874,0.93874,921,2.80273,33.8,-117.25,1.927
2.7231,16,4.81331,1.02621,1817,3.24897,32.66,-117.97,1.966
2.9708,35,4.71578,1.08721,3221,3.06471,33.84,-117.25,1.941
3.4835,52,5.86941,1.03742,1212,3.86471,33.89,-118.42,1.908
2.8181,17,4.64452,1.04522,890,3.05971,34.09,-118.17,0.854
2.0531,44,4.95532,0.95824,1031,2.73824,37.34,-122.07,1.711
5.8477,33,6.3567,1.07726,1071,2.71673,37.78,-122.43,3.143
2.6106,30,5.92681,1.06938,905,2.96344,32.8,-117.99,1.922
3.1913,52,4.71572,1.08813,661,2.98833,37.32,-122.27,1.907
2.3931,21,2.83922,1.06912,693,2.65861,37.64,-121.99,0.862
1.907,17,4.69062,1.06782,1186,2.83954,33.82,-117.8,0.906
1.9321,17,3.97934,0.95932,1472,2.39076,33.92,-117.99,0.813
6.7125,36,6.50353,1.06682,2381,2.47897,34.03,-117.07,3.625
4.1273,34,6.08737,0.96667,1832,3.24761,34.01,-118.23,1.063
3.5,47,4.71787,1.07872,783,2.80449,34.02,-118.16,2.933
8.0292,35,7.98851,1.07037,971,2.96418,37.9,-122.47,5.00001
5.9667,29,5.62435,1.01091,931,2.81387,34.17,-118.18,2.531
3.9084,25,5.95583,1.06867,872,2.71748,33.96,-117.94,2.812
3.5,18,5.03922,1.03209,885,2.85948,32.93,-116.98,1.938
3.2086,52,4.81771,1.01078,3102,2.55981,32.98,-117.9,2.068
2.7407,33,3.82719,1.02722,687,2.04907,37.38,-122.41,2.904
2.9019,33,4.81395,1.05895,1836,2.58778,34.08,-118.19,1.5
9.5161,26,7.14097,0.97723,741,3.66476,33.97,-117.91,3.948
4.5818,33,5.56667,1.05547,1009,2.78814,34.24,-118.42,3.093
4.0453,18,5.81856,0.97422,1766,2.81364,33.77,-117.93,1.632
5.0966,23,5.53961,1.08889,823,2.5087,33.84,-118.24,2.831
3.7708,24,5.09895,1.05878,783,3.06922,33.86,-118.37,1.843
2.8118,35,5.9078,1.06667,1345,2.50309,34.18,-118.49,1.907
4.7222,17,5.38779,1.07822,1188,2.93855,33.92,-117.87,2.821
2.7958,34,3.81638,1.03932,2032,2.86792,33.94,-117.16,1.908
1.6167,21,4.82295,1.01894,722,2.75462,36.56,-119.84,0.931
4.7019,35,4.84727,0.97411,787,2.73961,34.19,-118.27,2.844
4.7196,26,5.96613,1.06731,3232,2.73563,34.02,-118.41,5.00001
2.8125,16,4.91238,1.04938,2195,3.81659,37.9,-122.31,1.934
3.5179,31,5.83824,1.01195,2131,3.71933,32.81,-117.13,1.636
5.3125,21,5.93733,0.97908,935,2.91733,33.94,-117.92,5.00001
5.6111,37,5.81911,1.00982,1008,3.50761,37.76,-122.02,3.25
5.3618,52,5.83784,1.02333,489,2.84936,34.25,-118.42,3.064
9.7143,18,8.73913,0.98984,1587,2.84441,33.9,-118.35,5.00001
2.1581,39,4.29081,1.01078,1056,2.62211,34.45,-118.38,1.935
1.9125,37,3.81357,1.07934,1765,2.82344,37.57,-122.03,0.722
2.5208,22,4.94476,1.03974,1821,2.60476,32.79,-117.88,1.822
4.0336,22,7.4531,1.00862,1119,2.76635,34.05,-117.32,2.038
4.1929,52,5.38143,1.00952,1019,2.81881,37.8,-122.31,1.722
2.5098,29,4.18667,1.02096,1632,2.93681,38.57,-122.04,0.821
6.1404,20,7.06882,0.94598,2429,2.97931,37.74,-121.45,3.4
3.1388,34,5.28333,1.06933,1252,2.65227,33.99,-117.9,2.208
2.5294,15,4.90782,0.95914,1205,3.94487,34.01,-118.21,2.438
3.8167,17,3.84618,1.01084,1180,1.85795,39.05,-120.97,1.838
2.4863,35,4.81429,1.06729,1476,4.1213,33.93,-118.23,1.879
5.6708,36,5.53329,1.09838,1063,2.50863,37.33,-122.44,2.835
4.0208,25,5.85832,1.06898,746,2.40333,34.21,-118.28,1.566
5.9062,24,5.73823,1.03973,3064,3.75273,34.15,-118.45,2.879
2.0271,20,6.82221,1.00402,853,2.92788,34.02,-117.95,1.902
4.3862,31,5.81665,1.00894,778,3.76629,37.74,-122.37,1.531
3.7708,30,5.93954,1.01101,2135,2.67226,33.92,-117.06,1.721
3.1771,37,5.07882,0.94623,1798,3.08892,34.2,-118.32,2.375
4.2333,13,5.53578,1.09732,1430,3.11861,36.62,-119.22,1.842
3.1532,36,5.96421,1.04548,821,2.81333,37.64,-122.45,1.094
2.8125,28,3.87813,1.07819,953,3.22182,34.05,-118.35,1.625
2.5261,18,4.96422,1.05814,926,2.76616,38.27,-121.41,1.838
4.0369,29,5.81181,1.08935,1149,2.71637,33.91,-118.32,2.814
2.9167,21,5.05317,1.05858,1835,2.56439,37.34,-121.95,1.5
2.7107,52,5.57182,1.0202,896,2.63955,37.76,-122.09,0.938
2.8125,23,4.93898,1.06434,3228,4.18984,33.85,-118.09,2.932
3.7011,52,5.58301,1.00983,1054,3.16991,33.64,-117.86,1.722
7.3083,41,8.16078,0.98854,787,3.24078,33.75,-117.12,3.719
3.5562,52,5.87867,1.07923,539,3.01096,34.16,-118.08,2.542
2.067,33,3.63634,1.00588,2115,3.20894,34.11,-118.43,1.531
5.7167,33,4.90814,1.03796,906,2.78856,33.84,-118.45,3.944
2.0293,32,5.61923,1.00449,653,3.18981,37.64,-121.94,0.979
4.4609,35,4.81365,1.00479,946,2.81821,38.54,-122.21,2.837
3.0208,22,5.97922,1.02678,1548,2.94635,33.65,-118.38,2.895
3.6105,26,4.38981,1.16088,895,4.66444,33.85,-118.13,1.938
3.1278,35,5.83723,1.07826,1397,2.55819,40.82,-122.14,0.926
4.7158,34,5.79327,0.93583,1378,2.82746,37.38,-122.09,1.964
3.8333,23,4.81923,1.03102,1291,1.85618,34.11,-118.23,2.841
3.8125,12,6.76414,1.01054,2122,2.93538,33.79,-117.32,2.091
4.6167,52,5.94792,1.04965,1534,2.83915,33.89,-117.99,1.854
3.7115,29,5.93713,0.96538,1803,2.81219,33.94,-117.18,1.875
4.9063,20,5.81834,1.03898,934,3.83898,34.17,-118.15,2.719
2.5292,34,3.91821,1.11048,1160,3.72685,33.93,-118.13,1.879
4.2487,45,5.49081,0.98814,1833,2.81771,34.02,-118.13,1.073
5.1532,16,7.81742,1.05837,486,2.96423,38.32,-121.23,2.908
3.2083,21,4.85986,1.07923,1232,3.48115,38.34,-121.52,1.923
2.7154,11,4.81238,1.06206,1555,3.11143,36.7,-119.95,0.734
5.9167,52,5.83845,0.98822,952,2.95308,37.92,-122.36,2.979
3.1536,19,5.91746,1.03302,854,2.03878,33.84,-117.95,0.851
3.1621,35,4.91462,1.05851,1530,3.07821,37.57,-121.92,1.943
6.8135,16,6.82318,1.05819,879,2.7085,33.54,-117.98,3.813
4.9063,35,6.10486,1.06878,1182,2.63842,33.9,-117.99,1.902
4.0201,44,5.73721,1.01226,1542,2.97625,34.01,-118.34,2.982
3.6378,36,4.82118,1.05811,1184,2.93467,33.92,-118.35,1.053
2.7541,34,4.81737,1.01077,1223,3.48761,33.95,-117.11,1.919
3.5819,34,4.3544,1.03973,1738,2.73574,33.81,-118.24,1.542
7.75,19,6.96521,1.02787,1676,2.82471,37.97,-122.11,5.00001
3.8125,32,5.78791,0.96778,1407,3.47158,32.76,-117.16,1.856
7.3618,41,7.01389,1.16069,2042,2.76319,33.75,-117.29,2.821
5.2109,8,6.37122,0.98897,1373,2.81367,37.73,-122.19,2.811
3.5333,37,4.9081,1.14081,785,2.63467,37.33,-121.97,0.948
2.6389,17,4.96686,0.97773,3114,3.07738,36.6,-119.28,0.813
4.0117,30,4.44286,1.03921,2121,1.85427,33.9,-117.87,2.5
2.7547,52,4.93738,1.09847,821,2.93523,33.86,-118.34,2.542
2.9062,34,5.28667,1.04976,854,2.95545,33.78,-118.12,1.081
2.8167,52,5.63684,1.01071,1054,3.82722,36.98,-119.21,0.914
4.7167,35,4.71134,1.03741,1098,2.92395,34.47,-118.23,4.935
2.6469,21,4.38333,1.06529,805,3.28333,38.67,-121.84,0.917
3.6111,52,4.78827,1.03841,1571,2.9625,34.05,-118.25,3.056
4.9012,42,5.88571,1.06844,749,2.91344,37.93,-122.09,2.923
5.7308,46,5.92913,0.96732,886,2.81657,33.95,-118.1,2.731
5.4227,36,4.96415,1.08838,1621,2.95738,33.7,-118.31,5.00001
3.8904,10,4.74478,1.12092,1054,2.85786,34.1,-118.38,2.913
4.2052,20,6.83523,1.01984,2326,2.95948,37.96,-122.04,3.919
2.5261,13,4.82721,1.09951,1254,3.25556,34.11,-118.19,1.824
5.9885,37,5.83741,0.94565,1152,3.94834,34.02,-118.21,1.908
2.25,20,5.45263,1.08764,437,2.85883,36.8,-121.96,0.865
2.9838,28,3.86105,1.05811,1417,1.81919,33.99,-118.19,1.856
3.5191,18,5.22507,0.96775,1052,2.76923,34.21,-118.37,1.731
3.4111,36,4.84976,1.06633,782,3.18897,37.69,-122.34,2.531
5.9083,52,6.54761,1.05716,1245,2.87913,33.78,-117.08,2.821
2.5074,19,3.90741,1.10654,959,2.81331,38.28,-121.89,1.788
6.5331,14,7.36216,1.1074,2028,3.92881,37.76,-122.17,5.00001
2.5894,38,3.84526,1.13153,571,2.97615,37.34,-121.99,1.814
2.0643,17,3.93731,1.03731,2620,2.92373,33.94,-118.12,1.822
1.6622,37,4.6896,1.05816,872,2.93767,32.81,-117.78,0.991
3.0703,13,5.16076,1.06421,3115,2.78856,36.6,-121.44,0.788
2.9076,43,4.95815,1.13231,1940,2.48111,38.66,-121.84,1.831
5.2322,35,5.90793,0.90898,507,2.81639,33.22,-118.45,2.979
1.8333,16,5.92373,1.06432,1002,2.63422,38.37,-121.96,0.907
2.5,22,3.94623,0.95931,1238,1.97907,34.06,-118.24,1.922
2.0341,33,3.92988,0.97938,752,3.23457,33.79,-118.11,1.841
5.3561,20,5.4814,0.97946,941,2.81322,37.37,-122.21,2.741
2.1598,43,3.04941,1.06697,957,2.25986,34.12,-118.34,3.813
3.9333,37,4.85873,0.93883,1787,3.40333,34.17,-118.44,2.719
3.0673,24,4.86518,1.03857,1160,2.79438,33.89,-118.15,1.838
2.5542,22,5.07917,1.03785,1525,1.81464,32.74,-117.27,0.766
4.1879,26,4.73594,1.04935,1583,2.87846,34.05,-118.04,3.726
3.1706,33,4.75263,0.96696,853,2.76664,34.19,-118.22,1.929
5.9069,27,5.07874,1.06329,1320,2.86327,34.23,-118.22,2.734
2.1819,16,4.74462,1.05895,1141,1.91892,34.02,-118.26,1.924
3.1576,23,5.84593,1.02545,1145,2.83885,37.95,-122.44,2.964
2.9386,18,4.88143,1.03898,879,2.49097,37.95,-121.35,1.844
4.4587,30,5.59077,1.05025,1146,2.83532,33.94,-118.32,2.719
5.0285,25,6.15894,1.08524,1390,3.95908,36.56,-119.03,2.521
2.7586,25,4.05847,0.98826,664,2.91918,33.97,-117.68,2.621
2.3188,35,4.09852,1.09865,2860,2.72436,38.35,-122.38,1.965
6.4389,52,5.93583,0.95918,1231,2.92946,37.61,-122.06,2.812
3.9355,36,5.82373,1.15981,465,3.3431,36.63,-119.23,0.833
4.5132,28,5.08731,1.09734,1272,2.81119,37.78,-121.86,1.813
2.3125,37,4.98868,1.11452,983,2.66159,34.1,-118.15,1.766
2.3875,26,5.88791,1.02977,791,2.85413,36.54,-119.83,0.764
3.7188,35,4.90323,1.03974,1555,2.81332,34.09,-118.42,1.838
2.7813,41,4.76917,1.05634,882,3.08873,32.84,-117.26,1.531
2.8187,39,4.81785,1.09879,531,2.60398,35.51,-119.86,1.821
5.0563,28,5.73565,1.08988,678,2.81857,37.8,-122.47,2.832
15.2049,33,8.87854,1.04973,1396,2.90718,33.77,-117.96,5.00001
5.1955,36,5.83833,0.93932,922,2.97931,37.92,-122.42,2.857
3.6125,15,7.92314,1.08734,795,2.95583,33.78,-118.09,1.531
4.0189,32,5.83861,1.08743,3221,2.56961,34.09,-118.2,4.845
3.1056,16,4.35982,1.1142,1291,3.1413,33.78,-118.4,1.732
2.8235,23,3.96603,1.06764,971,2.44706,37.8,-122.08,1.637
4.9603,25,5.95593,1.10659,1291,3.61138,33.87,-117.07,1.914
7.5292,24,6.81345,1.03308,1222,2.7419,37.66,-122.45,3.621
5.9016,21,6.26196,1.06957,1065,3.39074,34.01,-118.07,1.531
3.8158,52,4.87923,1.00704,1173,2.78778,33.92,-118.05,1.894
2.7,41,4.83925,1.06923,621,2.72295,37.36,-122.32,1.739
3.1281,21,4.09814,0.94327,1063,3.04957,34.04,-118.3,1.921
3.0542,29,5.93417,1.04907,1267,2.38172,40.62,-122.41,0.922
3.5208,16,5.96582,1.03713,1078,4.09821,36.32,-119.31,0.843
5.1383,26,6.24761,1.01963,1519,3.44368,34.06,-118.41,2.639
4.0361,24,5.96638,1.03939,2596,2.92657,34.15,-118.26,1.732
3.7159,52,4.53434,1.02852,1835,3.82916,33.97,-118.29,0.922
4.2022,32,5.73578,1.09965,1852,2.73919,37.82,-122.13,1.865
2.6975,50,5.06834,1.11571,871,2.6422,37.76,-122.22,1.539
4.4125,21,5.28286,1.09735,1530,2.93906,34.23,-118.37,1.914
3.7152,32,3.76467,1.05871,959,2.69388,38.3,-122.03,1.938
3.2094,52,4.47446,1.09931,1245,2.76921,37.99,-122.01,2.984
2.3942,32,4.66758,1.06882,692,2.66758,33.82,-117.86,1.813
2.75,52,4.93905,1.0375,1083,2.39078,37.31,-120.48,0.854
5.0208,18,6.15354,0.93562,1615,4.03941,37.73,-122.14,2.087
4.8132,35,6.73541,1.06894,1730,2.96492,33.86,-118.18,3.719
3.8152,23,5.91432,1.04778,1082,2.91767,37.64,-122.21,4.721
4.3125,15,5.56976,1.04934,1146,2.4944,37.98,-121.99,1.054
5.9082,33,5.65442,0.94837,2726,3.93533,33.93,-118.43,3.738
3.6583,44,4.71621,1.01071,743,2.89715,33.88,-118.13,2.955
2.1689,20,5.73538,1.03715,1783,3.19094,38.25,-121.94,1.937
10.4561,29,7.73581,1.05719,1412,2.85775,33.94,-117.09,5.00001
6.6378,52,5.03923,1.04495,1182,3.82913,33.91,-117.17,5.00001
2.5,9,5.81392,1.03928,489,2.81682,36.9,-119.98,0.824
4.7179,36,4.97967,1.06836,846,3.89816,37.94,-122.23,2.619
2.8462,52,3.85916,1.09719,2062,2.95521,34.03,-118.21,2.875
4.0352,52,5.89526,1.03744,1771,2.81429,33.96,-117.96,1.818
3.2083,35,4.48984,1.06837,2542,2.91744,33.98,-118.34,1.858
4.7158,17,5.91738,1.03226,1149,2.84617,33.85,-118.14,1.926
2.6708,25,4.87855,1.03922,879,2.74214,33.91,-118.14,0.822
2.1398,16,3.72771,1.06921,1094,3.34656,33.88,-117.85,1.75
2.3167,22,4.96436,1.04937,2423,2.63636,37.65,-122.13,1.935
2.8333,46,5.27863,1.06567,1852,2.73785,36.69,-119.92,1.856
5.2425,36,5.82298,1.01098,1353,2.84612,37.6,-122.19,2.854
5.2866,50,6.93939,1.07871,1473,2.73531,34.03,-117.81,2.353
1.3904,35,4.18091,0.91321,2115,2.36364,34.04,-118.23,0.813
4.8125,52,6.92938,1.03783,1267,2.91465,38.73,-121.68,1.821
5.5343,26,5.94486,1.08856,1162,2.73723,34.21,-118.01,3.079
2.8333,13,4.82953,1.03761,1835,3.53922,33.89,-118.46,1.75
5.6196,52,6.08455,1.09735,533,2.92633,34.12,-118.23,2.919
3.5975,28,5.72731,1.13071,1179,3.82453,33.75,-117.91,2.531
2.9086,36,5.91706,1.08521,782,3.03856,33.96,-118.35,0.935
3.0473,26,4.93393,1.05919,1232,2.93521,33.95,-118.42,1.822
5.9338,52,6.05854,1.10984,865,2.92954,34.32,-118.28,2.922
2.4167,35,3.70863,1.00894,1055,2.91471,34.22,-118.23,1.856
4.1685,44,5.84934,1.0059,1207,3.18385,34.1,-118.25,1.917
6.2297,9,7.78814,1.09721,811,2.71183,33.99,-118.44,3.917
4.8385,26,4.81465,1.04329,1365,2.83931,37.36,-122.32,2.875
3.5226,18,4.76938,1.03913,1530,3.07934,33.91,-118.46,1.721
2.1605,15,4.91922,1.17042,1683,1.92453,34.16,-119.82,1.819
2.4556,24,4.94426,0.94617,471,2.90882,34.02,-118.25,2.043
6.0491,30,6.38143,1.00894,1554,2.71613,37.77,-122.1,3.923
3.3867,13,4.98848,1.04948,2615,3.22962,34.09,-118.26,2.086
4.0786,19,5.10863,1.06589,955,2.49442,33.96,-117.03,2.079
4.4094,31,5.03879,1.09917,783,2.84959,37.65,-121.86,2.731
2.0365,26,4.81385,1.06692,1435,2.92431,33.86,-117.35,1.099
2.6889,35,3.81314,1.06619,1560,1.96432,37.95,-122.09,1.845
5.5343,30,5.97762,1.06771,1278,2.71595,37.85,-121.92,2.929
3.7563,41,4.89727,0.97793,746,2.94624,34.02,-118.32,2.844
6.1783,33,7.86825,1.15882,1284,3.07935,37.79,-121.88,4.854
4.9063,52,5.86678,1.06721,1691,2.56426,33.94,-118.23,1.858
4.5156,36,5.96545,0.96308,1621,2.75348,37.57,-121.34,2.161
3.5594,35,3.87914,1.04902,1017,1.97914,34.09,-116.88,1.717
3.5208,35,5.91821,1.06582,589,2.81221,33.81,-118.07,2.826
2.6926,18,5.93462,1.06531,1373,3.91904,37.31,-122.21,3.879
2.9833,16,3.59071,1.06964,1035,2.63416,33.77,-117.97,1.813
1.7306,20,4.82296,0.97746,734,2.92871,38.67,-122.02,0.976
3.7222,52,5.58143,1.10588,846,2.92905,32.79,-117.96,1.841
2.6593,35,4.39452,1.05143,1595,4.23894,33.93,-118.37,1.844
4.6107,32,6.81253,0.95973,783,2.52798,37.32,-122.38,2.842
2.0914,31,4.92634,1.03829,1359,2.91313,33.85,-117.89,1.208
4.25,32,5.50984,1.04708,1237,2.71186,33.95,-118.23,1.832
6.0182,52,5.20891,1.08824,1379,2.94583,33.93,-117.24,3.835
3.1287,19,5.2715,0.93619,878,4.24791,33.85,-118.24,1.932
5.0203,36,5.63692,1.07938,1095,2.99863,37.68,-121.96,2.621
5.7102,22,6.07324,1.07857,1052,3.17069,34.1,-118.32,4.531
4.0352,9,5.76413,1.06594,1814,4.03778,37.72,-122.27,2.634
3.1775,21,4.83813,1.03232,2190,2.86833,32.82,-117.97,2.621
1.8571,15,5.91392,1.07846,1072,2.99392,38.13,-121.79,0.938
2.7107,7,4.93691,1.03742,865,3.59097,37.55,-122.45,1.813
9.8125,14,6.25982,1.05834,1231,2.51983,34.1,-118.23,4.926
7.0402,38,6.25462,0.93919,1041,2.99364,33.81,-118.22,5.00001
2.9792,21,5.81236,1.01081,572,3.93856,38.36,-121.27,1.945
3.2056,13,4.34353,0.91821,1192,2.70336,34.23,-117.24,1.812
2.5146,26,5.35761,1.06829,1487,2.99079,33.92,-117.91,1.231
4.6227,16,5.49462,1.00891,1419,2.75882,33.9,-118.43,1.719
3.7184,43,5.73851,1.03851,1590,3.62442,37.77,-121.85,0.719
2.8125,34,3.81654,1.01051,817,3.71134,33.98,-117.9,1.739
3.0348,35,4.83418,1.05814,1065,2.95563,34.21,-118.32,2.531
5.4096,30,6.91733,1.07831,1805,2.81456,37.64,-122.44,3.818
3.2883,31,5.89832,1.07881,1245,3.10761,34.1,-118.32,1.918
3.5179,52,4.93691,1.00659,1051,2.68891,34.23,-118.04,2.161
5.6708,52,5.68182,1.058984,2155,2.56154,33.87,-118.15,2.821
2.5208,26,4.56939,1.0315,2190,3.17058,38.68,-122.31,1.938
3.2596,36,4.83731,1.01097,1686,2.96486,34.15,-118.23,1.964
4.8167,25,5.81536,1.04965,671,2.54219,37.78,-122.38,2.531
2.0292,36,4.81821,1.03962,1817,2.93585,37.69,-122.27,0.965
3.5882,52,5.79081,1.03714,1065,3.54375,33.92,-118.33,1.532
3.2105,36,4.93821,1.07831,611,2.88344,37.34,-122.27,1.814
5.8117,46,5.56638,1.02118,1434,2.96444,34.1,-118.31,3.715
2.6723,42,4.89087,1.01984,685,2.84914,33.84,-117.09,1.638
3.0331,52,5.09936,1.0314,938,2.81341,33.92,-118.17,1.711
3.7167,18,4.87426,1.05818,717,4.49081,37.67,-122.11,2.723
3.1408,32,5.81319,1.03797,1489,2.97433,35.19,-119.95,0.827
1.9824,34,4.89071,1.09632,787,2.79074,37.39,-121.96,0.948
4.4873,33,5.9076,1.04941,1525,3.45962,34.21,-118.34,2.078
2.4538,33,4.81835,0.93567,2526,3.06892,34.04,-118.28,1.869
2.4107,22,4.37143,1.01791,971,2.61908,37.99,-122.31,1.938
3.5567,43,4.71783,1.13881,1587,2.57154,34.19,-118.21,2.066
3.5194,29,8.51983,1.07895,1455,2.94498,34.16,-118.14,1.907
10.3302,16,7.71685,1.06794,2086,2.76203,33.73,-117.16,5.00001
2.2957,18,5.93645,0.95883,632,2.84718,35.18,-119.96,0.938
3.1852,13,5.08895,1.03791,1292,3.08692,33.89,-117.86,1.839
5.8571,39,6.3682,1.04934,2971,2.9817,33.93,-118.43,2.738
2.2098,19,5.85962,0.94789,826,3.13667,37.83,-122.3,1.079
7.4667,17,6.81181,1.07964,821,2.81315,33.81,-117.25,4.922
2.2426,35,3.92687,1.03982,631,3.63869,37.75,-122.36,1.831
4.5084,36,5.28667,1.02261,1782,2.90893,34.35,-118.28,1.738
2.6787,36,4.75882,0.99062,859,2.95867,34.23,-118.21,1.625
4.2176,19,5.93556,1.09721,1332,2.94744,33.89,-117.92,1.922
2.8984,47,5.93922,0.99058,1052,3.90418,34.1,-118.3,1.813
4.5521,33,6.83745,1.08735,3611,3.81366,33.89,-118.32,1.918
2.9081,32,5.1484,0.96418,835,3.0415,32.68,-117.25,1.974
1.3581,26,3.8761,1.00761,704,2.63631,34.21,-118.18,1.056
1.3521,52,4.73919,1.078761,972,2.81181,34.05,-118.31,1.836
7.7234,16,6.81315,1.05854,915,2.38795,33.86,-117.97,4.821
6.1938,13,6.86938,1.03779,1392,2.81366,38.12,-121.86,2.858
1.5179,35,4.97935,1.02453,476,2.5562,32.8,-117.93,0.813
2.6107,35,4.59395,1.03819,2042,2.93522,36.72,-119.32,1.817
2.9306,16,5.06826,1.08556,1605,2.74321,33.79,-117.89,1.732
1.862,30,2.83863,1.09721,945,3.83513,38.65,-122.47,0.878
2.3906,36,4.93583,1.06581,852,4.61922,34.12,-118.31,0.846
2.6011,25,3.7085,1.06729,791,2.97964,32.88,-117.99,0.979
4.8117,37,6.73587,0.98898,871,2.97934,37.77,-122.25,1.819
3.0208,52,4.85832,1.05879,1210,2.79387,34.01,-118.38,2.532
2.8295,18,5.3389,1.09632,1245,2.85781,33.99,-117.09,1.955
2.6191,19,5.84486,1.09878,905,2.82331,37.67,-121.94,0.924
4.3542,17,6.38606,1.07819,2073,2.83394,34.25,-118.16,1.832
2.6208,18,5.82292,1.06633,2765,2.83595,32.84,-117.93,1.625
3.6167,35,5.48962,0.91321,1038,3.57983,33.7,-118.3,1.813
2.8286,21,4.95986,0.91276,676,2.76415,38.31,-121.92,1.531
5.5221,22,6.91938,1.03379,1372,2.78364,37.64,-122.39,2.932
2.5885,17,5.77216,1.04527,1256,2.83938,36.96,-119.29,0.923
3.5208,32,5.01209,1.01209,1135,2.63472,34.06,-118.31,2.531
5.9406,22,6.39429,1.01092,909,2.85722,37.34,-122.08,2.735
1.7071,26,2.95226,1.07934,1422,1.95582,37.32,-121.78,0.858
3.5551,52,5.98813,1.09054,1322,2.65882,33.88,-118.3,1.862
3.1476,16,5.27891,1.06531,749,1.93754,38.34,-121.88,1.922
1.4893,22,4.83632,1.06835,776,3.00981,34.09,-118.27,0.946
3.7111,36,5.73213,0.95813,904,2.92934,33.89,-118.06,3.933
2.7233,34,4.56619,1.07834,1051,2.91468,34.02,-118.15,1.723
3.7514,52,4.96538,1.05854,821,2.71902,33.92,-118.21,1.906
5.2378,18,5.90876,1.09904,876,2.49442,34.07,-118.33,5.00001
1.6111,21,4.94715,1.04926,1595,5.05979,33.77,-118.19,1.938
2.9063,26,5.91382,1.06534,1556,3.06534,36.75,-119.38,0.542
2.3961,17,5.68143,1.02049,1211,2.44647,38.36,-121.89,1.719
8.2532,20,7.93884,1.09746,862,2.93918,34.07,-118.04,4.75
4.0361,52,5.56715,1.03814,2176,2.74438,34.05,-118.44,2.842
6.7117,33,5.82746,0.97913,811,2.92746,34.08,-118.02,5.00001
3.7226,49,5.09639,1.03876,1182,3.15862,33.87,-117.88,1.913
5.5194,52,3.71138,1.078984,795,1.92662,34.19,-118.01,3.852
3.5227,37,4.92398,1.04216,1630,1.91819,33.93,-117.91,1.898
3.8125,21,5.84743,1.05854,931,2.87843,33.79,-118.45,1.722
2.2854,37,4.18571,1.09813,856,3.07854,37.78,-122.29,5.00001
4.0083,36,6.91415,1.03815,905,3.63423,34.14,-118.2,2.821
5.2382,52,5.18894,1.08895,551,2.91891,34.17,-118.19,3.928
5.3033,10,6.89816,0.93465,673,4.20588,34.1,-119.96,2.929
7.7111,19,7.00963,1.08722,2569,3.73461,34.19,-118.35,2.722
2.5491,36,4.39881,1.09063,749,2.94713,33.95,-118.21,1.823
3.5226,14,5.63741,1.05731,917,2.86584,32.73,-117.86,1.813
3.0962,20,6.16256,1.04923,1630,2.81948,33.97,-117.07,2.715
1.5262,27,4.94541,0.91814,857,2.93782,33.63,-117.93,0.719
2.0534,30,4.87813,1.07722,1652,3.73781,37.77,-122.25,0.819
3.0815,42,4.89071,0.97744,1791,3.90725,33.94,-118.22,1.922
4.079,17,5.81441,1.12102,588,2.89723,37.35,-122.46,2.928
4.7308,37,4.72382,1.12098,2083,3.06735,33.88,-118.13,1.818
2.6789,52,4.77444,1.06541,2062,2.93598,37.56,-122.44,0.932
1.8193,10,6.38385,1.13881,1349,3.78818,33.96,-117.99,0.857
2.8348,52,6.03986,1.05832,1786,2.86715,38.33,-121.61,0.854
5.2861,16,5.05847,1.05895,1486,2.93719,37.79,-122.15,2.817
2.6585,36,4.91798,1.06882,751,3.95873,34.23,-118.3,1.871
7.1831,35,7.92432,1.01981,488,2.93213,34.14,-118.1,2.531
4.8667,34,3.73522,1.04938,1065,2.94614,34.19,-118.18,2.932
4.0354,33,4.83692,1.03932,831,3.76478,33.88,-118.31,2.788
1.8986,48,3.82713,1.05821,1479,4.23953,37.64,-121.99,0.621
5.037,29,5.38261,1.0049,1679,3.06465,33.81,-118.42,2.934
3.5221,52,5.86521,1.06583,1789,2.85621,33.92,-118.31,1.721
3.9387,52,6.72675,0.98923,711,3.09914,39.04,-121.27,1.841
4.9231,37,5.83746,1.11011,1232,3.07904,33.8,-118.2,3.939
4.1933,52,5.15659,1.03718,1235,2.38982,33.99,-118.34,1.846
4.038,15,5.81851,1.06621,1613,3.36881,33.71,-117.95,1.906
2.0917,52,3.94467,1.05742,1230,2.90898,34.02,-118.24,1.935
5.2684,22,5.10263,1.06612,1587,2.76426,37.84,-122.02,2.946
4.1261,36,5.27485,1.05921,953,4.17982,34.17,-118.09,1.955
1.7933,33,3.83632,1.03931,1831,3.73523,36.72,-119.09,0.824
2.9167,35,4.81618,0.93979,1584,3.83513,34.1,-118.15,1.625
2.9286,27,4.28182,1.02064,1004,3.05841,33.79,-118.11,1.831
3.7223,40,4.95883,0.97231,856,3.91337,37.77,-122.28,1.542
7.6389,37,7.13897,1.07922,1119,2.71921,34.15,-118.11,4.813
2.3957,52,5.97917,1.08766,1345,2.94475,37.56,-121.92,0.908
3.5111,22,4.81857,1.062,861,3.81181,34.05,-118.22,1.821
5.7266,19,5.23897,0.96465,1086,3.73568,37.8,-122.27,2.865
2.9167,36,5.81251,0.92272,1489,2.89817,37.7,-121.96,1.879
4.7184,27,5.96667,1.06833,1207,4.36333,40.63,-124.29,0.634
3.0208,36,3.97333,1.03743,811,2.89078,34.17,-118.2,1.814
2.3562,36,3.99062,1.05634,1084,3.36862,37.79,-122.22,1.898
2.5,31,5.89722,1.12069,1371,3.16255,38.43,-121.97,0.848
3.6028,36,6.16069,1.03782,906,2.87976,33.64,-118.43,1.922
7.1387,36,6.73831,1.00449,1466,2.68556,34.14,-118.41,5.00001
1.7194,44,4.84311,0.98892,551,2.82396,34.12,-118.35,1.741
6.8118,36,6.94619,1.09902,904,3.29792,32.71,-117.08,2.821
3.5172,48,5.88981,1.09901,1792,2.63973,37.37,-122.22,1.721
2.6681,35,4.96442,1.02617,1131,3.73926,33.86,-118.22,1.521
4.0354,35,5.97614,1.03894,1789,3.84619,33.89,-117.15,1.935
2.7222,27,5.81657,1.15385,1735,2.5087,37.65,-121.89,0.965
4.0189,15,4.85952,1.00862,1066,2.38952,34.07,-118.18,3.735
4.8125,36,4.83863,1.00891,683,2.90614,34.14,-117.27,2.814
6.9238,36,7.09619,1.04853,1526,3.81882,33.78,-117.15,3.979
3.5111,24,5.14791,1.0332,597,2.50227,38.34,-120.67,0.917
6.7203,10,6.15263,1.03738,1556,2.37333,38.03,-121.86,2.531
2.6587,32,4.84792,1.04838,918,4.04208,33.94,-118.36,1.918
2.2096,18,4.03836,1.03836,1035,2.83933,39.37,-121.47,0.955
1.9074,18,3.67143,1.10556,1062,2.93483,36.73,-119.06,0.811
3.5262,34,4.33333,1.03895,1489,2.84432,33.94,-118.32,1.913
3.5,36,4.95871,1.03937,1159,2.62471,33.78,-117.09,1.739
2.5948,52,4.03714,0.97912,1421,2.50952,37.98,-122.35,2.818
4.1551,25,5.03966,1.03966,1257,3.82481,37.82,-122.43,3.621
5.7194,37,5.62423,1.06829,2693,2.67111,34.22,-118.2,2.813
3.5196,39,5.90797,0.96798,1053,2.83573,33.88,-117.19,1.852
6.1406,19,6.07878,1.01072,1835,2.89521,34.03,-117.09,2.926
4.7107,25,5.03933,1.08734,1689,1.92298,37.94,-121.83,1.832
1.9875,26,4.81319,1.03978,1046,2.90898,36.81,-119.31,0.831
2.099,47,5.96776,1.04917,952,2.60385,35.37,-118.18,0.936
2.8982,32,4.39891,2.20588,1521,2.93687,32.9,-117.82,1.622
4.0993,52,4.72635,0.97436,934,3.03962,36.6,-119.62,0.965
5.2561,16,5.81619,0.97633,3534,3.34331,33.89,-117.97,2.923
8.2985,50,6.86545,1.0413,1319,3.03762,34.04,-118.2,5.00001
12.3794,42,7.81835,1.05722,1291,2.43701,37.92,-122.3,5.00001
5.7029,20,6.78462,1.13171,607,2.74943,37.72,-121.27,1.054
2.8333,24,4.92295,0.92295,917,2.92295,37.65,-122.26,1.531
1.9792,36,4.84898,1.06922,835,2.86122,37.9,-121.94,0.924
3.7205,52,5.84886,1.09741,1565,2.53936,37.79,-122.21,2.837
4.5208,52,5.93687,1.08724,1775,2.82876,33.94,-118.23,1.091
2.9083,29,3.38286,1.04452,1091,3.84715,32.78,-117.81,0.831
2.3874,17,4.90815,1.05852,586,2.72614,37.54,-121.92,1.922
5.5208,22,5.96594,1.06594,867,2.76682,37.94,-122.17,5.00001
5.1815,28,5.03879,1.00791,922,2.84485,33.93,-117.13,2.037
4.0385,36,5.92479,1.09621,1639,3.87621,34.02,-118.11,1.926
2.8188,15,4.81815,1.15962,2062,1.95727,33.88,-118.19,1.904
3.1803,27,5.57891,1.05878,829,2.36556,37.55,-121.96,1.732
5.1762,32,6.81921,0.9917,1371,3.03844,33.92,-117.86,1.821
4.7011,18,4.81515,0.97726,531,2.89344,33.75,-118.41,1.824
3.0352,26,6.45263,1.06417,1382,3.06667,34.24,-118.32,1.819
10.8132,28,7.09732,1.03867,1335,2.82737,33.76,-117.97,5.00001
4.1908,35,5.93673,1.03871,1803,2.91294,34.17,-118.31,1.056
2.7386,37,4.60227,1.13892,1065,3.18062,34.23,-117.32,1.521
2.7816,32,3.92354,1.13881,1342,1.96417,33.76,-118.08,2.539
1.9292,25,3.95895,1.02929,796,3.088981,33.84,-117.9,0.843
6.9078,52,6.08721,1.07716,1174,2.96738,33.91,-117.79,3.621
2.5565,26,5.07906,1.17474,1273,2.82631,36.72,-119.62,0.964
4.0303,24,5.25806,0.96411,781,2.87951,37.69,-122.08,2.811
2.7194,24,3.81829,0.93857,2485,2.78571,33.98,-118.24,1.831
2.6359,37,5.37161,1.09824,859,2.93542,37.96,-122.42,1.25
6.2774,26,6.96468,1.09852,792,2.93787,32.8,-117.88,1.811
2.2489,37,3.83885,1.098982,1291,2.73902,38.25,-121.35,1.914
1.7111,16,4.81656,1.03938,562,2.79078,37.56,-121.85,0.822
2.907,39,6.93469,0.92468,823,3.94472,38.32,-122.48,1.375
4.2371,21,4.87915,1.05818,1212,2.94743,37.34,-122.04,2.75
2.939,22,4.73815,1.09521,1173,2.73551,33.9,-118.35,1.532
3.2561,52,5.81629,1.03879,746,2.78823,33.79,-118.43,0.898
4.8983,52,5.03734,1.03205,926,1.98893,37.88,-122.03,2.965
3.6361,33,4.23981,1.03931,1130,3.83651,34.03,-118.31,2.721
2.2733,52,4.91904,1.05521,1333,2.40891,34.15,-118.11,1.715
2.2791,21,4.84526,1.06867,805,2.81251,32.84,-117.32,0.818
4.3138,36,4.95716,1.05621,1592,2.83523,33.74,-117.94,2.25
3.7355,12,5.87908,0.96563,2056,2.83483,36.96,-119.31,0.872
3.7231,52,5.80863,1.06624,1746,4.81276,37.95,-121.95,1.633
2.9238,22,5.56914,1.06895,1061,3.12894,37.74,-121.98,0.719
2.5131,20,4.54315,1.00963,965,2.7097,34.22,-118.01,1.852
4.8208,18,5.85732,1.04134,1138,2.83921,34.2,-118.14,4.543
2.9073,39,4.95715,1.06814,941,3.15761,33.76,-117.87,1.924
2.8125,8,4.91595,1.0313,2472,3.14095,33.97,-118.28,1.841
1.5179,29,4.47981,1.05822,1461,2.82263,35.13,-119.31,0.979
4.0673,52,4.91459,1.12172,1467,3.82767,37.33,-122.08,2.1
4.6845,10,6.23961,1.03834,1385,3.30985,33.7,-117.31,1.823
2.6286,34,4.98821,0.97723,1692,2.74219,37.79,-121.45,0.735
3.9226,36,5.9881,1.06686,1322,2.81467,37.37,-121.92,1.832
4.2633,52,5.90675,1.09621,1749,2.61933,37.97,-122.21,3.967
4.6883,18,4.94455,1.12095,1601,2.73529,37.78,-122.16,2.625
8.8125,52,8.35556,1.03873,1468,2.83842,33.8,-118.12,3.955
5.9125,15,6.93563,1.03913,1773,2.38951,36.97,-119.97,1.852
2.5491,26,5.89519,0.96682,1010,2.74954,36.76,-119.86,0.867
2.7881,35,4.81341,1.08722,1219,2.88224,37.9,-122.06,1.819
2.4188,37,4.83719,1.11111,2311,3.4937,37.55,-122.01,0.731
2.7306,37,4.63729,1.01057,973,3.13179,33.88,-118.18,1.843
7.5152,13,7.18862,0.95938,3235,3.72619,33.89,-117.11,3.731
2.1576,36,5.16059,1.05984,781,2.91906,37.8,-122.08,1.908
2.8185,35,5.09908,1.03393,1563,2.81344,34.06,-118.32,1.563
3.2038,37,5.78982,1.10982,1054,2.35227,34.38,-118.44,2.722
4.1571,25,5.72215,1.03934,2631,3.04915,34.04,-118.23,1.904
4.9667,22,6.85932,1.00936,835,2.86532,37.54,-121.45,1.879
2.5525,47,3.81774,0.95585,696,3.50961,34.22,-118.26,1.873
4.4389,22,5.82761,1.01862,723,2.81633,32.78,-117.21,1.842
2.8034,16,5.83213,1.08723,489,3.81148,34.47,-118.23,1.819
2.5306,36,5.07819,0.98551,1660,2.81818,33.85,-118.29,1.619
4.8125,33,5.18333,1.03865,787,2.82433,37.76,-122.24,2.038
3.6434,17,4.63944,1.08621,935,3.33333,34.07,-118.34,2.821
3.1876,32,4.93898,1.05819,1520,3.30991,34.26,-118.23,1.817
3.8229,16,5.98813,1.07539,1096,2.81579,33.32,-117.91,2.946
1.9708,38,2.81823,1.03896,2041,3.95886,36.8,-119.22,0.906
6.3077,23,6.16991,0.94513,2455,2.4513,37.72,-121.42,3.531
3.6361,25,4.82463,1.06964,1132,4.07832,34.05,-118.45,1.831
5.8208,22,6.03884,1.03884,794,2.94487,33.93,-117.09,1.944
2.7103,29,3.81907,1.05831,1296,2.86329,33.73,-118.32,1.832
4.1744,33,5.87948,1.04918,672,2.84583,33.92,-118.35,2.973
2.2423,38,3.81938,1.03333,1609,2.7062,34.17,-118.29,1.854
3.3125,17,4.57313,1.07722,1530,2.81735,34.19,-117.04,1.813
4.0208,13,5.58211,1.03885,1363,2.67429,34.04,-117.28,2.3
4.8348,29,5.09872,0.97786,811,2.61919,37.37,-121.98,2.5
6.6111,24,6.84743,1.06846,3114,2.74433,33.87,-118.15,3.922
6.1908,46,5.80208,0.9761,873,2.8625,33.92,-118.34,2.836
2.2893,41,3.82328,1.06633,1014,2.81534,37.35,-122.16,1.732
3.6111,52,5.24071,1.07813,1254,2.96416,34.1,-118.02,1.878
2.5782,34,5.93322,1.03942,5962,2.83534,34.18,-118.15,1.862
5.2574,52,6.85785,1.06715,1278,2.65385,33.96,-118.22,2.895
4.3181,42,5.4762,1.09852,843,2.95814,33.88,-118.16,1.814
4.7196,52,5.72428,1.01097,1182,2.90625,37.79,-122.21,1.813
1.8125,32,3.93918,1.03784,1523,2.81554,33.93,-118.46,1.965
4.7115,33,7.73878,1.06423,926,2.81285,33.93,-118.2,3.818
2.6033,36,5.17078,1.06936,855,2.97921,37.73,-122.02,1.188
3.5357,17,5.89739,1.01205,392,2.82897,33.89,-117.99,1.841
4.3143,24,5.71742,0.98319,1095,2.83784,34.06,-118.29,1.743
2.1683,52,5.83582,1.06874,1014,3.30385,38.58,-121.82,1.871
4.2553,21,5.48333,1.05333,1523,2.84431,34.03,-118.3,3.1
6.3662,5,5.91387,1.03306,1074,2.89721,34.26,-118.32,3.813
3.2781,42,4.83942,0.97452,1739,2.91258,33.91,-118.19,2.531
2.7583,37,2.79081,1.06533,690,2.95528,34.05,-118.3,1.854
2.907,7,5.73931,1.02176,1140,2.57017,36.54,-119.22,0.934
3.5221,15,5.27571,0.99792,1636,2.97917,38.52,-121.65,0.857
1.2038,23,3.87933,1.06945,1345,1.95941,37.77,-121.98,0.854
2.0331,43,5.38667,1.10963,1119,3.06684,34.08,-118.2,1.984
7.1322,41,7.37017,1.09871,1365,2.88596,37.96,-122.25,3.531
4.3576,14,6.81215,1.06431,1030,3.56631,33.96,-118.12,1.078
3.7232,42,4.83742,1.03839,1287,3.92287,37.86,-122.42,2.821
7.5284,12,7.53934,1.00897,721,3.13111,33.87,-117.8,3.667
6.3131,16,6.05835,1.05835,723,3.53919,33.84,-117.04,2.817
2.4281,23,4.23897,1.02376,1795,2.81873,37.88,-121.97,0.937
4.2618,17,5.82797,1.12081,3822,3.07867,38.41,-122.1,1.907
4.7226,30,5.94471,1.03871,954,3.08273,34.04,-118.05,2.622
5.6353,32,6.81345,1.05913,652,2.92416,34.13,-118.52,4.039
5.0385,43,5.35962,1.04939,1223,3.39405,37.79,-122.34,3.724
5.8167,17,6.81773,1.00446,1339,2.75143,34.18,-118.17,2.735
3.2901,33,5.96582,0.94775,988,3.07898,33.99,-118.4,1.096
4.0973,18,5.09836,1.03771,437,2.91284,33.73,-118.35,2.834
3.5184,16,4.73571,1.01058,1279,3.91903,32.76,-117.88,1.746
2.5227,36,5.08731,1.07823,846,3.4186,37.39,-122.29,1.087
2.0658,46,3.81883,1.03593,1332,2.95561,39.54,-123.34,1.938
2.7167,35,3.93529,1.06814,854,3.07955,33.87,-118.19,2.932
3.4062,36,5.86942,1.06967,1292,3.06435,34.1,-118.16,1.852
3.6607,23,4.18336,1.09929,938,2.93393,37.54,-122.23,0.719
3.4895,41,5.93638,1.03948,1171,2.87948,37.31,-122.12,1.852
3.0933,25,5.93389,0.95532,1083,2.34332,33.71,-117.26,1.542
3.7184,43,4.91573,1.12963,1817,4.03922,37.65,-122.01,2.822
4.6336,35,5.96729,1.0411,2184,3.22184,34.09,-118.22,2.333
6.5149,33,5.87615,1.03919,582,3.20982,34.01,-118.24,3.919
4.2722,44,4.81655,1.01961,1551,3.07972,33.72,-118.27,1.824
2.1767,36,3.94857,1.06595,675,3.81638,35.31,-120.71,0.921
2.7173,32,3.95873,1.00474,2539,4.07921,34.13,-118.11,1.851
2.7208,32,3.76413,1.04967,739,2.81652,33.99,-118.14,5.00001
4.0703,52,5.08739,1.03766,1752,3.01076,33.93,-118.06,1.632
2.9167,52,5.36897,1.05819,1159,2.92733,33.79,-118.47,0.769
4.5111,44,5.83598,1.01097,1503,2.92217,34.09,-118.31,3.731
7.6105,36,7.96735,1.069063,889,2.81451,33.93,-118.21,2.636
3.1876,18,4.56634,1.03836,1182,3.82971,37.77,-121.81,1.964
3.7852,37,4.68894,0.97796,895,2.60377,37.93,-122.08,2.721
6.7591,36,5.88891,0.96545,1675,2.67319,34.14,-118.32,5.00001
2.5107,24,5.78825,1.05385,1855,2.63745,40.7,-121.88,0.988
2.5172,19,4.96683,1.03979,2680,3.56683,34.08,-118.2,1.531
4.1932,42,6.83615,1.09865,631,2.9675,34.06,-117.11,1.871
5.0192,9,6.81553,0.98714,3239,2.94744,37.32,-122.31,2.876
5.0368,12,5.76667,1.06926,1551,3.03935,34.08,-118.46,2.832
3.8125,26,4.83835,1.13111,1541,1.97931,36.68,-119.41,0.942
3.8472,5,5.74916,1.13603,1723,2.81872,32.79,-117.94,1.563
2.3909,52,4.85835,0.99061,679,2.52733,34.05,-118.17,1.931
3.1884,29,5.92786,0.97922,1092,2.82786,37.77,-122.25,2.531
2.8348,11,4.73461,1.062,1140,2.95553,37.76,-120.54,0.922
2.9838,5,5.36961,1.0475,1438,2.86816,32.96,-117.85,0.919
5.8125,30,6.09716,1.10962,1346,2.63923,37.39,-122.26,3.333
2.0208,18,5.63784,1.05822,856,3.71188,32.82,-117.86,1.739
2.0348,45,5.73931,0.98818,1284,2.61184,33.83,-118.23,2.817
4.7019,48,5.97635,1.09837,1155,2.7634,37.61,-122.07,2.5
2.6667,20,4.81957,1.06523,1073,3.90722,33.98,-118.33,1.812
4.8194,32,5.83922,1.03833,939,2.89722,33.8,-118.04,1.375
3.8167,35,5.89749,1.03898,783,2.96478,37.76,-122.42,1.944
1.9072,14,3.98329,1.06538,2056,3.89518,40.33,-122.07,0.955
4.2824,14,4.81163,1.03934,1237,3.07913,34.02,-118.35,1.898
4.1417,35,6.2419,1.0139,890,2.23891,34.06,-118.18,2.818
5.8125,36,5.33897,0.97772,571,2.92438,33.81,-118.35,2.543
3.6825,52,4.98898,1.06685,621,2.71179,33.99,-118.11,1.822
3.8125,29,4.81373,1.07872,1705,2.81219,34.1,-118.3,1.853
3.8125,38,4.98333,0.98892,715,2.55963,34.14,-118.1,2.853
5.9081,34,5.81451,1.05902,733,2.34229,34.1,-118.24,2.921
4.6107,36,6.85767,1.08721,1772,2.89412,33.88,-118.36,1.818
4.2917,52,5.83625,1.05834,1535,2.33333,37.79,-122.38,2.632
4.0391,52,5.30894,1.03437,1349,2.83717,37.96,-121.91,1.621
7.0553,19,7.06476,1.14081,1656,3.01097,33.78,-117.06,2.902
4.9333,17,5.058981,1.09317,1730,2.98845,33.88,-117.08,1.817
5.5893,24,5.83535,1.08846,717,3.07979,33.83,-117.81,3.963
9.0281,29,8.55963,1.03854,2052,2.86154,34.03,-118.03,5.00001
1.5281,39,5.03871,1.01003,752,3.25143,38.34,-121.91,0.879
2.3913,44,4.73533,1.09967,1435,2.81433,33.89,-117.09,0.854
5.4191,18,5.53933,0.94325,1095,2.61917,34.1,-118.41,3.25
1.8708,26,3.83833,1.01097,1485,2.42006,33.8,-118.02,1.822
3.6694,52,3.76432,0.91786,1091,2.45342,33.92,-118.26,1.938
2.4111,52,5.82741,1.00476,1553,3.24772,37.77,-120.81,0.922
4.4272,52,5.45455,1.06783,818,2.84798,32.84,-117.82,1.841
5.0486,31,8.48891,1.03785,3269,2.97743,37.75,-122.3,2.539
1.7167,33,3.82633,1.06433,732,2.94319,34.01,-118.07,1.764
5.7184,34,6.25252,1.05826,1118,2.39056,34.07,-118.11,1.719
5.9063,35,5.81776,1.01091,1232,3.84942,33.81,-117.88,1.835
1.7188,35,3.72623,1.04639,2107,2.92623,34.06,-118.26,1.937
2.8195,24,3.91253,1.0097,1172,3.1253,37.65,-121.94,2.848
2.6172,9,4.30405,0.96518,695,2.93941,33.95,-117.23,1.904
5.1021,36,5.89741,1.06948,531,2.71739,37.73,-122.39,2.743
3.5963,17,4.93581,1.01556,1382,3.81639,37.32,-122.34,1.922
2.1764,42,4.84831,1.07923,1595,4.27273,34.17,-118.27,0.716
3.0731,52,4.91438,1.03901,1230,2.93817,37.6,-122.45,1.869
3.9355,32,4.73569,1.06859,1583,2.84895,34.21,-118.4,3.895
2.4818,34,3.95938,1.09722,1365,4.17227,33.74,-117.93,0.826
4.3909,40,5.63778,1.04902,1152,2.85435,34.05,-118.38,2.856
2.1592,52,5.79071,1.03885,1391,3.52732,37.62,-121.38,0.869
6.9686,25,6.86571,1.06878,976,2.81858,33.83,-117.21,2.935
5.5263,41,6.3583,1.05429,1395,3.71742,34.41,-118.24,2.531
6.1866,15,6.00961,1.06832,1283,2.98839,37.92,-122.19,5.00001
2.8792,27,4.96535,1.01061,1548,2.25897,37.8,-122.31,0.719
4.5167,34,5.96429,0.99039,1586,3.01079,34.14,-118.41,1.073
5.6861,34,5.85781,1.01077,1054,3.39091,34.08,-118.38,3.835
3.8984,42,4.71595,1.06462,1573,2.95941,33.96,-118.03,1.857
3.6111,16,5.92857,0.97944,1322,3.95961,33.85,-117.91,1.898
2.7115,24,4.96622,1.06938,965,4.84713,37.92,-122.18,1.935
3.7355,33,4.93313,0.96598,883,2.73957,37.74,-121.99,2.084
4.6122,35,5.3567,0.97922,1041,2.39229,34.17,-118.21,2.732
3.0369,17,3.93929,0.91933,1031,2.92933,32.71,-117.18,1.858
2.7361,52,5.3675,1.03902,905,2.97914,38.53,-121.83,0.921
4.6353,36,5.33448,0.93583,818,3.56787,33.96,-118.42,1.858
4.1806,17,5.81812,1.06226,954,2.83936,33.79,-118.26,2.852
4.2793,46,4.75227,1.03938,2032,2.66158,37.88,-122.04,1.933
1.5131,35,3.71918,1.05821,1430,2.87867,32.91,-117.98,0.895
5.0594,43,5.80446,1.05253,1041,2.86431,37.88,-122.12,1.817
4.1665,28,5.16983,1.02421,1074,2.97924,33.84,-118.01,2.732
4.6809,8,5.78881,1.03885,1692,2.64256,33.98,-117.97,2.722
2.8333,25,4.58984,0.93583,598,3.58984,33.93,-117.35,1.913
3.788,25,4.66215,1.06538,697,3.56788,34.06,-118.11,2.521
4.7107,52,5.03971,1.06783,2426,2.93787,37.37,-122.27,1.967
8.1071,52,8.03818,1.07854,1071,3.91948,37.97,-122.45,5.00001
2.9167,20,5.72229,1.09731,828,2.97944,37.82,-122.45,1.937
5.5895,35,6.69091,1.09764,965,2.98667,33.91,-118.22,2.811
2.5763,16,4.81867,0.96143,1188,3.03878,33.95,-118.19,1.619
2.2561,52,5.87914,1.06419,684,1.72902,36.72,-119.57,0.955
6.7155,32,8.76482,1.03946,841,2.81465,37.92,-122.12,2.125
2.2364,32,5.48961,1.11353,1630,2.39077,38.62,-122.38,1.078
4.9167,33,4.63936,1.03871,1333,1.73733,33.93,-118.17,2.853
1.9238,19,4.92399,1.06619,2738,1.98875,36.64,-119.32,0.816
2.6306,35,4.81337,1.09931,1061,2.56931,34.14,-118.02,1.857
5.5455,41,6.28982,1.03776,2538,2.91322,33.94,-118.31,3.084
4.1962,37,5.55963,1.03934,1352,2.82946,37.65,-121.89,1.375
5.2656,35,6.73922,1.03922,1333,3.93875,34.15,-118.41,2.531
5.9061,18,5.83851,1.03955,1111,2.81961,34.23,-118.22,3.813
3.9485,42,5.08822,1.03732,489,2.07867,38.24,-122.16,1.907
3.8333,36,4.53417,0.97916,2591,2.91213,33.99,-117.9,1.819
2.4829,29,3.96414,1.03907,484,2.84415,33.91,-117.86,1.907
2.6561,11,4.06426,0.97933,2597,2.69667,38.43,-122.17,1.908
2.0486,36,4.93778,1.07965,685,3.81856,33.64,-118.14,0.854
3.1631,47,4.91362,0.95593,1071,2.71908,34.1,-118.13,1.979
3.938,11,4.73885,1.05829,1221,3.54318,32.8,-117.16,1.965
4.6306,29,5.3422,1.03904,1537,2.83941,32.85,-117.23,1.935
4.9167,33,5.89516,1.05813,1549,2.37015,33.66,-118.43,1.922
4.4582,37,4.73833,0.96683,684,2.89813,34.06,-118.28,2.828
2.0352,23,4.83545,0.98325,1172,2.97742,37.79,-122.25,3.542
3.5204,35,5.89815,1.05874,903,2.90437,33.94,-118.11,3.063
2.9125,24,3.85419,1.08964,735,2.85794,32.71,-117.25,1.739
5.7196,36,5.96631,1.03933,3817,2.7082,34.15,-118.4,2.894
3.5667,12,4.82854,1.03946,1531,3.71532,33.95,-117.9,0.852
2.8571,14,4.76931,1.04961,1038,2.53929,34.02,-117.17,1.974
3.2473,34,5.88667,1.09701,1691,2.94597,37.85,-121.84,1.869
2.8594,12,5.90836,1.01058,727,3.86938,38.25,-121.33,1.531
2.2886,20,5.73526,0.99081,1484,2.81956,37.35,-121.48,0.904
3.4167,44,4.81271,0.96578,865,2.73572,32.81,-117.15,2.091
2.2976,44,4.39387,1.08828,1130,1.95873,33.98,-118.29,1.923
1.9532,21,3.83418,0.94991,973,3.83572,38.12,-121.97,0.819
5.038,35,5.20556,1.08692,1053,2.82439,37.69,-122.25,1.821
3.0575,32,4.75963,1.06534,1233,3.71692,32.76,-117.15,0.872
3.7167,28,4.81734,1.03761,1521,2.82665,33.99,-118.15,1.824
4.5262,43,4.78841,1.0367,635,2.98316,34.06,-118.06,3.929
2.8054,34,6.08955,1.08521,1379,2.73933,33.98,-117.95,0.639
3.1216,25,5.85982,1.05829,1315,2.863,34.15,-118.14,1.819
5.8348,47,5.30385,1.01069,917,2.84491,34.1,-118.25,2.835
5.8196,34,6.85638,1.08521,1119,2.95523,34.12,-118.02,2.638
2.8125,36,4.91765,1.04794,1492,2.82362,33.56,-117.14,1.834
4.8795,52,6.73765,1.06414,1776,3.50861,33.84,-118.45,2.528
5.2217,37,5.20556,1.03241,1785,2.84868,37.81,-122.32,2.078
1.8398,42,4.71578,1.01862,671,2.79042,38.54,-122.45,0.835
5.0486,11,6.27107,1.03716,651,2.97445,37.96,-122.05,2.839
3.0918,17,4.94429,1.03973,854,3.01102,37.71,-122.33,2.819
3.9196,30,5.83582,0.99791,915,2.97941,33.85,-118.05,2.051
1.9833,35,4.87869,1.04348,715,2.81465,36.95,-119.76,0.923
5.7167,27,5.78167,0.96715,1439,2.55963,37.82,-120.93,2.566
1.9842,14,3.89422,1.08938,1112,2.83435,33.74,-118.32,0.818
5.55,52,5.18078,1.10385,832,2.82852,37.32,-121.35,1.907
3.6867,30,3.38333,1.01091,2495,2.56938,33.76,-118.32,1.934
4.0369,52,5.72654,1.09903,1395,3.18881,37.79,-122.35,2.622
6.7194,38,5.91865,1.01806,1415,2.93563,34.14,-118.15,3.769
3.3125,14,5.10761,1.06855,1710,2.93585,33.08,-117.98,1.821
2.0933,30,5.93685,1.14081,1387,2.48984,33.86,-118.16,1.913
3.7361,37,5.81252,1.03871,1234,2.84892,33.93,-117.03,1.631
3.7154,21,5.56426,1.00659,872,2.6428,38.42,-122.09,1.972
2.6338,8,4.71879,1.07987,909,2.85413,34.07,-118.12,1.542
1.9167,27,5.23861,1.09621,876,2.98832,37.66,-120.36,0.922
2.5263,35,4.53914,1.03884,912,2.37462,34.05,-118.22,2.944
4.0833,11,4.49071,1.081,853,2.74119,34.18,-118.15,3.835
5.5179,37,6.63942,1.06895,1343,2.3942,34.18,-118.46,2.521
3.8477,40,4.89565,1.07621,1087,2.95764,32.8,-117.96,1.469
3.2785,31,4.72662,1.01081,3548,2.96771,33.83,-117.18,2.875
3.5143,18,4.7824,0.99791,1056,2.22208,37.9,-120.85,1.922
2.3529,12,5.27885,0.95962,1609,2.63962,33.86,-117.91,1.851
3.8125,42,3.87976,1.03938,1525,1.81337,33.72,-118.18,1.841
1.4167,35,4.96719,1.08739,889,2.56302,37.99,-120.97,0.958
2.3554,44,4.83323,1.12122,749,2.89824,32.66,-117.97,1.834
4.8125,43,5.90878,1.02341,906,2.90878,33.95,-117.06,2.904
4.5151,35,5.81148,0.96592,1271,2.95932,33.87,-117.08,1.814
7.4389,17,7.82615,1.0323,1273,2.90895,34.03,-118.39,4.542
6.8125,13,6.84907,1.02347,1201,2.56974,37.97,-121.86,2.722
3.0953,36,5.08926,0.98811,1668,2.83871,34.03,-118.23,1.872
2.4261,42,5.91895,1.01078,879,3.23881,33.95,-118.22,1.611
5.4871,35,6.74913,1.09054,1565,2.76682,37.6,-122.44,2.878
2.7148,44,3.81743,1.06979,1249,2.92362,37.79,-122.32,1.719
5.5907,46,5.61145,1.1615,707,2.98466,33.85,-117.96,2.531
3.7194,35,4.98225,1.03961,1549,2.81232,33.76,-118.29,1.852
4.5208,18,5.83536,1.05873,1570,2.95917,37.65,-122.38,2.819
3.7452,44,5.91776,1.03732,678,1.82633,37.98,-122.47,2.632
4.6167,39,4.97941,1.04216,793,1.93814,34.07,-118.48,2.066
3.8333,26,4.87916,1.08964,1855,2.49077,34.17,-118.06,2.832
3.3909,35,4.93675,1.04356,757,2.25263,37.58,-122.03,1.834
4.9063,33,5.92901,1.05852,719,2.33333,37.97,-122.2,3.852
3.2412,36,4.76695,1.12079,1272,2.96789,33.64,-118.44,3.735
2.2321,8,5.63642,1.03954,1542,2.3901,32.64,-115.27,0.828
4.4872,52,4.54375,1.06822,988,2.89365,34.19,-118.05,2.744
5.9019,21,5.96572,0.95933,1327,2.93321,34.09,-118.31,3.622
4.1438,31,5.23961,1.00659,952,2.91244,34.06,-118.16,3.838
7.9167,19,7.73578,0.93897,1286,2.81973,37.79,-122.41,5.00001
2.3861,23,5.53941,1.06531,951,2.33442,39.15,-121.92,1.941
6.3379,14,7.16063,1.06475,1283,2.63682,37.38,-122.43,2.726
3.2681,24,5.71172,1.08726,1526,2.94587,37.65,-122.02,2.932
3.5667,11,5.06892,0.97916,1584,3.05813,37.34,-122.26,2.542
2.6919,39,3.93894,1.10588,1636,2.93894,34.18,-118.28,2.819
10.1543,34,7.1213,0.96429,1783,2.58897,34.24,-118.29,5.00001
3.3686,31,4.93585,1.03976,684,3.04935,37.98,-122.11,1.742
4.5546,17,5.96464,0.97774,1078,3.91903,38.47,-121.65,1.903
3.1632,41,5.82214,1.1211,1470,2.95792,34.19,-118.32,1.846
3.0533,43,5.04917,1.06667,934,2.92485,33.88,-118.26,1.542
6.6361,35,6.24659,0.96523,1607,2.92798,33.09,-118.28,3.313
3.9838,35,5.91471,1.07895,1048,2.82119,33.88,-117.25,1.532
1.8231,52,5.96492,1.05871,865,2.81678,38.57,-121.34,0.813
4.7102,52,6.33881,1.04929,531,2.94565,37.7,-122.4,2.722
3.6573,33,4.87831,1.03831,821,3.78812,32.7,-117.92,1.923
3.6304,25,4.82731,1.0065,1056,2.67182,39.05,-121.86,1.933
6.1235,22,6.92335,1.08692,790,3.82319,32.76,-117.98,3.532
3.6013,52,5.05632,1.01407,696,3.74633,37.85,-121.97,1.073
6.0183,52,6.04903,1.06683,2595,3.54211,37.8,-122.34,3.631
3.3878,23,4.71615,1.05811,1323,2.78186,34.19,-118.15,1.639
2.8981,33,4.82621,0.97623,1342,3.04217,33.96,-117.95,0.8981
5.4167,29,5.97909,0.94437,662,2.60331,37.66,-122.39,0.895
2.9286,26,5.91773,1.07826,1650,2.92376,36.54,-119.86,0.921
1.9667,52,4.72323,0.91743,2519,2.63933,38.76,-121.48,0.821
6.2584,34,6.96423,1.03874,1395,2.81929,33.92,-118.15,2.143
2.1423,52,4.82217,1.13113,966,2.82217,36.93,-119.23,0.878
5.9073,52,5.29071,1.13961,1260,2.33897,33.98,-118.23,1.547
5.2362,43,5.60386,1.07966,1131,2.68861,37.33,-122.34,2.912
2.6208,27,5.63931,1.03929,1746,2.89564,37.8,-120.32,1.918
2.8348,52,4.93697,1.03842,958,2.91907,33.91,-117.87,0.814
7.0138,5,7.81434,1.01078,1630,2.09326,37.8,-122.44,4.824
4.4393,25,6.93891,1.03792,2085,3.94615,38.52,-121.92,1.821
3.2622,34,3.83929,1.05895,1039,3.13862,33.83,-117.18,2.092
2.7107,41,5.48981,1.01402,904,2.73818,37.35,-122.41,1.639
2.068,24,5.40861,1.02587,554,3.03839,38.52,-121.43,0.826
1.6563,52,4.82622,1.03898,783,2.73578,32.5,-117.85,1.921
5.7208,44,6.59353,0.95933,917,2.92933,34.18,-118.3,2.813
4.0441,27,5.25261,1.01891,678,2.93933,33.96,-118.11,1.923
4.1671,17,4.80791,1.03879,1439,3.03745,34.07,-118.43,1.125
2.8125,18,5.09828,1.06716,1382,3.81812,37.98,-122.24,1.092
5.6708,26,6.97792,1.01155,952,2.54313,34.18,-118.14,1.531
2.7226,17,5.10861,1.03083,718,2.71164,33.79,-117.97,0.908
6.2782,37,5.35981,1.06591,892,2.72211,33.91,-118.16,3.567
5.2053,16,5.89522,0.95865,1333,3.82765,37.77,-121.98,2.813
5.6208,37,7.81422,1.01069,735,2.91954,33.81,-118.02,2.732
4.6103,16,5.37111,1.03878,2626,2.92655,34.13,-118.26,2.894
4.3682,16,5.49078,1.09832,468,2.40309,34.11,-118.09,2.75
2.7152,52,4.69286,1.0338,1835,3.12082,33.88,-117.92,1.719
3.6354,37,5.81172,1.06531,1638,2.72262,37.83,-122.44,1.813
6.9078,21,5.84928,1.03931,942,2.34667,33.96,-118.32,2.935
4.0391,16,5.81253,1.08928,1043,2.81365,33.74,-117.88,1.848
3.6929,38,5.92757,1.0208,1389,3.17053,37.76,-122.22,1.053
3.5538,27,5.76414,0.96684,1509,2.76414,37.71,-122.44,3.722
3.1554,45,5.98822,1.09619,1188,2.81823,32.73,-117.32,1.094
3.0132,22,5.50983,1.04348,1813,2.61909,34.04,-118.18,1.25
2.1335,44,4.89077,0.96582,1085,2.91744,37.92,-122.02,2.089
2.9286,46,4.78841,1.07919,731,2.95851,33.95,-117.08,1.917
1.4594,37,4.94421,1.03765,1141,2.20791,32.85,-117.96,1.813
2.5191,36,4.96613,1.07722,778,2.82458,34.1,-118.3,1.839
3.8792,20,5.54731,1.07921,1591,3.72278,33.99,-118.19,1.726
2.9125,35,4.89824,1.04957,1109,3.59052,34.05,-117.25,1.939
2.3964,38,5.34667,1.09467,1523,3.03883,33.89,-117.89,0.921
3.0391,41,4.83527,1.03961,2185,1.73961,33.93,-118.23,1.939
6.9688,36,6.94434,1.06731,882,2.92786,34.19,-118.34,5.00001
2.6227,29,3.86322,0.95583,2128,2.7094,34.06,-118.16,2.869
2.6353,33,3.81236,1.06939,1541,4.24893,34.03,-118.09,1.818
6.4231,43,6.81939,0.95716,1261,2.94495,37.93,-122.07,2.854
2.5587,32,3.83487,1.07824,483,2.81486,34.02,-118.31,2.821
3.6013,33,4.71798,1.03731,741,3.83687,34.45,-118.23,1.848
7.5331,35,7.2431,0.97776,1352,3.06531,33.86,-118.38,3.736
3.0886,34,4.81833,1.04932,1576,3.05979,33.85,-118.43,1.932
4.6083,33,5.17982,1.01019,917,2.86971,37.74,-121.83,3.924
2.9125,18,4.91734,1.07835,2140,2.81335,33.86,-118.1,0.739
5.1835,45,4.71738,1.05738,1457,2.81357,34.07,-118.32,1.906
4.3201,16,4.83736,1.01019,1349,2.80331,34.16,-118.32,2.742
4.4083,33,5.93495,0.91853,805,2.91929,37.8,-122.15,2.955
1.8096,18,5.73923,0.90822,1178,3.93835,33.94,-117.99,0.913
3.0941,52,5.9867,1.06612,598,2.81836,33.91,-117.8,1.521
2.8125,43,5.53814,0.94414,1852,2.83914,37.9,-122.27,2.854
3.5125,16,4.89564,1.04903,1039,2.65982,37.79,-121.98,1.842
2.8333,36,5.87918,1.03961,1089,2.81534,34.11,-118.27,1.521
1.6872,25,4.71621,1.07908,1492,2.81621,37.72,-122.19,1.928
7.1625,15,7.13143,1.05053,2948,2.98636,35.17,-119.36,1.929
4.3882,17,5.93419,0.96694,1082,2.92615,34.08,-118.24,2.058
1.5932,33,4.49074,1.05857,1466,3.26222,35.12,-120.89,0.846
6.3375,46,6.90828,1.10704,1287,2.70303,37.35,-121.83,2.835
4.8792,10,5.89063,0.98898,1321,3.03932,33.88,-118.11,1.521
5.2375,52,6.06964,1.03946,965,2.93546,37.95,-122.17,2.941
5.0909,44,6.85815,0.95922,1551,3.35333,39.37,-122.29,1.841
1.9417,52,3.93785,1.04063,1345,2.91241,37.57,-122.07,0.843
3.5143,52,5.94438,1.06945,1212,2.82369,36.69,-119.85,0.867
6.4196,32,6.91933,1.01083,863,4.07935,37.75,-122.36,2.835
3.7521,40,4.91783,0.98297,726,2.57286,33.68,-117.94,1.722
3.2083,35,4.63637,0.92735,1401,2.62435,37.37,-122.17,1.928
3.3531,18,5.73737,1.088983,1021,2.82917,37.29,-121.84,2.924
3.7167,37,4.73529,1.03881,852,3.17881,32.97,-116.68,1.869
3.1623,33,4.97742,1.02188,1037,2.94314,34.01,-118.38,1.056
4.5333,31,5.93798,1.04948,1330,2.92933,37.95,-121.99,2.636
3.6191,17,4.82352,1.01891,863,2.50385,37.73,-121.93,1.821
3.7456,28,5.76914,1.11221,788,2.72431,34.1,-117.27,1.097
2.1638,33,4.17449,1.06514,852,3.73854,37.92,-121.98,1.839
4.6107,42,6.35961,0.91883,1319,2.54375,38.53,-122.44,1.831
1.9292,26,4.71908,1.10981,1838,2.09716,33.97,-117.91,1.936
3.1887,41,4.87867,1.09715,1045,2.95714,37.82,-122.21,1.818
3.4567,22,5.03938,1.03745,904,3.59091,37.36,-122.02,2.5
2.3533,24,5.86534,0.92383,926,3.83529,34.33,-118.06,1.531
3.9081,34,4.75263,1.06433,1879,1.83957,33.91,-117.89,1.945
1.9348,42,4.81867,1.03867,1286,3.40485,33.07,-117.95,0.958
3.5545,25,5.91721,1.07895,1388,1.99063,37.32,-122.32,1.631
3.8125,24,4.97914,1.03308,1054,2.89084,34.11,-117.21,1.879
5.1094,29,6.48984,1.05879,830,2.81421,37.79,-122.02,0.903
3.3125,12,5.83615,0.98655,1093,3.00981,33.82,-117.18,1.902
2.8188,33,5.23891,1.09832,855,2.94539,33.71,-117.92,0.842
5.1781,29,5.08667,1.03733,1033,2.34392,37.66,-122.36,4.05
10.6354,26,6.93683,1.03913,682,3.06562,34.13,-118.16,5.00001
2.7171,32,4.83573,0.97438,1036,2.91718,33.89,-118.21,1.719
4.3125,35,5.25402,0.99452,944,2.63698,34.28,-118.41,2.942
4.2585,45,5.51967,0.96432,1084,2.98746,33.95,-117.25,1.971
4.7154,33,4.81625,1.07914,1189,3.05857,37.58,-122.16,2.979
4.0402,38,5.73957,1.07922,732,2.98833,36.76,-119.71,2.156
6.5167,39,6.87314,1.08319,786,2.81326,36.77,-119.08,2.907
3.1363,36,5.96782,0.97637,589,2.80954,33.08,-117.03,1.847
5.4594,15,5.93614,1.06523,1041,2.83913,33.89,-118.34,2.938
3.6231,47,4.93584,1.05871,1536,2.66154,33.98,-117.98,1.873
3.8192,33,4.90615,1.04813,1442,2.93554,33.95,-118.35,1.813
2.5221,17,3.38981,1.03898,1391,2.92434,37.97,-122.32,1.521
3.6083,36,4.84619,0.98596,1330,2.83584,33.95,-118.32,1.938
1.8462,41,4.83697,1.05822,1130,3.72332,37.98,-121.87,0.853
4.2581,26,5.56972,1.03832,853,2.45861,37.79,-122.38,1.839
3.9659,5,4.90414,1.03788,508,4.83464,34.1,-118.39,2.621
5.0402,52,5.91908,0.98842,486,3.19082,34.05,-118.27,2.071
3.5194,33,4.70963,1.03731,1441,2.98435,37.84,-122.18,2.711
4.1833,30,5.35373,1.05054,1715,2.91867,33.99,-118.43,1.743
4.0354,20,5.74461,1.02105,1041,1.82776,37.75,-122.44,2.946
8.1591,33,6.91744,1.03894,633,2.7434,34.06,-118.34,5.00001
4.0385,17,5.98348,1.00961,1052,2.63685,37.76,-122.35,2.859
1.3836,14,4.95941,1.07882,1833,2.76421,36.75,-119.32,0.818
3.8125,26,4.96955,1.04167,553,3.09531,37.65,-121.9,1.906
2.5179,45,3.85714,1.04913,1378,3.05878,33.87,-117.94,1.937
5.3094,17,4.93538,1.07451,1138,2.93586,33.98,-118.21,5.00001
1.5227,46,4.91929,0.95407,1062,2.81833,32.74,-117.96,0.841
5.0271,32,5.73954,1.06438,786,3.06523,33.83,-118.36,2.913
2.5385,29,5.17891,1.01076,1054,2.81382,35.25,-119.22,0.934
2.6196,38,4.91222,1.07838,1045,2.86932,34.24,-118.39,1.831
2.1319,11,5.29778,1.00779,1478,2.81622,36.32,-119.07,0.977
4.5208,28,5.93667,1.06718,854,2.81392,33.84,-117.21,1.822
4.1534,52,6.81754,1.07837,2113,2.73879,37.96,-121.46,1.734
4.8115,52,5.33333,1.07622,781,2.86592,33.89,-117.94,1.938
3.6304,37,5.24333,1.03923,1782,2.77981,34.02,-118.23,1.912
4.8571,42,5.03781,1.079078,976,2.73851,37.76,-121.83,1.842
2.7045,18,4.94542,0.95984,1593,2.44791,37.69,-122.07,1.058
2.1583,23,5.33333,1.098984,1038,3.72332,36.7,-119.03,0.938
3.8981,31,5.49081,1.03798,1553,3.08846,37.66,-122.3,1.938
2.5181,52,5.95533,1.06543,929,2.93467,37.79,-122.42,1.766
4.0233,20,6.52771,1.09922,1540,3.16085,34.19,-117.32,1.906
3.1407,17,4.82431,1.07856,1612,2.53119,34.07,-121.78,1.832
3.9227,33,5.29302,1.07734,797,2.89869,34.31,-117.19,1.898
4.0961,52,5.97622,0.99485,1405,2.93697,37.66,-122.08,2.521
1.6609,25,4.90625,1.03333,1420,3.08125,33.93,-118.37,0.864
4.7514,32,5.95916,0.94534,1729,3.00862,32.71,-117.27,1.875
5.0473,38,5.07823,1.04952,1415,2.91919,32.8,-117.97,2.852
4.1205,18,6.85845,1.03852,979,2.84322,37.35,-122.43,2.921
2.9231,35,4.95765,1.03778,893,2.94462,34.04,-118.35,1.958
6.2933,25,5.45779,1.00297,813,2.89429,37.98,-122.51,4.906
2.0385,28,5.28761,1.04915,1163,2.83782,34.1,-118.32,1.831
1.8306,34,3.58452,1.03876,988,1.94464,33.68,-118.25,0.834
4.1583,52,5.88731,1.13223,721,2.71167,33.86,-118.23,1.822
1.7152,14,2.81885,1.03845,876,3.96575,36.62,-120.35,0.919
7.5263,36,7.33333,1.04934,930,2.94619,34.16,-118.39,5.00001
2.908,22,4.71181,1.09929,779,2.94585,34.06,-118.39,1.938
3.0293,38,3.8625,0.93846,932,2.81817,34.15,-118.11,2.5
2.0221,36,5.30984,0.91887,1723,2.97926,32.76,-116.81,1.188
3.6865,28,4.39231,1.08743,1310,4.58211,33.84,-118.27,1.822
2.7107,30,4.98854,1.03882,791,3.2638,37.76,-122.03,1.935
4.8333,49,5.82479,0.96767,1439,2.96445,37.77,-122.11,2.847
5.7406,19,5.82714,1.00273,923,2.68225,37.73,-122.18,2.071
2.9125,26,4.91214,1.06413,1804,3.09719,37.97,-121.85,1.761
1.9688,36,3.33333,1.03386,806,4.01092,34.14,-118.07,1.831
2.7167,8,5.50963,0.96766,1237,3.83473,32.82,-117.15,0.738
3.8982,41,4.79319,1.06955,873,3.22862,37.54,-122.31,4.719
3.1591,42,5.68953,1.06734,1187,3.47881,34.03,-118.39,0.878
4.2575,23,5.82396,1.03881,1038,3.14094,34.31,-118.17,1.826
7.1686,44,6.29143,1.03508,631,2.95897,33.79,-118.2,5.00001
2.8982,25,4.95783,1.04934,1221,3.07857,37.68,-121.42,1.742
5.7406,21,6.86594,0.93832,446,2.83935,34.01,-117.89,2.816
3.1218,36,5.92914,1.01452,1087,3.95597,37.81,-122.03,1.872
4.7223,10,4.25182,1.07879,681,1.82421,34.06,-118.18,1.531
3.7532,52,5.07926,1.15354,531,2.94769,37.73,-122.25,0.939
4.4851,52,5.72684,1.05838,1161,2.88889,37.79,-122.41,2.5
2.9076,52,6.06734,1.03204,1182,2.49082,35.3,-118.26,0.854
3.5522,29,4.93565,1.0434,698,2.93565,34.19,-118.12,3.711
4.1706,35,5.91164,1.05878,1682,3.05631,33.89,-117.12,1.912
2.6594,35,3.66415,1.03974,1719,2.69791,33.98,-118.1,1.841
3.2083,52,4.59087,1.08723,1145,2.53437,32.8,-117.88,1.903
1.9125,35,4.76685,1.03865,1073,3.84861,33.81,-118.23,1.835
1.9231,28,5.81622,1.06766,1553,2.83737,37.92,-121.91,0.542
2.7103,27,4.87821,1.07974,1807,3.81851,36.7,-119.81,0.818
3.5452,15,4.90423,0.97962,1712,2.8714,34.01,-118.13,2.822
4.2281,39,4.82286,1.05898,705,3.03832,33.92,-118.36,1.813
3.9125,18,5.93622,1.09895,2149,3.05455,33.79,-118.13,2.912
2.6188,27,5.95562,0.96769,1792,2.89527,37.32,-122.26,2.208
3.7102,48,4.81487,1.03891,1612,2.94496,37.84,-121.47,1.853
3.6867,35,5.84315,1.04902,1272,4.72278,34.09,-118.28,1.828
2.2862,32,4.65862,1.06461,705,3.74482,34.15,-117.9,2.531
4.0293,12,5.83574,0.96531,973,3.86531,33.81,-118.02,1.859
3.0818,34,4.81366,1.08348,1371,3.09071,34.05,-118.39,1.831
4.8208,11,6.50357,1.0417,1754,3.05955,36.32,-120.35,1.878
4.1595,14,4.84726,1.01081,1873,3.03962,33.91,-117.06,1.541
1.8688,26,4.92733,1.04742,932,3.09955,36.77,-119.04,0.871
2.6111,19,4.83857,1.02707,1404,2.76415,34.03,-118.09,1.841
3.0272,32,5.03732,0.97014,1778,2.98845,34.05,-118.28,2.913
2.6385,52,4.95594,0.92622,577,2.38385,37.31,-122.3,1.931
4.6196,36,5.40227,0.91721,1038,2.91721,34.03,-118.29,3.531
2.8355,15,4.95229,1.03713,1333,2.61115,37.78,-122.09,1.726
8.2482,52,7.36962,1.02905,959,2.95833,37.64,-122.04,3.933
2.1871,35,5.87922,1.0385,1793,2.73976,35.63,-118.23,0.912
2.5673,25,4.61136,1.06582,2441,2.56718,37.68,-122.39,0.979
6.0813,9,6.53473,1.07933,598,2.78876,37.57,-122.01,4.5
3.9306,27,5.53979,1.09818,971,3.56475,38.35,-121.88,2.948
2.8125,32,4.82471,0.97778,2532,3.23892,35.23,-119.29,0.744
3.1417,29,4.96623,1.0076,2425,3.09619,34.14,-118.21,2.542
1.8125,20,4.73921,1.13891,1064,2.47365,34.17,-118.39,0.819
3.6389,17,4.94833,1.0315,1131,2.85922,38.32,-121.97,1.854
3.2906,52,4.90781,1.00952,956,1.84763,33.92,-118.05,3.879
1.8333,15,4.89871,0.97615,1635,3.29571,37.68,-121.8,0.845
2.5389,52,4.95986,0.92814,1038,4.23778,34.03,-118.36,1.093
4.904,39,5.89524,1.03366,1712,2.48402,34.14,-118.32,2.871
3.2041,32,4.93687,1.06413,1765,2.38791,34.08,-118.18,1.531
2.5385,15,3.81405,1.02365,1164,2.86936,33.92,-117.99,1.852
4.7194,20,6.2362,1.03834,1782,2.94786,32.78,-117.95,1.918
2.1574,52,4.97742,1.03773,929,3.01087,33.84,-118.28,1.188
2.9688,21,4.61909,0.91234,1655,2.88984,32.87,-117.06,1.814
3.6346,32,4.85952,1.0425,816,1.97215,33.87,-117.29,1.935
2.8981,27,5.73533,0.97931,653,2.62413,33.72,-117.91,0.814
3.0226,42,4.91857,1.05947,815,2.81462,32.8,-117.22,2.918
4.3368,24,5.63965,1.07834,831,2.57218,37.71,-121.46,2.913
3.9081,52,5.08539,1.03865,1696,2.74422,33.83,-117.97,1.841
3.7185,19,4.86513,1.01128,931,2.82918,33.86,-118.31,2.904
1.8304,52,3.52119,1.03714,1135,1.81857,37.99,-122.29,0.934
1.5453,52,4.9825,1.0438,2031,2.9825,39.43,-122.15,0.846
3.7078,18,5.73595,1.06921,1313,2.95766,37.57,-121.42,2.722
5.6353,32,5.94436,1.10556,2301,2.73582,37.31,-122.45,2.821
6.1721,13,7.94531,1.00791,1141,2.81182,34.09,-117.88,3.966
7.0208,13,7.63465,1.05922,819,2.94375,37.87,-122.3,3.841
4.6708,35,5.92958,0.99097,1140,2.59097,33.68,-118.09,1.738
3.1572,36,5.95882,0.98882,718,2.94478,33.91,-117.04,2.818
4.1285,52,6.63633,1.05947,1738,3.09831,37.66,-122.3,2.822
5.1222,38,6.81937,1.01062,1342,2.45377,37.92,-122.03,2.621
8.7107,52,6.35891,1.07895,2316,2.93957,37.69,-122.33,5.00001
7.7266,24,7.08822,0.94742,1348,2.95296,34.14,-118.37,3.722
4.5111,17,5.98815,1.08319,922,3.20981,34.02,-118.44,1.922
2.8167,30,5.83523,1.06775,1130,2.77319,32.72,-117.92,1.939
5.4167,50,6.95587,1.10896,1071,2.71556,37.84,-122.25,2.907
4.6039,39,5.81738,1.03304,2056,2.95734,37.74,-122.41,2.094
2.0368,36,3.93945,1.03945,1503,1.86925,36.36,-119.95,0.832
2.8125,33,3.95545,0.97795,1522,2.85782,34.15,-118.42,1.843
5.7103,52,5.73832,1.08847,854,2.91944,37.37,-122.39,2.062
3.5146,17,4.96788,1.05737,1221,2.91929,32.73,-117.24,0.934
8.0451,52,7.84418,1.1083,928,3.63916,37.55,-121.94,5.00001
2.904,29,4.91221,1.06922,1923,2.89764,33.88,-118.23,1.711
3.8688,23,5.92393,1.01074,1049,2.47963,33.93,-118.37,1.964
5.3041,19,7.83942,1.06865,476,2.53743,34.1,-118.1,2.919
1.6934,39,5.48952,1.02068,957,2.78859,37.56,-121.98,0.966
6.2575,22,6.91778,1.00402,1178,2.81119,37.94,-122.19,2.734
2.2583,13,4.90898,1.17086,1542,2.71774,37.34,-121.89,1.922
2.7184,36,3.97941,1.07922,1535,2.7875,36.71,-119.83,0.946
5.8167,26,5.95562,1.06435,1545,2.59051,37.8,-122.21,3.845
3.6921,46,4.95957,1.0419,543,2.72119,34.07,-118.17,3.918
5.1362,20,6.01081,1.07813,1581,2.91905,34.07,-118.24,2.942
2.8462,44,3.86695,1.05316,1727,2.4082,33.92,-118.26,1.531
4.1374,17,4.96667,1.07838,1595,2.90665,33.95,-118.23,1.854
10.0539,52,5.74458,1.00991,1803,2.95829,34.05,-118.29,5.00001
5.1691,17,5.3547,1.07764,2178,2.89092,34.19,-118.42,3.051
6.9228,14,6.30332,1.12331,1551,2.82835,34.15,-118.24,3.973
4.3229,9,4.85723,0.96229,1133,3.96432,37.29,-122.02,2.865
1.9292,8,5.58889,1.00891,813,3.18077,34.16,-118.31,0.959
2.3125,15,5.93521,1.01894,1543,3.90786,38.34,-122.32,0.722
3.6021,34,4.64256,0.98048,749,2.91315,33.98,-118.1,1.851
5.9286,29,5.33333,1.09904,1092,2.91833,33.94,-118.46,2.25
4.0132,16,4.85425,0.96682,1159,3.56682,33.87,-118.13,1.711
2.6607,17,5.89462,1.03781,1593,2.95775,33.93,-118.28,1.817
3.0155,16,5.91902,1.05542,1043,2.63482,38.32,-121.54,1.958
1.8333,8,5.84832,1.07938,1042,2.85722,37.94,-121.9,1.838
3.8125,52,4.81713,1.03852,1543,2.81414,34.21,-118.24,1.813
5.9152,52,6.96516,1.05722,813,3.93878,37.33,-122.32,3.813
6.6833,52,6.58897,1.01761,2587,2.92883,33.74,-118.35,3.922
4.7194,35,5.56661,1.08732,1867,2.03832,33.86,-118.36,3.912
3.2865,37,5.55625,1.01071,891,2.48625,37.76,-122.24,1.063
4.2432,25,5.60863,0.96462,823,2.94318,33.81,-118.34,2.093
6.7111,15,6.36963,0.98815,1562,2.81742,34.1,-117.99,1.543
3.8688,21,4.27889,1.05822,879,2.93681,38.42,-121.97,1.823
2.5385,16,3.84318,1.05931,1205,2.92315,33.93,-117.88,1.906
3.1522,34,3.81651,1.03788,742,3.45332,37.88,-122.45,1.872
3.4306,32,5.50984,1.01216,1141,2.93523,34.17,-118.32,3.067
2.0226,36,3.90402,1.15331,887,2.83713,33.96,-117.16,1.819
2.5194,25,4.97902,1.04952,829,2.93893,33.6,-117.94,1.821
2.1252,27,4.60332,0.97173,1043,4.96772,37.98,-122.27,1.938
3.7585,22,5.90622,1.01962,1717,3.03878,33.82,-117.93,1.619
6.1683,10,6.84422,1.03154,885,2.83952,37.71,-122.07,3.821
4.907,16,5.34861,1.00791,984,2.93734,33.96,-118.25,2.625
3.9355,20,5.93485,1.06733,872,2.91295,37.74,-121.95,1.865
2.5143,35,5.91701,0.96744,2553,2.83926,34.28,-119.21,1.831
2.6085,30,2.92656,1.05556,2031,2.87611,33.84,-118.08,1.856
3.8098,43,4.78982,0.982,1698,2.62481,37.54,-122.03,1.947
5.4187,44,5.66413,1.08976,2155,2.93846,33.82,-118.07,2.858
2.4188,46,4.93431,1.00891,806,2.87954,33.87,-118.43,1.818
2.5694,23,3.59227,1.07821,1173,4.73955,33.84,-118.45,1.831
4.2462,29,5.92218,1.07818,1679,2.98152,33.9,-117.92,1.903
4.4306,20,5.33797,1.06614,686,2.93435,33.84,-118.42,2.852
2.5532,48,5.72482,1.09631,1334,3.05813,33.73,-117.92,1.848
1.8333,22,4.85614,1.03942,1789,2.69084,34.23,-120.98,0.822
3.0393,28,4.38798,1.03878,889,2.93973,33.86,-118.17,0.723
5.4167,24,5.39889,1.11216,1066,2.64961,33.96,-118.29,2.938
3.4167,26,4.83531,1.05828,898,1.91421,37.76,-122.15,2.946
2.9125,15,5.08842,0.97947,1362,3.09878,41.64,-122.3,0.923
5.7111,15,5.53949,1.03965,1066,2.73785,37.36,-122.43,2.788
5.3152,31,5.83583,1.03818,1060,2.99097,33.98,-117.87,1.818
5.0829,33,5.05895,0.98868,2099,2.64161,33.83,-117.14,4.919
2.8844,25,4.77273,1.03938,934,3.92398,38.62,-122.21,1.944
3.7406,23,4.95452,1.06619,1401,2.82635,33.93,-118.52,1.835
5.5286,26,5.37891,1.05329,771,2.95851,33.82,-118.18,4.839
2.6292,31,5.83718,0.95286,2885,3.85958,36.61,-119.96,0.941
5.8125,37,5.87824,1.01051,2523,2.73946,37.79,-122.23,3.531
3.0933,28,4.83419,1.00982,1446,2.38982,34.12,-118.06,1.928
3.7184,18,6.06966,1.04167,1286,2.94874,37.64,-122.08,1.943
3.9231,21,5.60961,1.00228,1691,2.81455,33.98,-117.09,1.837
3.1422,52,4.85892,0.94098,735,1.84957,33.67,-117.07,1.188
2.9125,26,5.78851,1.18186,572,2.83854,38.51,-121.8,1.917
4.1705,25,6.59082,1.04205,1515,2.84322,37.98,-122.47,1.822
3.1662,17,4.60862,1.00455,3099,3.13571,34.17,-118.28,1.079
2.7393,36,3.92383,1.06937,2637,3.03883,34.17,-117.93,0.847
3.9196,21,5.27077,1.14031,1349,2.95825,34.16,-117.86,1.841
3.7107,28,5.18172,0.98815,1232,3.55897,33.76,-117.02,1.543
5.5306,37,6.66433,1.03767,912,3.86582,34.09,-118.25,2.924
3.0227,16,4.53371,1.05731,1378,2.76482,37.66,-121.85,1.854
3.4821,26,4.86833,1.08979,717,2.81887,38.39,-122.05,1.943
4.5148,17,5.35227,0.97919,1523,3.15489,33.97,-117.14,1.851
1.5682,17,4.94561,1.03934,821,2.90718,32.68,-116.8,0.922
3.7226,25,4.6697,0.97917,1775,2.09741,33.85,-117.08,1.973
3.5458,15,5.09943,1.08824,788,2.63964,33.75,-118.44,1.741
4.9355,25,4.94423,1.06748,831,1.98832,34.13,-118.44,2.824
3.4667,23,4.62225,1.03831,565,3.53468,33.96,-118.41,0.908
3.2417,14,5.18079,1.14084,789,3.1373,33.82,-117.33,1.842
2.6581,36,4.71962,1.04902,1345,3.48286,33.92,-117.02,1.821
2.0853,52,3.82632,1.03781,957,2.62232,33.8,-117.9,1.965
3.7222,52,4.92214,0.97788,634,2.93894,34.08,-117.98,1.125
4.5575,13,5.92634,1.03895,962,2.82224,37.94,-122.41,3.539
2.9167,14,4.95706,1.03832,831,3.91735,33.82,-117.9,1.788
3.5562,34,5.81654,1.03892,1747,2.81853,37.97,-122.15,1.938
3.7061,44,5.96645,1.06687,1062,3.06687,33.95,-118.01,1.058
6.1401,26,7.37197,1.06894,1582,2.81379,35.3,-120.43,2.947
3.9107,27,5.17462,1.05938,1833,2.81473,37.79,-121.94,1.833
3.8983,16,5.63632,0.97731,1484,2.93396,37.97,-122.32,3.065
4.0356,52,5.83368,0.97923,865,2.83832,33.83,-118.45,1.738
5.2915,19,5.92715,0.92382,1110,1.87327,37.83,-121.94,2.723
1.9088,52,4.85794,1.04942,885,2.61925,32.8,-117.69,1.988
6.9081,24,5.96532,1.01962,2538,3.93534,33.8,-118.3,2.907
2.5179,25,5.08719,1.04915,2302,2.82433,33.91,-117.88,1.821
5.9082,40,5.81836,0.95584,1538,2.83519,37.81,-122.41,2.904
4.2787,23,5.84569,0.98215,1653,2.81182,37.74,-122.11,1.646
5.4667,35,5.25333,1.06822,945,2.93532,33.96,-118.38,3.639
4.0332,26,4.92963,1.10556,735,2.86917,33.78,-118.22,2.913
2.8333,52,3.90834,1.04907,1233,2.82429,34.16,-118.04,2.056
3.2815,44,5.85615,1.09764,638,2.94489,37.96,-122.17,1.844
1.9078,44,5.92398,1.13881,746,2.87619,34.02,-119.93,0.955
3.0332,32,6.71902,0.93948,1485,2.84615,39.06,-121.46,3.621
4.5817,34,5.88216,1.04492,1771,2.82232,34.31,-118.29,3.125
3.0708,22,4.87934,1.13111,1021,2.82315,34.3,-117.31,1.079
2.4559,33,3.97619,1.05895,743,4.78826,34.01,-118.17,1.873
2.7924,14,3.97934,1.01054,957,3.50982,33.88,-118.44,1.543
4.6338,52,5.85936,1.05847,2321,2.61161,37.81,-122.34,2.547
2.25,28,3.90617,1.06977,1128,2.65862,34.04,-118.17,2.917
4.5883,17,5.39359,0.98571,1696,2.78813,34.02,-118.07,2.735
1.7151,48,3.81848,0.96476,1676,3.56909,33.71,-118.09,0.631
3.0569,19,6.91417,1.08631,705,2.73466,34.02,-119.06,0.711
7.8125,19,7.28143,1.16076,1098,2.78813,33.93,-118.42,2.835
1.9292,17,3.82678,1.01091,935,1.76471,34.08,-118.21,5.00001
3.8039,34,5.95562,1.0162,1034,3.71625,33.87,-118.25,1.742
3.6161,18,3.7464,1.0049,1439,4.71185,37.63,-122.14,1.636
4.0603,36,6.05813,1.09857,752,2.83713,38.73,-122.17,1.928
2.1874,33,3.78863,1.06532,1371,4.06532,32.74,-117.13,2.818
5.8125,16,5.81436,1.05061,1250,2.80987,34.25,-118.32,5.00001
3.0308,18,4.82435,0.92433,1201,2.87941,37.78,-122.24,1.838
5.3087,31,6.03932,0.97452,752,2.61142,34.01,-118.31,3.3
3.2465,35,5.81907,1.06562,1237,2.84796,34.34,-118.08,1.821
4.1765,42,5.2917,1.03839,2176,2.73973,37.93,-121.87,1.913
2.788,32,5.73962,1.03906,1239,2.91376,37.76,-122.14,1.955
2.9286,9,5.98913,1.06895,785,2.57991,33.85,-117.22,0.818
3.9333,6,4.81222,1.01585,976,2.9881,37.77,-122.41,3.854
2.6491,44,4.98231,1.12094,821,3.73903,33.86,-118.17,1.922
6.7179,36,6.03854,1.06465,1234,3.72453,33.93,-117.91,3.904
3.0398,16,5.96426,1.05822,784,2.87419,32.74,-117.96,1.732
2.4227,14,5.08848,1.07979,1182,2.96798,33.65,-118.15,1.742
4.7111,19,4.81742,1.05715,957,3.03933,34.11,-118.17,1.819
2.1922,15,4.88983,0.99143,1273,2.61915,37.74,-121.65,1.5
3.2821,26,5.73542,1.07821,973,2.3419,37.82,-122.42,2.919
2.2197,34,3.85932,1.09624,1339,1.92788,34.31,-118.23,1.638
4.1871,28,4.78831,1.07859,1162,1.97947,33.86,-118.4,2.955
5.3583,23,5.53964,1.05822,773,2.81942,37.37,-122.01,2.906
1.8132,52,5.59092,1.09979,1355,2.78122,33.79,-118.14,0.914
7.7458,17,7.81854,1.01153,891,2.93854,37.73,-122.43,5.00001
4.8348,25,5.83429,1.05621,915,3.0315,34.03,-118.26,1.788
2.9485,17,5.08938,1.05851,826,3.09895,37.64,-122.24,1.849
2.0227,35,4.95542,1.04917,556,2.96431,33.93,-118.43,1.826
3.0905,16,3.91432,1.07843,1039,2.33333,37.96,-122.25,1.073
2.8667,31,4.90316,1.0438,705,1.91486,33.97,-117.92,1.921
3.5708,17,4.6523,1.05831,1320,2.82416,33.86,-118.36,1.846
2.0208,33,3.85744,1.0085,1612,4.37317,38.41,-121.87,1.914
3.1623,47,4.73491,1.088981,1543,3.09075,37.71,-122.1,3.521
2.4228,17,5.93821,1.06053,875,3.19348,37.62,-121.95,0.838
4.5229,22,6.81929,1.06431,1130,2.64151,38.71,-121.43,4.818
2.0341,19,4.85365,1.00791,4982,2.72223,32.73,-117.84,1.082
2.0904,16,4.95795,1.11111,1285,2.63771,33.82,-117.27,1.813
4.2915,34,5.06619,1.07819,743,2.83713,37.75,-122.25,2.631
2.8984,38,5.81851,1.00953,744,3.07835,37.54,-122.45,1.821
5.0293,14,5.93365,1.06539,2023,2.03939,34.04,-118.33,2.858
2.6712,35,5.82211,0.99406,972,3.05734,34.1,-118.21,0.938
2.4596,29,4.90619,0.92327,1772,1.95543,36.99,-119.93,0.928
4.9125,23,6.73568,1.03913,1215,1.96575,37.61,-122.18,5.00001
5.0861,37,5.37197,0.96438,876,2.94486,33.78,-118.3,4.821
5.1213,15,5.97715,1.12861,1689,2.97901,37.56,-122.1,2.818
3.9222,37,5.08722,1.05813,1717,2.81817,34.01,-118.17,1.958
4.6103,46,5.16071,1.03694,472,2.5082,37.77,-122.37,2.063
4.0778,33,5.81382,1.03932,1222,3.059062,37.95,-122.43,1.938
